0 verbose cli /usr/local/bin/node /usr/local/bin/npm
1 info using npm@10.5.0
2 info using node@v20.12.2
3 timing npm:load:whichnode Completed in 1ms
4 timing config:load:defaults Completed in 1ms
5 timing config:load:file:/usr/local/lib/node_modules/npm/npmrc Completed in 2ms
6 timing config:load:builtin Completed in 2ms
7 timing config:load:cli Completed in 1ms
8 timing config:load:env Completed in 0ms
9 timing config:load:project Completed in 1ms
10 timing config:load:file:/root/.npmrc Completed in 1ms
11 timing config:load:user Completed in 1ms
12 timing config:load:file:/usr/local/etc/npmrc Completed in 0ms
13 timing config:load:global Completed in 0ms
14 timing config:load:setEnvs Completed in 1ms
15 timing config:load Completed in 7ms
16 timing npm:load:configload Completed in 7ms
17 timing config:load:flatten Completed in 1ms
18 timing npm:load:mkdirpcache Completed in 1ms
19 timing npm:load:mkdirplogs Completed in 0ms
20 verbose title npm install
21 verbose argv "install"
22 timing npm:load:setTitle Completed in 0ms
23 timing npm:load:display Completed in 0ms
24 verbose logfile logs-max:10 dir:/root/.npm/_logs/2026-03-04T00_00_18_794Z-
25 verbose logfile /root/.npm/_logs/2026-03-04T00_00_18_794Z-debug-0.log
26 timing npm:load:logFile Completed in 6ms
27 timing npm:load:timers Completed in 0ms
28 timing npm:load:configScope Completed in 1ms
29 timing npm:load Completed in 33ms
30 timing arborist:ctor Completed in 0ms
31 silly logfile done cleaning log files
32 timing idealTree:init Completed in 421ms
33 timing idealTree:userRequests Completed in 0ms
34 silly idealTree buildDeps
35 timing idealTree:#root Completed in 0ms
36 timing idealTree:buildDeps Completed in 2ms
37 timing idealTree:fixDepFlags Completed in 0ms
38 timing idealTree Completed in 431ms
39 timing reify:loadTrees Completed in 448ms
40 timing reify:diffTrees Completed in 7ms
41 silly reify moves {}
42 timing reify:retireShallow Completed in 2ms
43 http fetch GET 200 https://registry.npmjs.org/npm 604ms
44 timing reify:createSparse Completed in 144ms
45 timing reify:loadBundles Completed in 0ms
46 silly audit bulk request {
46 silly audit   '@aashutoshrathi/word-wrap': [ '1.2.6' ],
46 silly audit   '@ampproject/remapping': [ '2.3.0' ],
46 silly audit   '@babel/code-frame': [ '7.24.2' ],
46 silly audit   '@babel/compat-data': [ '7.24.4' ],
46 silly audit   '@babel/core': [ '7.24.4' ],
46 silly audit   semver: [ '6.3.1', '7.6.0' ],
46 silly audit   '@babel/generator': [ '7.24.4' ],
46 silly audit   '@babel/helper-compilation-targets': [ '7.23.6' ],
46 silly audit   '@babel/helper-environment-visitor': [ '7.22.20' ],
46 silly audit   '@babel/helper-function-name': [ '7.23.0' ],
46 silly audit   '@babel/helper-hoist-variables': [ '7.22.5' ],
46 silly audit   '@babel/helper-module-imports': [ '7.24.3' ],
46 silly audit   '@babel/helper-module-transforms': [ '7.23.3' ],
46 silly audit   '@babel/helper-plugin-utils': [ '7.24.0' ],
46 silly audit   '@babel/helper-simple-access': [ '7.22.5' ],
46 silly audit   '@babel/helper-split-export-declaration': [ '7.22.6' ],
46 silly audit   '@babel/helper-string-parser': [ '7.24.1' ],
46 silly audit   '@babel/helper-validator-identifier': [ '7.22.20' ],
46 silly audit   '@babel/helper-validator-option': [ '7.23.5' ],
46 silly audit   '@babel/helpers': [ '7.24.4' ],
46 silly audit   '@babel/highlight': [ '7.24.2' ],
46 silly audit   'ansi-styles': [ '3.2.1', '4.3.0', '5.2.0', '6.1.0' ],
46 silly audit   chalk: [ '2.4.2', '5.0.1', '4.1.2', '5.3.0' ],
46 silly audit   'color-convert': [ '1.9.3', '2.0.1' ],
46 silly audit   'color-name': [ '1.1.3', '1.1.4' ],
46 silly audit   'has-flag': [ '3.0.0', '4.0.0' ],
46 silly audit   'supports-color': [ '5.5.0', '8.1.1', '7.2.0' ],
46 silly audit   '@babel/parser': [ '7.24.4' ],
46 silly audit   '@babel/plugin-syntax-async-generators': [ '7.8.4' ],
46 silly audit   '@babel/plugin-syntax-bigint': [ '7.8.3' ],
46 silly audit   '@babel/plugin-syntax-class-properties': [ '7.12.13' ],
46 silly audit   '@babel/plugin-syntax-import-meta': [ '7.10.4' ],
46 silly audit   '@babel/plugin-syntax-json-strings': [ '7.8.3' ],
46 silly audit   '@babel/plugin-syntax-jsx': [ '7.24.1' ],
46 silly audit   '@babel/plugin-syntax-logical-assignment-operators': [ '7.10.4' ],
46 silly audit   '@babel/plugin-syntax-nullish-coalescing-operator': [ '7.8.3' ],
46 silly audit   '@babel/plugin-syntax-numeric-separator': [ '7.10.4' ],
46 silly audit   '@babel/plugin-syntax-object-rest-spread': [ '7.8.3' ],
46 silly audit   '@babel/plugin-syntax-optional-catch-binding': [ '7.8.3' ],
46 silly audit   '@babel/plugin-syntax-optional-chaining': [ '7.8.3' ],
46 silly audit   '@babel/plugin-syntax-top-level-await': [ '7.14.5' ],
46 silly audit   '@babel/plugin-syntax-typescript': [ '7.24.1' ],
46 silly audit   '@babel/runtime': [ '7.24.4' ],
46 silly audit   '@babel/template': [ '7.24.0' ],
46 silly audit   '@babel/traverse': [ '7.24.1' ],
46 silly audit   globals: [ '11.12.0', '14.0.0', '13.24.0', '15.0.0' ],
46 silly audit   '@babel/types': [ '7.24.0' ],
46 silly audit   '@bcoe/v8-coverage': [ '0.2.3' ],
46 silly audit   '@colors/colors': [ '1.5.0' ],
46 silly audit   '@discoveryjs/json-ext': [ '0.5.7' ],
46 silly audit   '@eslint-community/eslint-utils': [ '4.4.0' ],
46 silly audit   '@eslint-community/regexpp': [ '4.10.0' ],
46 silly audit   '@eslint/eslintrc': [ '3.0.2', '2.1.4' ],
46 silly audit   '@eslint/js': [ '9.1.1', '8.57.0' ],
46 silly audit   '@fastify/accept-negotiator': [ '1.0.0' ],
46 silly audit   '@fastify/ajv-compiler': [ '3.5.0' ],
46 silly audit   ajv: [ '8.12.0', '6.12.6', '8.11.0' ],
46 silly audit   'json-schema-traverse': [ '1.0.0', '0.4.1' ],
46 silly audit   '@fastify/cookie': [ '9.3.1' ],
46 silly audit   'fastify-plugin': [ '4.5.1', '4.2.0', '2.3.4', '3.0.1' ],
46 silly audit   '@fastify/deepmerge': [ '1.3.0' ],
46 silly audit   '@fastify/error': [ '3.4.1' ],
46 silly audit   '@fastify/fast-json-stringify-compiler': [ '4.3.0' ],
46 silly audit   '@fastify/flash': [ '5.1.0' ],
46 silly audit   '@fastify/formbody': [ '7.4.0' ],
46 silly audit   '@fastify/merge-json-schemas': [ '0.1.1' ],
46 silly audit   '@fastify/secure-session': [ '7.5.1' ],
46 silly audit   '@fastify/send': [ '2.1.0' ],
46 silly audit   '@fastify/sensible': [ '5.5.0' ],
46 silly audit   '@fastify/static': [ '7.0.3' ],
46 silly audit   '@fastify/view': [ '9.0.0' ],
46 silly audit   '@gar/promisify': [ '1.1.3' ],
46 silly audit   '@humanwhocodes/config-array': [ '0.11.14' ],
46 silly audit   '@humanwhocodes/module-importer': [ '1.0.1' ],
46 silly audit   '@humanwhocodes/object-schema': [ '2.0.3' ],
46 silly audit   '@isaacs/cliui': [ '8.0.2' ],
46 silly audit   'ansi-regex': [ '6.0.1', '5.0.1' ],
46 silly audit   'emoji-regex': [ '9.2.2', '8.0.0' ],
46 silly audit   'string-width': [ '5.1.2', '4.2.3' ],
46 silly audit   'strip-ansi': [ '7.1.0', '7.0.1', '6.0.1' ],
46 silly audit   '@istanbuljs/load-nyc-config': [ '1.1.0' ],
46 silly audit   argparse: [ '1.0.10', '2.0.1' ],
46 silly audit   'find-up': [ '4.1.0', '5.0.0', '3.0.0' ],
46 silly audit   'js-yaml': [ '3.14.1', '4.1.0' ],
46 silly audit   'locate-path': [ '5.0.0', '6.0.0', '3.0.0' ],
46 silly audit   'p-limit': [ '2.3.0', '3.1.0' ],
46 silly audit   'p-locate': [ '4.1.0', '5.0.0', '3.0.0' ],
46 silly audit   '@istanbuljs/schema': [ '0.1.3' ],
46 silly audit   '@jest/console': [ '29.7.0' ],
46 silly audit   '@jest/core': [ '29.7.0' ],
46 silly audit   '@jest/environment': [ '29.7.0' ],
46 silly audit   '@jest/expect': [ '29.7.0' ],
46 silly audit   '@jest/expect-utils': [ '29.7.0' ],
46 silly audit   '@jest/fake-timers': [ '29.7.0' ],
46 silly audit   '@jest/globals': [ '29.7.0' ],
46 silly audit   '@jest/reporters': [ '29.7.0' ],
46 silly audit   glob: [ '7.2.3', '10.3.12', '8.1.0' ],
46 silly audit   '@jest/schemas': [ '29.6.3' ],
46 silly audit   '@jest/source-map': [ '29.6.3' ],
46 silly audit   '@jest/test-result': [ '29.7.0' ],
46 silly audit   '@jest/test-sequencer': [ '29.7.0' ],
46 silly audit   '@jest/transform': [ '29.7.0' ],
46 silly audit   '@jest/types': [ '29.6.3' ],
46 silly audit   '@jridgewell/gen-mapping': [ '0.3.5' ],
46 silly audit   '@jridgewell/resolve-uri': [ '3.1.2' ],
46 silly audit   '@jridgewell/set-array': [ '1.2.1' ],
46 silly audit   '@jridgewell/source-map': [ '0.3.6' ],
46 silly audit   '@jridgewell/sourcemap-codec': [ '1.4.15' ],
46 silly audit   '@jridgewell/trace-mapping': [ '0.3.25' ],
46 silly audit   '@lukeed/ms': [ '2.0.2' ],
46 silly audit   '@nodelib/fs.scandir': [ '2.1.5' ],
46 silly audit   '@nodelib/fs.stat': [ '2.0.5' ],
46 silly audit   '@nodelib/fs.walk': [ '1.2.8' ],
46 silly audit   '@npmcli/fs': [ '3.1.0', '2.1.2', '1.1.1' ],
46 silly audit   '@npmcli/git': [ '4.1.0' ],
46 silly audit   'lru-cache': [ '7.18.3', '5.1.1', '10.2.0', '6.0.0' ],
46 silly audit   which: [ '3.0.1', '2.0.2' ],
46 silly audit   '@npmcli/installed-package-contents': [ '2.0.2' ],
46 silly audit   '@npmcli/move-file': [ '2.0.1', '1.1.2' ],
46 silly audit   '@npmcli/node-gyp': [ '3.0.0' ],
46 silly audit   '@npmcli/promise-spawn': [ '6.0.2' ],
46 silly audit   '@npmcli/run-script': [ '6.0.2' ],
46 silly audit   '@one-ini/wasm': [ '0.1.1' ],
46 silly audit   '@pkgjs/parseargs': [ '0.11.0' ],
46 silly audit   '@pnpm/network.ca-file': [ '1.0.1' ],
46 silly audit   '@pnpm/npm-conf': [ '1.0.5' ],
46 silly audit   '@popperjs/core': [ '2.11.8' ],
46 silly audit   '@rails/ujs': [ '7.1.3-2' ],
46 silly audit   '@sigstore/bundle': [ '1.1.0' ],
46 silly audit   '@sigstore/protobuf-specs': [ '0.2.1' ],
46 silly audit   '@sigstore/sign': [ '1.0.0' ],
46 silly audit   '@sigstore/tuf': [ '1.0.3' ],
46 silly audit   '@sinclair/typebox': [ '0.27.8' ],
46 silly audit   '@sindresorhus/is': [ '5.3.0' ],
46 silly audit   '@sinonjs/commons': [ '3.0.1' ],
46 silly audit   '@sinonjs/fake-timers': [ '10.3.0' ],
46 silly audit   '@szmarczak/http-timer': [ '5.0.1' ],
46 silly audit   '@tootallnate/once': [ '2.0.0', '1.1.2' ],
46 silly audit   '@tufjs/canonical-json': [ '1.0.0' ],
46 silly audit   '@tufjs/models': [ '1.0.4' ],
46 silly audit   'brace-expansion': [ '2.0.1', '1.1.11' ],
46 silly audit   minimatch: [ '9.0.4', '9.0.1', '5.1.6', '3.1.2' ],
46 silly audit   '@types/babel__core': [ '7.20.5' ],
46 silly audit   '@types/babel__generator': [ '7.6.8' ],
46 silly audit   '@types/babel__template': [ '7.4.4' ],
46 silly audit   '@types/babel__traverse': [ '7.20.5' ],
46 silly audit   '@types/cacheable-request': [ '6.0.2' ],
46 silly audit   '@types/debug': [ '4.1.12' ],
46 silly audit   '@types/eslint': [ '8.4.6' ],
46 silly audit   '@types/eslint-scope': [ '3.7.4' ],
46 silly audit   '@types/estree': [ '1.0.5' ],
46 silly audit   '@types/graceful-fs': [ '4.1.9' ],
46 silly audit   '@types/http-cache-semantics': [ '4.0.1' ],
46 silly audit   '@types/istanbul-lib-coverage': [ '2.0.6' ],
46 silly audit   '@types/istanbul-lib-report': [ '3.0.3' ],
46 silly audit   '@types/istanbul-reports': [ '3.0.4' ],
46 silly audit   '@types/jest': [ '29.5.12' ],
46 silly audit   '@types/json-schema': [ '7.0.11' ],
46 silly audit   '@types/json5': [ '0.0.29' ],
46 silly audit   '@types/keyv': [ '3.1.4' ],
46 silly audit   '@types/ms': [ '0.7.34' ],
46 silly audit   '@types/node': [ '20.12.7' ],
46 silly audit   '@types/responselike': [ '1.0.0' ],
46 silly audit   '@types/semver-utils': [ '1.1.3' ],
46 silly audit   '@types/stack-trace': [ '0.0.29' ],
46 silly audit   '@types/stack-utils': [ '2.0.3' ],
46 silly audit   '@types/validator': [ '13.11.9' ],
46 silly audit   '@types/yargs': [ '17.0.32' ],
46 silly audit   '@types/yargs-parser': [ '21.0.3' ],
46 silly audit   '@ungap/structured-clone': [ '1.2.0' ],
46 silly audit   '@vscode/sqlite3': [ '5.1.2' ],
46 silly audit   '@webassemblyjs/ast': [ '1.12.1' ],
46 silly audit   '@webassemblyjs/floating-point-hex-parser': [ '1.11.6' ],
46 silly audit   '@webassemblyjs/helper-api-error': [ '1.11.6' ],
46 silly audit   '@webassemblyjs/helper-buffer': [ '1.12.1' ],
46 silly audit   '@webassemblyjs/helper-numbers': [ '1.11.6' ],
46 silly audit   '@webassemblyjs/helper-wasm-bytecode': [ '1.11.6' ],
46 silly audit   '@webassemblyjs/helper-wasm-section': [ '1.12.1' ],
46 silly audit   '@webassemblyjs/ieee754': [ '1.11.6' ],
46 silly audit   '@webassemblyjs/leb128': [ '1.11.6' ],
46 silly audit   '@webassemblyjs/utf8': [ '1.11.6' ],
46 silly audit   '@webassemblyjs/wasm-edit': [ '1.12.1' ],
46 silly audit   '@webassemblyjs/wasm-gen': [ '1.12.1' ],
46 silly audit   '@webassemblyjs/wasm-opt': [ '1.12.1' ],
46 silly audit   '@webassemblyjs/wasm-parser': [ '1.12.1' ],
46 silly audit   '@webassemblyjs/wast-printer': [ '1.12.1' ],
46 silly audit   '@webpack-cli/configtest': [ '2.1.1' ],
46 silly audit   '@webpack-cli/info': [ '2.0.2' ],
46 silly audit   '@webpack-cli/serve': [ '2.0.5' ],
46 silly audit   '@xtuc/ieee754': [ '1.2.0' ],
46 silly audit   '@xtuc/long': [ '4.2.2' ],
46 silly audit   abbrev: [ '1.1.1', '2.0.0' ],
46 silly audit   'abort-controller': [ '3.0.0' ],
46 silly audit   'abstract-logging': [ '2.0.1' ],
46 silly audit   acorn: [ '8.11.3', '7.4.1' ],
46 silly audit   'acorn-import-assertions': [ '1.9.0' ],
46 silly audit   'acorn-jsx': [ '5.3.2' ],
46 silly audit   'agent-base': [ '6.0.2' ],
46 silly audit   agentkeepalive: [ '4.2.1' ],
46 silly audit   depd: [ '1.1.2', '2.0.0' ],
46 silly audit   'aggregate-error': [ '3.1.0' ],
46 silly audit   'ajv-formats': [ '2.1.1', '3.0.1' ],
46 silly audit   'ajv-keywords': [ '3.5.2', '5.1.0' ],
46 silly audit   'ansi-align': [ '3.0.1' ],
46 silly audit   'ansi-escapes': [ '4.3.2' ],
46 silly audit   'type-fest': [ '0.21.3', '2.19.0', '1.4.0', '0.20.2' ],
46 silly audit   anymatch: [ '3.1.2' ],
46 silly audit   aproba: [ '2.0.0' ],
46 silly audit   archy: [ '1.0.0' ],
46 silly audit   'are-we-there-yet': [ '3.0.1' ],
46 silly audit   'array-buffer-byte-length': [ '1.0.1' ],
46 silly audit   'array-includes': [ '3.1.8' ],
46 silly audit   'array-union': [ '2.1.0' ],
46 silly audit   'array.prototype.findlastindex': [ '1.2.5' ],
46 silly audit   'array.prototype.flat': [ '1.3.2' ],
46 silly audit   'array.prototype.flatmap': [ '1.3.2' ],
46 silly audit   'arraybuffer.prototype.slice': [ '1.0.3' ],
46 silly audit   asap: [ '2.0.6' ],
46 silly audit   'assert-never': [ '1.2.1' ],
46 silly audit   'at-least-node': [ '1.0.0' ],
46 silly audit   'atomic-sleep': [ '1.0.0' ],
46 silly audit   'available-typed-arrays': [ '1.0.7' ],
46 silly audit   avvio: [ '8.3.0' ],
46 silly audit   'babel-jest': [ '29.7.0' ],
46 silly audit   'babel-plugin-istanbul': [ '6.1.1' ],
46 silly audit   'istanbul-lib-instrument': [ '5.2.1', '6.0.2' ],
46 silly audit   'babel-plugin-jest-hoist': [ '29.6.3' ],
46 silly audit   'babel-preset-current-node-syntax': [ '1.0.1' ],
46 silly audit   'babel-preset-jest': [ '29.6.3' ],
46 silly audit   'babel-walk': [ '3.0.0-canary-5' ],
46 silly audit   'balanced-match': [ '1.0.2' ],
46 silly audit   'base64-js': [ '1.5.1' ],
46 silly audit   'better-sqlite3': [ '8.7.0' ],
46 silly audit   'binary-extensions': [ '2.2.0' ],
46 silly audit   bindings: [ '1.5.0' ],
46 silly audit   bl: [ '4.1.0' ],
46 silly audit   bluebird: [ '3.7.2' ],
46 silly audit   bootstrap: [ '5.3.3' ],
46 silly audit   boxen: [ '7.0.0' ],
46 silly audit   camelcase: [ '7.0.0', '5.3.1', '6.3.0' ],
46 silly audit   braces: [ '3.0.2' ],
46 silly audit   browserslist: [ '4.23.0' ],
46 silly audit   bser: [ '2.1.1' ],
46 silly audit   buffer: [ '5.7.1', '6.0.3' ],
46 silly audit   'buffer-from': [ '1.1.2' ],
46 silly audit   builtins: [ '5.1.0' ],
46 silly audit   cacache: [ '17.1.4', '16.1.3', '15.3.0' ],
46 silly audit   'fs-minipass': [ '3.0.3', '2.1.0' ],
46 silly audit   minipass: [ '7.0.4', '5.0.0', '3.3.4' ],
46 silly audit   'unique-filename': [ '3.0.0', '2.0.1', '1.1.1' ],
46 silly audit   'unique-slug': [ '4.0.0', '3.0.0', '2.0.2' ],
46 silly audit   'cacheable-lookup': [ '6.1.0' ],
46 silly audit   'cacheable-request': [ '7.0.2' ],
46 silly audit   'get-stream': [ '5.2.0', '6.0.1' ],
46 silly audit   'lowercase-keys': [ '2.0.0', '3.0.0' ],
46 silly audit   'call-bind': [ '1.0.7' ],
46 silly audit   callsites: [ '3.1.0' ],
46 silly audit   'caniuse-lite': [ '1.0.30001612' ],
46 silly audit   'char-regex': [ '1.0.2' ],
46 silly audit   'character-parser': [ '2.2.0' ],
46 silly audit   chokidar: [ '3.5.3' ],
46 silly audit   'glob-parent': [ '5.1.2', '6.0.2' ],
46 silly audit   chownr: [ '2.0.0', '1.1.4' ],
46 silly audit   'chrome-trace-event': [ '1.0.3' ],
46 silly audit   'ci-info': [ '3.3.2' ],
46 silly audit   'cjs-module-lexer': [ '1.2.3' ],
46 silly audit   'clean-stack': [ '2.2.0' ],
46 silly audit   'cli-boxes': [ '3.0.0' ],
46 silly audit   'cli-color': [ '2.0.4' ],
46 silly audit   'cli-table3': [ '0.6.4' ],
46 silly audit   cliui: [ '8.0.1', '7.0.4' ],
46 silly audit   'wrap-ansi': [ '7.0.0', '8.1.0' ],
46 silly audit   'clone-deep': [ '4.0.1' ],
46 silly audit   'clone-response': [ '1.0.3' ],
46 silly audit   'close-with-grace': [ '1.1.0' ],
46 silly audit   co: [ '4.6.0' ],
46 silly audit   'collect-v8-coverage': [ '1.0.2' ],
46 silly audit   'color-support': [ '1.1.3' ],
46 silly audit   colorette: [ '2.0.19' ],
46 silly audit   commander: [ '10.0.1', '2.20.3' ],
46 silly audit   commist: [ '3.0.0' ],
46 silly audit   'concat-map': [ '0.0.1' ],
46 silly audit   concurrently: [ '8.2.2' ],
46 silly audit   'config-chain': [ '1.1.13' ],
46 silly audit   ini: [ '1.3.8', '2.0.0', '4.1.2' ],
46 silly audit   configstore: [ '6.0.0' ],
46 silly audit   'write-file-atomic': [ '3.0.3', '4.0.2' ],
46 silly audit   'confusing-browser-globals': [ '1.0.11' ],
46 silly audit   'console-control-strings': [ '1.1.0' ],
46 silly audit   constantinople: [ '4.0.1' ],
46 silly audit   'content-disposition': [ '0.5.4' ],
46 silly audit   'convert-source-map': [ '2.0.0' ],
46 silly audit   cookie: [ '0.6.0', '0.4.2' ],
46 silly audit   'cookie-signature': [ '1.2.1' ],
46 silly audit   'create-jest': [ '29.7.0' ],
46 silly audit   'cross-spawn': [ '7.0.3' ],
46 silly audit   'crypto-random-string': [ '4.0.0' ],
46 silly audit   'css-loader': [ '7.1.1' ],
46 silly audit   cssesc: [ '3.0.0' ],
46 silly audit   d: [ '1.0.2' ],
46 silly audit   'data-view-buffer': [ '1.0.1' ],
46 silly audit   'data-view-byte-length': [ '1.0.1' ],
46 silly audit   'data-view-byte-offset': [ '1.0.0' ],
46 silly audit   'date-fns': [ '2.30.0' ],
46 silly audit   dateformat: [ '4.6.3' ],
46 silly audit   'db-errors': [ '0.2.3' ],
46 silly audit   debug: [ '4.3.4', '3.2.7' ],
46 silly audit   ms: [ '2.1.2', '2.1.3' ],
46 silly audit   'decompress-response': [ '6.0.0' ],
46 silly audit   'mimic-response': [ '3.1.0', '1.0.1' ],
46 silly audit   dedent: [ '1.5.3' ],
46 silly audit   'deep-extend': [ '0.6.0' ],
46 silly audit   'deep-is': [ '0.1.4' ],
46 silly audit   deepmerge: [ '4.3.1' ],
46 silly audit   'defer-to-connect': [ '2.0.1' ],
46 silly audit   'define-data-property': [ '1.1.4' ],
46 silly audit   'define-properties': [ '1.2.1' ],
46 silly audit   delegates: [ '1.0.0' ],
46 silly audit   'detect-libc': [ '2.0.3' ],
46 silly audit   'detect-newline': [ '3.1.0' ],
46 silly audit   'diff-sequences': [ '29.6.3' ],
46 silly audit   'dir-glob': [ '3.0.1' ],
46 silly audit   doctrine: [ '3.0.0', '2.1.0' ],
46 silly audit   doctypes: [ '1.1.0' ],
46 silly audit   'dot-prop': [ '6.0.1' ],
46 silly audit   dotenv: [ '16.4.5' ],
46 silly audit   dottie: [ '2.0.6' ],
46 silly audit   eastasianwidth: [ '0.2.0' ],
46 silly audit   editorconfig: [ '1.0.4' ],
46 silly audit   'electron-to-chromium': [ '1.4.746' ],
46 silly audit   emittery: [ '0.13.1' ],
46 silly audit   encoding: [ '0.1.13' ],
46 silly audit   'end-of-stream': [ '1.4.4' ],
46 silly audit   'enhanced-resolve': [ '5.16.0' ],
46 silly audit   entities: [ '3.0.1' ],
46 silly audit   'env-paths': [ '2.2.1' ],
46 silly audit   envinfo: [ '7.12.0' ],
46 silly audit   'err-code': [ '2.0.3' ],
46 silly audit   'error-ex': [ '1.3.2' ],
46 silly audit   'es-abstract': [ '1.23.3' ],
46 silly audit   'es-define-property': [ '1.0.0' ],
46 silly audit   'es-errors': [ '1.3.0' ],
46 silly audit   'es-module-lexer': [ '1.5.0' ],
46 silly audit   'es-object-atoms': [ '1.0.0' ],
46 silly audit   'es-set-tostringtag': [ '2.0.3' ],
46 silly audit   'es-shim-unscopables': [ '1.0.2' ],
46 silly audit   'es-to-primitive': [ '1.2.1' ],
46 silly audit   'es5-ext': [ '0.10.64' ],
46 silly audit   'es6-iterator': [ '2.0.3' ],
46 silly audit   'es6-symbol': [ '3.1.4' ],
46 silly audit   'es6-weak-map': [ '2.0.3' ],
46 silly audit   escalade: [ '3.1.1' ],
46 silly audit   'escape-goat': [ '4.0.0' ],
46 silly audit   'escape-html': [ '1.0.3' ],
46 silly audit   'escape-string-regexp': [ '1.0.5', '4.0.0', '2.0.0' ],
46 silly audit   eslint: [ '8.57.0' ],
46 silly audit   'eslint-config-airbnb-base': [ '15.0.0' ],
46 silly audit   'eslint-import-resolver-node': [ '0.3.9' ],
46 silly audit   'eslint-module-utils': [ '2.8.1' ],
46 silly audit   'eslint-plugin-import': [ '2.29.1' ],
46 silly audit   'eslint-scope': [ '7.2.2', '5.1.1' ],
46 silly audit   'eslint-visitor-keys': [ '3.4.3', '4.0.0' ],
46 silly audit   espree: [ '9.6.1', '10.0.1' ],
46 silly audit   esm: [ '3.2.25' ],
46 silly audit   esniff: [ '2.0.1' ],
46 silly audit   esprima: [ '4.0.1' ],
46 silly audit   esquery: [ '1.5.0' ],
46 silly audit   esrecurse: [ '4.3.0' ],
46 silly audit   estraverse: [ '5.3.0', '4.3.0' ],
46 silly audit   esutils: [ '2.0.3' ],
46 silly audit   'event-emitter': [ '0.3.5' ],
46 silly audit   'event-target-shim': [ '5.0.1' ],
46 silly audit   events: [ '3.3.0' ],
46 silly audit   execa: [ '5.1.1' ],
46 silly audit   exit: [ '0.1.2' ],
46 silly audit   'expand-template': [ '2.0.3' ],
46 silly audit   expect: [ '29.7.0' ],
46 silly audit   'exponential-backoff': [ '3.1.1' ],
46 silly audit   ext: [ '1.7.0' ],
46 silly audit   'fast-content-type-parse': [ '1.1.0' ],
46 silly audit   'fast-copy': [ '3.0.2' ],
46 silly audit   'fast-decode-uri-component': [ '1.0.1' ],
46 silly audit   'fast-deep-equal': [ '3.1.3' ],
46 silly audit   'fast-glob': [ '3.2.11' ],
46 silly audit   'fast-json-stable-stringify': [ '2.1.0' ],
46 silly audit   'fast-json-stringify': [ '5.14.1' ],
46 silly audit   'fast-levenshtein': [ '2.0.6' ],
46 silly audit   'fast-memoize': [ '2.5.2' ],
46 silly audit   'fast-querystring': [ '1.0.0' ],
46 silly audit   'fast-redact': [ '3.5.0' ],
46 silly audit   'fast-safe-stringify': [ '2.1.1' ],
46 silly audit   'fast-uri': [ '2.3.0' ],
46 silly audit   'fastest-levenshtein': [ '1.0.16' ],
46 silly audit   fastify: [ '4.26.2' ],
46 silly audit   'fastify-cli': [ '6.1.1' ],
46 silly audit   'pino-pretty': [ '10.3.1', '11.0.0' ],
46 silly audit   'help-me': [ '5.0.0', '4.2.0' ],
46 silly audit   'readable-stream': [ '4.5.2', '3.6.2' ],
46 silly audit   'fastify-error-page': [ '4.0.0' ],
46 silly audit   'fastify-method-override': [ '1.5.10' ],
46 silly audit   'fastify-objectionjs': [ '2.0.1' ],
46 silly audit   knex: [ '2.5.1', '3.1.0' ],
46 silly audit   'pg-connection-string': [ '2.6.1', '2.6.2', '2.6.4' ],
46 silly audit   'fastify-reverse-routes': [ '3.0.0' ],
46 silly audit   fastq: [ '1.17.1' ],
46 silly audit   'fb-watchman': [ '2.0.2' ],
46 silly audit   'file-entry-cache': [ '6.0.1' ],
46 silly audit   'file-uri-to-path': [ '1.0.0' ],
46 silly audit   'fill-range': [ '7.0.1' ],
46 silly audit   'find-my-way': [ '8.1.0' ],
46 silly audit   'flat-cache': [ '3.2.0' ],
46 silly audit   flatted: [ '3.3.1' ],
46 silly audit   'for-each': [ '0.3.3' ],
46 silly audit   'foreground-child': [ '3.1.1' ],
46 silly audit   'signal-exit': [ '4.1.0', '3.0.7' ],
46 silly audit   'form-data-encoder': [ '2.1.0' ],
46 silly audit   forwarded: [ '0.2.0' ],
46 silly audit   'fp-and-or': [ '0.1.4' ],
46 silly audit   'fs-constants': [ '1.0.0' ],
46 silly audit   'fs-extra': [ '9.1.0' ],
46 silly audit   'fs.realpath': [ '1.0.0' ],
46 silly audit   fsevents: [ '2.3.2' ],
46 silly audit   'function-bind': [ '1.1.2' ],
46 silly audit   'function.prototype.name': [ '1.1.6' ],
46 silly audit   'functions-have-names': [ '1.2.3' ],
46 silly audit   gauge: [ '4.0.4' ],
46 silly audit   generify: [ '4.2.0' ],
46 silly audit   gensync: [ '1.0.0-beta.2' ],
46 silly audit   'get-caller-file': [ '2.0.5' ],
46 silly audit   'get-intrinsic': [ '1.2.4' ],
46 silly audit   'get-package-type': [ '0.1.0' ],
46 silly audit   'get-stdin': [ '8.0.0' ],
46 silly audit   'get-symbol-description': [ '1.0.2' ],
46 silly audit   getopts: [ '2.3.0' ],
46 silly audit   'github-from-package': [ '0.0.0' ],
46 silly audit   'glob-to-regexp': [ '0.4.1' ],
46 silly audit   'global-dirs': [ '3.0.0' ],
46 silly audit   globalthis: [ '1.0.3' ],
46 silly audit   globby: [ '11.1.0' ],
46 silly audit   gopd: [ '1.0.1' ],
46 silly audit   got: [ '12.3.1' ],
46 silly audit   'graceful-fs': [ '4.2.10', '4.2.11' ],
46 silly audit   graphemer: [ '1.4.0' ],
46 silly audit   'has-bigints': [ '1.0.2' ],
46 silly audit   'has-property-descriptors': [ '1.0.2' ],
46 silly audit   'has-proto': [ '1.0.3' ],
46 silly audit   'has-symbols': [ '1.0.3' ],
46 silly audit   'has-tostringtag': [ '1.0.2' ],
46 silly audit   'has-unicode': [ '2.0.1' ],
46 silly audit   'has-yarn': [ '3.0.0' ],
46 silly audit   hashlru: [ '2.3.0' ],
46 silly audit   hasown: [ '2.0.2' ],
46 silly audit   'hosted-git-info': [ '5.2.1', '6.1.1' ],
46 silly audit   'html-escaper': [ '2.0.2' ],
46 silly audit   'http-cache-semantics': [ '4.1.1' ],
46 silly audit   'http-errors': [ '2.0.0' ],
46 silly audit   'http-proxy-agent': [ '5.0.0', '4.0.1' ],
46 silly audit   'http2-wrapper': [ '2.1.11' ],
46 silly audit   'https-proxy-agent': [ '5.0.1' ],
46 silly audit   'human-signals': [ '2.1.0' ],
46 silly audit   'humanize-ms': [ '1.2.1' ],
46 silly audit   i18next: [ '23.11.2' ],
46 silly audit   'iconv-lite': [ '0.6.3' ],
46 silly audit   'icss-utils': [ '5.1.0' ],
46 silly audit   ieee754: [ '1.2.1' ],
46 silly audit   ignore: [ '5.2.0' ],
46 silly audit   'ignore-walk': [ '6.0.4' ],
46 silly audit   'import-fresh': [ '3.3.0' ],
46 silly audit   'resolve-from': [ '4.0.0', '5.0.0' ],
46 silly audit   'import-lazy': [ '4.0.0' ],
46 silly audit   'import-local': [ '3.1.0' ],
46 silly audit   imurmurhash: [ '0.1.4' ],
46 silly audit   'indent-string': [ '4.0.0' ],
46 silly audit   'infer-owner': [ '1.0.4' ],
46 silly audit   inflection: [ '1.13.4' ],
46 silly audit   inflight: [ '1.0.6' ],
46 silly audit   inherits: [ '2.0.4' ],
46 silly audit   'internal-slot': [ '1.0.7' ],
46 silly audit   interpret: [ '2.2.0', '3.1.1' ],
46 silly audit   ip: [ '2.0.0' ],
46 silly audit   'ipaddr.js': [ '1.9.1' ],
46 silly audit   'is-array-buffer': [ '3.0.4' ],
46 silly audit   'is-arrayish': [ '0.2.1' ],
46 silly audit   'is-bigint': [ '1.0.4' ],
46 silly audit   'is-binary-path': [ '2.1.0' ],
46 silly audit   'is-boolean-object': [ '1.1.2' ],
46 silly audit   'is-callable': [ '1.2.7' ],
46 silly audit   'is-ci': [ '3.0.1' ],
46 silly audit   'is-core-module': [ '2.13.1' ],
46 silly audit   'is-data-view': [ '1.0.1' ],
46 silly audit   'is-date-object': [ '1.0.5' ],
46 silly audit   'is-docker': [ '2.2.1' ],
46 silly audit   'is-expression': [ '4.0.0' ],
46 silly audit   'is-extglob': [ '2.1.1' ],
46 silly audit   'is-fullwidth-code-point': [ '3.0.0' ],
46 silly audit   'is-generator-fn': [ '2.1.0' ],
46 silly audit   'is-glob': [ '4.0.3' ],
46 silly audit   'is-installed-globally': [ '0.4.0' ],
46 silly audit   'is-lambda': [ '1.0.1' ],
46 silly audit   'is-negative-zero': [ '2.0.3' ],
46 silly audit   'is-npm': [ '6.0.0' ],
46 silly audit   'is-number': [ '7.0.0' ],
46 silly audit   'is-number-object': [ '1.0.7' ],
46 silly audit   'is-obj': [ '2.0.0' ],
46 silly audit   'is-path-inside': [ '3.0.3' ],
46 silly audit   'is-plain-object': [ '2.0.4' ],
46 silly audit   'is-promise': [ '2.2.2' ],
46 silly audit   'is-regex': [ '1.1.4' ],
46 silly audit   'is-shared-array-buffer': [ '1.0.3' ],
46 silly audit   'is-stream': [ '2.0.1' ],
46 silly audit   'is-string': [ '1.0.7' ],
46 silly audit   'is-symbol': [ '1.0.4' ],
46 silly audit   'is-typed-array': [ '1.1.13' ],
46 silly audit   'is-typedarray': [ '1.0.0' ],
46 silly audit   'is-weakref': [ '1.0.2' ],
46 silly audit   'is-yarn-global': [ '0.4.0' ],
46 silly audit   isarray: [ '2.0.5' ],
46 silly audit   isbinaryfile: [ '4.0.10' ],
46 silly audit   isexe: [ '2.0.0' ],
46 silly audit   isobject: [ '3.0.1' ],
46 silly audit   'istanbul-lib-coverage': [ '3.2.2' ],
46 silly audit   'istanbul-lib-report': [ '3.0.1' ],
46 silly audit   'istanbul-lib-source-maps': [ '4.0.1' ],
46 silly audit   'istanbul-reports': [ '3.1.7' ],
46 silly audit   jackspeak: [ '2.3.6' ],
46 silly audit   jest: [ '29.7.0' ],
46 silly audit   'jest-changed-files': [ '29.7.0' ],
46 silly audit   'jest-circus': [ '29.7.0' ],
46 silly audit   'jest-cli': [ '29.7.0' ],
46 silly audit   'jest-config': [ '29.7.0' ],
46 silly audit   'jest-diff': [ '29.7.0' ],
46 silly audit   'jest-docblock': [ '29.7.0' ],
46 silly audit   'jest-each': [ '29.7.0' ],
46 silly audit   'jest-environment-node': [ '29.7.0' ],
46 silly audit   'jest-get-type': [ '29.6.3' ],
46 silly audit   'jest-haste-map': [ '29.7.0' ],
46 silly audit   'jest-leak-detector': [ '29.7.0' ],
46 silly audit   'jest-matcher-utils': [ '29.7.0' ],
46 silly audit   'jest-message-util': [ '29.7.0' ],
46 silly audit   'jest-mock': [ '29.7.0' ],
46 silly audit   'jest-pnp-resolver': [ '1.2.3' ],
46 silly audit   'jest-regex-util': [ '29.6.3' ],
46 silly audit   'jest-resolve': [ '29.7.0' ],
46 silly audit   'jest-resolve-dependencies': [ '29.7.0' ],
46 silly audit   'jest-runner': [ '29.7.0' ],
46 silly audit   'jest-runtime': [ '29.7.0' ],
46 silly audit   'jest-snapshot': [ '29.7.0' ],
46 silly audit   'jest-util': [ '29.7.0' ],
46 silly audit   'jest-validate': [ '29.7.0' ],
46 silly audit   'jest-watcher': [ '29.7.0' ],
46 silly audit   'jest-worker': [ '29.7.0', '27.5.1' ],
46 silly audit   jju: [ '1.4.0' ],
46 silly audit   joycon: [ '3.1.1' ],
46 silly audit   jquery: [ '3.7.1' ],
46 silly audit   'js-beautify': [ '1.15.1' ],
46 silly audit   nopt: [ '7.2.0', '6.0.0', '5.0.0' ],
46 silly audit   'js-cookie': [ '3.0.5' ],
46 silly audit   'js-stringify': [ '1.0.2' ],
46 silly audit   'js-tokens': [ '4.0.0' ],
46 silly audit   jsesc: [ '2.5.2' ],
46 silly audit   'json-buffer': [ '3.0.1' ],
46 silly audit   'json-parse-even-better-errors': [ '2.3.1', '3.0.1' ],
46 silly audit   'json-parse-helpfulerror': [ '1.0.3' ],
46 silly audit   'json-schema-ref-resolver': [ '1.0.1' ],
46 silly audit   'json-stable-stringify-without-jsonify': [ '1.0.1' ],
46 silly audit   json5: [ '2.2.3', '1.0.2' ],
46 silly audit   jsonfile: [ '6.1.0' ],
46 silly audit   jsonlines: [ '0.1.1' ],
46 silly audit   jsonparse: [ '1.3.1' ],
46 silly audit   jstransformer: [ '1.0.0' ],
46 silly audit   'jstransformer-markdown-it': [ '3.0.0' ],
46 silly audit   keyv: [ '4.5.4' ],
46 silly audit   'kind-of': [ '6.0.3' ],
46 silly audit   kleur: [ '3.0.3', '4.1.5' ],
46 silly audit   'latest-version': [ '7.0.0' ],
46 silly audit   leven: [ '3.1.0' ],
46 silly audit   levn: [ '0.4.1' ],
46 silly audit   'light-my-request': [ '5.13.0' ],
46 silly audit   'lines-and-columns': [ '1.2.4' ],
46 silly audit   'linkify-it': [ '4.0.1' ],
46 silly audit   'loader-runner': [ '4.3.0' ],
46 silly audit   lodash: [ '4.17.21' ],
46 silly audit   'lodash.castarray': [ '4.4.0' ],
46 silly audit   'lodash.compact': [ '3.0.1' ],
46 silly audit   'lodash.isempty': [ '4.4.0' ],
46 silly audit   'lodash.merge': [ '4.6.2' ],
46 silly audit   yallist: [ '3.1.1', '4.0.0' ],
46 silly audit   'lru-queue': [ '0.1.0' ],
46 silly audit   'make-dir': [ '4.0.0' ],
46 silly audit   'make-fetch-happen': [ '11.1.1', '10.2.1', '9.1.0' ],
46 silly audit   'make-promises-safe': [ '5.1.0' ],
46 silly audit   makeerror: [ '1.0.12' ],
46 silly audit   'markdown-it': [ '13.0.2' ],
46 silly audit   mdurl: [ '1.0.1' ],
46 silly audit   'media-typer': [ '0.3.0' ],
46 silly audit   memoizee: [ '0.4.15' ],
46 silly audit   'merge-stream': [ '2.0.0' ],
46 silly audit   merge2: [ '1.4.1' ],
46 silly audit   micromatch: [ '4.0.5' ],
46 silly audit   mime: [ '3.0.0' ],
46 silly audit   'mime-db': [ '1.52.0' ],
46 silly audit   'mime-types': [ '2.1.35' ],
46 silly audit   'mimic-fn': [ '2.1.0' ],
46 silly audit   'mini-css-extract-plugin': [ '2.9.0' ],
46 silly audit   minimist: [ '1.2.6' ],
46 silly audit   'minipass-collect': [ '1.0.2' ],
46 silly audit   'minipass-fetch': [ '3.0.4', '2.1.2', '1.4.1' ],
46 silly audit   'minipass-flush': [ '1.0.5' ],
46 silly audit   'minipass-json-stream': [ '1.0.1' ],
46 silly audit   'minipass-pipeline': [ '1.2.4' ],
46 silly audit   'minipass-sized': [ '1.0.3' ],
46 silly audit   minizlib: [ '2.1.2' ],
46 silly audit   mkdirp: [ '1.0.4' ],
46 silly audit   'mkdirp-classic': [ '0.5.3' ],
46 silly audit   moment: [ '2.30.1' ],
46 silly audit   'moment-timezone': [ '0.5.45' ],
46 silly audit   mustache: [ '4.2.0' ],
46 silly audit   nanoid: [ '3.3.7' ],
46 silly audit   'napi-build-utils': [ '1.0.2' ],
46 silly audit   'natural-compare': [ '1.4.0' ],
46 silly audit   negotiator: [ '0.6.3' ],
46 silly audit   'neo-async': [ '2.6.2' ],
46 silly audit   'next-tick': [ '1.1.0' ],
46 silly audit   'node-abi': [ '3.60.0' ],
46 silly audit   'node-addon-api': [ '4.3.0', '7.1.0' ],
46 silly audit   'node-gyp': [ '9.4.1', '8.4.1' ],
46 silly audit   'node-gyp-build': [ '4.8.0' ],
46 silly audit   ssri: [ '9.0.1', '8.0.1', '10.0.5' ],
46 silly audit   'node-int64': [ '0.4.0' ],
46 silly audit   'node-releases': [ '2.0.14' ],
46 silly audit   'normalize-package-data': [ '5.0.0' ],
46 silly audit   'normalize-path': [ '3.0.0' ],
46 silly audit   'normalize-url': [ '6.1.0' ],
46 silly audit   'npm-bundled': [ '3.0.0' ],
46 silly audit   'npm-check-updates': [ '16.14.18' ],
46 silly audit   rimraf: [ '5.0.5', '3.0.2' ],
46 silly audit   'source-map-support': [ '0.5.21', '0.5.13' ],
46 silly audit   'strip-json-comments': [ '5.0.1', '2.0.1', '3.1.1' ],
46 silly audit   'npm-install-checks': [ '6.3.0' ],
46 silly audit   'npm-normalize-package-bin': [ '3.0.1' ],
46 silly audit   'npm-package-arg': [ '10.1.0' ],
46 silly audit   'npm-packlist': [ '7.0.4' ],
46 silly audit   'npm-pick-manifest': [ '8.0.2' ],
46 silly audit   'npm-registry-fetch': [ '14.0.5' ],
46 silly audit   'npm-run-path': [ '4.0.1' ],
46 silly audit   npmlog: [ '6.0.2' ],
46 silly audit   'object-assign': [ '4.1.1' ],
46 silly audit   'object-inspect': [ '1.13.1' ],
46 silly audit   'object-keys': [ '1.1.1' ],
46 silly audit   'object.assign': [ '4.1.5' ],
46 silly audit   'object.entries': [ '1.1.8' ],
46 silly audit   'object.fromentries': [ '2.0.8' ],
46 silly audit   'object.groupby': [ '1.0.3' ],
46 silly audit   'object.values': [ '1.2.0' ],
46 silly audit   objection: [ '3.1.4' ],
46 silly audit   'objection-unique': [ '1.2.2' ],
46 silly audit   'on-exit-leak-free': [ '2.1.2' ],
46 silly audit   once: [ '1.4.0' ],
46 silly audit   onetime: [ '5.1.2' ],
46 silly audit   optionator: [ '0.9.3' ],
46 silly audit   'p-cancelable': [ '3.0.0' ],
46 silly audit   'p-map': [ '4.0.0' ],
46 silly audit   'p-try': [ '2.2.0' ],
46 silly audit   'package-json': [ '8.1.0' ],
46 silly audit   pacote: [ '15.2.0' ],
46 silly audit   'parent-module': [ '1.0.1' ],
46 silly audit   'parse-github-url': [ '1.0.2' ],
46 silly audit   'parse-json': [ '5.2.0' ],
46 silly audit   'path-exists': [ '4.0.0', '3.0.0' ],
46 silly audit   'path-is-absolute': [ '1.0.1' ],
46 silly audit   'path-key': [ '3.1.1' ],
46 silly audit   'path-parse': [ '1.0.7' ],
46 silly audit   'path-scurry': [ '1.10.2' ],
46 silly audit   'path-to-regexp': [ '6.2.1' ],
46 silly audit   'path-type': [ '4.0.0' ],
46 silly audit   pg: [ '8.11.5' ],
46 silly audit   'pg-cloudflare': [ '1.1.1' ],
46 silly audit   'pg-int8': [ '1.0.1' ],
46 silly audit   'pg-pool': [ '3.6.2' ],
46 silly audit   'pg-protocol': [ '1.6.1' ],
46 silly audit   'pg-types': [ '2.2.0' ],
46 silly audit   pgpass: [ '1.0.5' ],
46 silly audit   split2: [ '4.2.0', '3.2.2' ],
46 silly audit   picocolors: [ '1.0.0' ],
46 silly audit   picomatch: [ '2.3.1' ],
46 silly audit   pino: [ '8.20.0' ],
46 silly audit   'pino-abstract-transport': [ '1.2.0' ],
46 silly audit   'pino-std-serializers': [ '6.2.2' ],
46 silly audit   pirates: [ '4.0.6' ],
46 silly audit   'pkg-dir': [ '4.2.0' ],
46 silly audit   'pkg-up': [ '3.1.0' ],
46 silly audit   'possible-typed-array-names': [ '1.0.0' ],
46 silly audit   postcss: [ '8.4.38' ],
46 silly audit   'postcss-modules-extract-imports': [ '3.1.0' ],
46 silly audit   'postcss-modules-local-by-default': [ '4.0.5' ],
46 silly audit   'postcss-modules-scope': [ '3.2.0' ],
46 silly audit   'postcss-modules-values': [ '4.0.0' ],
46 silly audit   'postcss-selector-parser': [ '6.0.16' ],
46 silly audit   'postcss-value-parser': [ '4.2.0' ],
46 silly audit   'postgres-array': [ '2.0.0' ],
46 silly audit   'postgres-bytea': [ '1.0.0' ],
46 silly audit   'postgres-date': [ '1.0.7' ],
46 silly audit   'postgres-interval': [ '1.2.0' ],
46 silly audit   'prebuild-install': [ '7.1.2' ],
46 silly audit   'prelude-ls': [ '1.2.1' ],
46 silly audit   'pretty-format': [ '29.7.0' ],
46 silly audit   'proc-log': [ '3.0.0' ],
46 silly audit   process: [ '0.11.10' ],
46 silly audit   'process-warning': [ '3.0.0' ],
46 silly audit   progress: [ '2.0.3' ],
46 silly audit   promise: [ '7.3.1' ],
46 silly audit   'promise-inflight': [ '1.0.1' ],
46 silly audit   'promise-retry': [ '2.0.1' ],
46 silly audit   prompts: [ '2.4.2' ],
46 silly audit   'prompts-ncu': [ '3.0.0' ],
46 silly audit   'proto-list': [ '1.2.4' ],
46 silly audit   'proxy-addr': [ '2.0.7' ],
46 silly audit   pug: [ '3.0.2' ],
46 silly audit   'pug-attrs': [ '3.0.0' ],
46 silly audit   'pug-code-gen': [ '3.0.2' ],
46 silly audit   'pug-error': [ '2.0.0' ],
46 silly audit   'pug-filters': [ '4.0.0' ],
46 silly audit   'pug-lexer': [ '5.0.1' ],
46 silly audit   'pug-linker': [ '4.0.0' ],
46 silly audit   'pug-load': [ '3.0.0' ],
46 silly audit   'pug-parser': [ '6.0.0' ],
46 silly audit   'pug-runtime': [ '3.0.1' ],
46 silly audit   'pug-strip-comments': [ '2.0.0' ],
46 silly audit   'pug-walk': [ '2.0.0' ],
46 silly audit   pump: [ '3.0.0' ],
46 silly audit   punycode: [ '2.1.1' ],
46 silly audit   pupa: [ '3.1.0' ],
46 silly audit   'pure-rand': [ '6.1.0' ],
46 silly audit   qs: [ '6.12.1' ],
46 silly audit   'queue-microtask': [ '1.2.3' ],
46 silly audit   'quick-format-unescaped': [ '4.0.4' ],
46 silly audit   'quick-lru': [ '5.1.1' ],
46 silly audit   randombytes: [ '2.1.0' ],
46 silly audit   rc: [ '1.2.8' ],
46 silly audit   'rc-config-loader': [ '4.1.3' ],
46 silly audit   'react-is': [ '18.2.0' ],
46 silly audit   'read-package-json': [ '6.0.4' ],
46 silly audit   'read-package-json-fast': [ '3.0.2' ],
46 silly audit   readdirp: [ '3.6.0' ],
46 silly audit   'real-require': [ '0.2.0' ],
46 silly audit   rechoir: [ '0.8.0' ],
46 silly audit   'regenerator-runtime': [ '0.14.1' ],
46 silly audit   'regexp.prototype.flags': [ '1.5.2' ],
46 silly audit   'registry-auth-token': [ '5.0.1' ],
46 silly audit   'registry-url': [ '6.0.1' ],
46 silly audit   'remote-git-tags': [ '3.0.0' ],
46 silly audit   'require-directory': [ '2.1.1' ],
46 silly audit   'require-from-string': [ '2.0.2' ],
46 silly audit   resolve: [ '1.22.8' ],
46 silly audit   'resolve-alpn': [ '1.2.1' ],
46 silly audit   'resolve-cwd': [ '3.0.0' ],
46 silly audit   'resolve.exports': [ '2.0.2' ],
46 silly audit   responselike: [ '2.0.1' ],
46 silly audit   ret: [ '0.2.2' ],
46 silly audit   retry: [ '0.12.0' ],
46 silly audit   'retry-as-promised': [ '7.0.4' ],
46 silly audit   reusify: [ '1.0.4' ],
46 silly audit   rfdc: [ '1.3.1' ],
46 silly audit   'run-parallel': [ '1.2.0' ],
46 silly audit   rxjs: [ '7.8.1' ],
46 silly audit   'safe-array-concat': [ '1.1.2' ],
46 silly audit   'safe-buffer': [ '5.2.1' ],
46 silly audit   'safe-regex-test': [ '1.0.3' ],
46 silly audit   'safe-regex2': [ '2.0.0' ],
46 silly audit   'safe-stable-stringify': [ '2.4.3' ],
46 silly audit   'safer-buffer': [ '2.1.2' ],
46 silly audit   'schema-utils': [ '4.0.0', '3.3.0' ],
46 silly audit   'secure-json-parse': [ '2.7.0' ],
46 silly audit   'semver-diff': [ '4.0.0' ],
46 silly audit   'semver-utils': [ '1.1.4' ],
46 silly audit   sequelize: [ '6.37.3' ],
46 silly audit   'sequelize-cli': [ '6.6.2' ],
46 silly audit   yargs: [ '16.2.0', '17.7.2' ],
46 silly audit   'yargs-parser': [ '20.2.9', '21.1.1' ],
46 silly audit   'sequelize-pool': [ '7.1.0' ],
46 silly audit   'serialize-javascript': [ '6.0.2' ],
46 silly audit   'set-blocking': [ '2.0.0' ],
46 silly audit   'set-cookie-parser': [ '2.6.0' ],
46 silly audit   'set-function-length': [ '1.2.2' ],
46 silly audit   'set-function-name': [ '2.0.2' ],
46 silly audit   setprototypeof: [ '1.2.0' ],
46 silly audit   'shallow-clone': [ '3.0.1' ],
46 silly audit   'shebang-command': [ '2.0.0' ],
46 silly audit   'shebang-regex': [ '3.0.0' ],
46 silly audit   'shell-quote': [ '1.8.1' ],
46 silly audit   'side-channel': [ '1.0.6' ],
46 silly audit   sigstore: [ '1.9.0' ],
46 silly audit   'simple-concat': [ '1.0.1' ],
46 silly audit   'simple-get': [ '4.0.1' ],
46 silly audit   sisteransi: [ '1.0.5' ],
46 silly audit   slash: [ '3.0.0' ],
46 silly audit   'smart-buffer': [ '4.2.0' ],
46 silly audit   socks: [ '2.7.0' ],
46 silly audit   'socks-proxy-agent': [ '7.0.0', '6.2.1' ],
46 silly audit   'sodium-native': [ '4.1.1' ],
46 silly audit   'sonic-boom': [ '3.8.1' ],
46 silly audit   'source-map': [ '0.6.1' ],
46 silly audit   'source-map-js': [ '1.2.0' ],
46 silly audit   'spawn-command': [ '0.0.2' ],
46 silly audit   'spawn-please': [ '2.0.2' ],
46 silly audit   'spdx-correct': [ '3.2.0' ],
46 silly audit   'spdx-exceptions': [ '2.5.0' ],
46 silly audit   'spdx-expression-parse': [ '3.0.1' ],
46 silly audit   'spdx-license-ids': [ '3.0.17' ],
46 silly audit   'sprintf-js': [ '1.0.3' ],
46 silly audit   sqlite3: [ '5.1.7' ],
46 silly audit   'stack-trace': [ '0.0.10' ],
46 silly audit   'stack-utils': [ '2.0.6' ],
46 silly audit   statuses: [ '2.0.1' ],
46 silly audit   string_decoder: [ '1.3.0' ],
46 silly audit   'string-length': [ '4.0.2' ],
46 silly audit   'string.prototype.trim': [ '1.2.9' ],
46 silly audit   'string.prototype.trimend': [ '1.0.8' ],
46 silly audit   'string.prototype.trimstart': [ '1.0.8' ],
46 silly audit   'strip-bom': [ '4.0.0', '3.0.0' ],
46 silly audit   'strip-final-newline': [ '2.0.0' ],
46 silly audit   'style-loader': [ '4.0.0' ],
46 silly audit   'supports-preserve-symlinks-flag': [ '1.0.0' ],
46 silly audit   tapable: [ '2.2.1' ],
46 silly audit   tar: [ '6.1.11' ],
46 silly audit   'tar-fs': [ '2.1.1' ],
46 silly audit   'tar-stream': [ '2.2.0' ],
46 silly audit   tarn: [ '3.0.2' ],
46 silly audit   terser: [ '5.30.4' ],
46 silly audit   'terser-webpack-plugin': [ '5.3.10' ],
46 silly audit   'test-exclude': [ '6.0.0' ],
46 silly audit   'text-table': [ '0.2.0' ],
46 silly audit   'thread-stream': [ '2.6.0' ],
46 silly audit   tildify: [ '2.0.0' ],
46 silly audit   'timers-ext': [ '0.1.7' ],
46 silly audit   tmpl: [ '1.0.5' ],
46 silly audit   'to-fast-properties': [ '2.0.0' ],
46 silly audit   'to-regex-range': [ '5.0.1' ],
46 silly audit   'toad-cache': [ '3.7.0' ],
46 silly audit   toidentifier: [ '1.0.1' ],
46 silly audit   'token-stream': [ '1.0.0' ],
46 silly audit   'toposort-class': [ '1.0.1' ],
46 silly audit   'tree-kill': [ '1.2.2' ],
46 silly audit   'tsconfig-paths': [ '3.15.0' ],
46 silly audit   tslib: [ '2.6.2' ],
46 silly audit   'tuf-js': [ '1.1.7' ],
46 silly audit   'tunnel-agent': [ '0.6.0' ],
46 silly audit   type: [ '2.7.2' ],
46 silly audit   'type-check': [ '0.4.0' ],
46 silly audit   'type-detect': [ '4.0.8' ],
46 silly audit   'type-is': [ '1.6.18' ],
46 silly audit   'typed-array-buffer': [ '1.0.2' ],
46 silly audit   'typed-array-byte-length': [ '1.0.1' ],
46 silly audit   'typed-array-byte-offset': [ '1.0.2' ],
46 silly audit   'typed-array-length': [ '1.0.6' ],
46 silly audit   'typedarray-to-buffer': [ '3.1.5' ],
46 silly audit   'uc.micro': [ '1.0.6' ],
46 silly audit   umzug: [ '2.3.0' ],
46 silly audit   'unbox-primitive': [ '1.0.2' ],
46 silly audit   'undici-types': [ '5.26.5' ],
46 silly audit   'unique-string': [ '3.0.0' ],
46 silly audit   universalify: [ '2.0.1' ],
46 silly audit   untildify: [ '4.0.0' ],
46 silly audit   'update-browserslist-db': [ '1.0.13' ],
46 silly audit   'update-notifier': [ '6.0.2' ],
46 silly audit   'uri-js': [ '4.4.1' ],
46 silly audit   'util-deprecate': [ '1.0.2' ],
46 silly audit   uuid: [ '8.3.2' ],
46 silly audit   'v8-to-istanbul': [ '9.2.0' ],
46 silly audit   'validate-npm-package-license': [ '3.0.4' ],
46 silly audit   'validate-npm-package-name': [ '5.0.0' ],
46 silly audit   validator: [ '13.11.0' ],
46 silly audit   vary: [ '1.1.2' ],
46 silly audit   'void-elements': [ '3.1.0' ],
46 silly audit   walker: [ '1.0.8' ],
46 silly audit   watchpack: [ '2.4.1' ],
46 silly audit   webpack: [ '5.91.0' ],
46 silly audit   'webpack-cli': [ '5.1.4' ],
46 silly audit   'webpack-merge': [ '5.8.0' ],
46 silly audit   'webpack-sources': [ '3.2.3' ],
46 silly audit   'which-boxed-primitive': [ '1.0.2' ],
46 silly audit   'which-typed-array': [ '1.1.15' ],
46 silly audit   'wide-align': [ '1.1.5' ],
46 silly audit   'widest-line': [ '4.0.1' ],
46 silly audit   wildcard: [ '2.0.0' ],
46 silly audit   with: [ '7.0.2' ],
46 silly audit   wkx: [ '0.5.0' ],
46 silly audit   wrappy: [ '1.0.2' ],
46 silly audit   'xdg-basedir': [ '5.1.0' ],
46 silly audit   xtend: [ '4.0.2' ],
46 silly audit   y18n: [ '5.0.8' ],
46 silly audit   'yocto-queue': [ '0.1.0' ],
46 silly audit   youch: [ '2.2.2' ]
46 silly audit }
47 verbose reify failed optional dependency /root/node_modules/fsevents
48 silly reify mark deleted [ '/root/node_modules/fsevents' ]
49 timing reifyNode:node_modules/fsevents Completed in 133ms
50 silly tarball no local data for youch@https://registry.npmjs.org/youch/-/youch-2.2.2.tgz. Extracting by manifest.
51 silly tarball no local data for yocto-queue@https://registry.npmjs.org/yocto-queue/-/yocto-queue-0.1.0.tgz. Extracting by manifest.
52 silly tarball no local data for yargs-parser@https://registry.npmjs.org/yargs-parser/-/yargs-parser-21.1.1.tgz. Extracting by manifest.
53 silly tarball no local data for yargs@https://registry.npmjs.org/yargs/-/yargs-17.7.2.tgz. Extracting by manifest.
54 silly tarball no local data for yallist@https://registry.npmjs.org/yallist/-/yallist-4.0.0.tgz. Extracting by manifest.
55 silly tarball no local data for y18n@https://registry.npmjs.org/y18n/-/y18n-5.0.8.tgz. Extracting by manifest.
56 silly tarball no local data for xdg-basedir@https://registry.npmjs.org/xdg-basedir/-/xdg-basedir-5.1.0.tgz. Extracting by manifest.
57 silly tarball no local data for xtend@https://registry.npmjs.org/xtend/-/xtend-4.0.2.tgz. Extracting by manifest.
58 silly tarball no local data for write-file-atomic@https://registry.npmjs.org/write-file-atomic/-/write-file-atomic-4.0.2.tgz. Extracting by manifest.
59 silly tarball no local data for wrappy@https://registry.npmjs.org/wrappy/-/wrappy-1.0.2.tgz. Extracting by manifest.
60 silly tarball no local data for wrap-ansi@https://registry.npmjs.org/wrap-ansi/-/wrap-ansi-8.1.0.tgz. Extracting by manifest.
61 silly tarball no local data for wrap-ansi-cjs@https://registry.npmjs.org/wrap-ansi/-/wrap-ansi-7.0.0.tgz. Extracting by manifest.
62 silly tarball no local data for with@https://registry.npmjs.org/with/-/with-7.0.2.tgz. Extracting by manifest.
63 silly tarball no local data for wkx@https://registry.npmjs.org/wkx/-/wkx-0.5.0.tgz. Extracting by manifest.
64 silly tarball no local data for wildcard@https://registry.npmjs.org/wildcard/-/wildcard-2.0.0.tgz. Extracting by manifest.
65 silly tarball no local data for widest-line@https://registry.npmjs.org/widest-line/-/widest-line-4.0.1.tgz. Extracting by manifest.
66 silly tarball no local data for wide-align@https://registry.npmjs.org/wide-align/-/wide-align-1.1.5.tgz. Extracting by manifest.
67 silly tarball no local data for which-typed-array@https://registry.npmjs.org/which-typed-array/-/which-typed-array-1.1.15.tgz. Extracting by manifest.
68 silly tarball no local data for which-boxed-primitive@https://registry.npmjs.org/which-boxed-primitive/-/which-boxed-primitive-1.0.2.tgz. Extracting by manifest.
69 silly tarball no local data for which@https://registry.npmjs.org/which/-/which-2.0.2.tgz. Extracting by manifest.
70 silly tarball no local data for webpack-merge@https://registry.npmjs.org/webpack-merge/-/webpack-merge-5.8.0.tgz. Extracting by manifest.
71 silly tarball no local data for webpack-sources@https://registry.npmjs.org/webpack-sources/-/webpack-sources-3.2.3.tgz. Extracting by manifest.
72 silly tarball no local data for webpack@https://registry.npmjs.org/webpack/-/webpack-5.91.0.tgz. Extracting by manifest.
73 silly tarball no local data for webpack-cli@https://registry.npmjs.org/webpack-cli/-/webpack-cli-5.1.4.tgz. Extracting by manifest.
74 silly tarball no local data for watchpack@https://registry.npmjs.org/watchpack/-/watchpack-2.4.1.tgz. Extracting by manifest.
75 silly tarball no local data for walker@https://registry.npmjs.org/walker/-/walker-1.0.8.tgz. Extracting by manifest.
76 silly tarball no local data for vary@https://registry.npmjs.org/vary/-/vary-1.1.2.tgz. Extracting by manifest.
77 silly tarball no local data for void-elements@https://registry.npmjs.org/void-elements/-/void-elements-3.1.0.tgz. Extracting by manifest.
78 silly tarball no local data for validator@https://registry.npmjs.org/validator/-/validator-13.11.0.tgz. Extracting by manifest.
79 silly tarball no local data for validate-npm-package-name@https://registry.npmjs.org/validate-npm-package-name/-/validate-npm-package-name-5.0.0.tgz. Extracting by manifest.
80 silly tarball no local data for v8-to-istanbul@https://registry.npmjs.org/v8-to-istanbul/-/v8-to-istanbul-9.2.0.tgz. Extracting by manifest.
81 silly tarball no local data for validate-npm-package-license@https://registry.npmjs.org/validate-npm-package-license/-/validate-npm-package-license-3.0.4.tgz. Extracting by manifest.
82 silly tarball no local data for uuid@https://registry.npmjs.org/uuid/-/uuid-8.3.2.tgz. Extracting by manifest.
83 silly tarball no local data for util-deprecate@https://registry.npmjs.org/util-deprecate/-/util-deprecate-1.0.2.tgz. Extracting by manifest.
84 silly tarball no local data for update-notifier@https://registry.npmjs.org/update-notifier/-/update-notifier-6.0.2.tgz. Extracting by manifest.
85 silly tarball no local data for uri-js@https://registry.npmjs.org/uri-js/-/uri-js-4.4.1.tgz. Extracting by manifest.
86 silly tarball no local data for update-browserslist-db@https://registry.npmjs.org/update-browserslist-db/-/update-browserslist-db-1.0.13.tgz. Extracting by manifest.
87 silly tarball no local data for untildify@https://registry.npmjs.org/untildify/-/untildify-4.0.0.tgz. Extracting by manifest.
88 silly tarball no local data for universalify@https://registry.npmjs.org/universalify/-/universalify-2.0.1.tgz. Extracting by manifest.
89 silly tarball no local data for unique-string@https://registry.npmjs.org/unique-string/-/unique-string-3.0.0.tgz. Extracting by manifest.
90 silly tarball no local data for unique-slug@https://registry.npmjs.org/unique-slug/-/unique-slug-2.0.2.tgz. Extracting by manifest.
91 silly tarball no local data for unique-filename@https://registry.npmjs.org/unique-filename/-/unique-filename-1.1.1.tgz. Extracting by manifest.
92 silly tarball no local data for unbox-primitive@https://registry.npmjs.org/unbox-primitive/-/unbox-primitive-1.0.2.tgz. Extracting by manifest.
93 silly tarball no local data for undici-types@https://registry.npmjs.org/undici-types/-/undici-types-5.26.5.tgz. Extracting by manifest.
94 silly tarball no local data for uc.micro@https://registry.npmjs.org/uc.micro/-/uc.micro-1.0.6.tgz. Extracting by manifest.
95 silly tarball no local data for umzug@https://registry.npmjs.org/umzug/-/umzug-2.3.0.tgz. Extracting by manifest.
96 silly tarball no local data for typedarray-to-buffer@https://registry.npmjs.org/typedarray-to-buffer/-/typedarray-to-buffer-3.1.5.tgz. Extracting by manifest.
97 silly tarball no local data for typed-array-length@https://registry.npmjs.org/typed-array-length/-/typed-array-length-1.0.6.tgz. Extracting by manifest.
98 silly tarball no local data for typed-array-byte-length@https://registry.npmjs.org/typed-array-byte-length/-/typed-array-byte-length-1.0.1.tgz. Extracting by manifest.
99 silly tarball no local data for typed-array-byte-offset@https://registry.npmjs.org/typed-array-byte-offset/-/typed-array-byte-offset-1.0.2.tgz. Extracting by manifest.
100 silly tarball no local data for type-is@https://registry.npmjs.org/type-is/-/type-is-1.6.18.tgz. Extracting by manifest.
101 silly tarball no local data for typed-array-buffer@https://registry.npmjs.org/typed-array-buffer/-/typed-array-buffer-1.0.2.tgz. Extracting by manifest.
102 silly tarball no local data for type-detect@https://registry.npmjs.org/type-detect/-/type-detect-4.0.8.tgz. Extracting by manifest.
103 silly tarball no local data for type-fest@https://registry.npmjs.org/type-fest/-/type-fest-0.20.2.tgz. Extracting by manifest.
104 silly tarball no local data for type-check@https://registry.npmjs.org/type-check/-/type-check-0.4.0.tgz. Extracting by manifest.
105 silly tarball no local data for type@https://registry.npmjs.org/type/-/type-2.7.2.tgz. Extracting by manifest.
106 silly tarball no local data for tunnel-agent@https://registry.npmjs.org/tunnel-agent/-/tunnel-agent-0.6.0.tgz. Extracting by manifest.
107 silly tarball no local data for tuf-js@https://registry.npmjs.org/tuf-js/-/tuf-js-1.1.7.tgz. Extracting by manifest.
108 silly tarball no local data for tsconfig-paths@https://registry.npmjs.org/tsconfig-paths/-/tsconfig-paths-3.15.0.tgz. Extracting by manifest.
109 silly tarball no local data for tslib@https://registry.npmjs.org/tslib/-/tslib-2.6.2.tgz. Extracting by manifest.
110 silly tarball no local data for tree-kill@https://registry.npmjs.org/tree-kill/-/tree-kill-1.2.2.tgz. Extracting by manifest.
111 silly tarball no local data for toposort-class@https://registry.npmjs.org/toposort-class/-/toposort-class-1.0.1.tgz. Extracting by manifest.
112 silly tarball no local data for token-stream@https://registry.npmjs.org/token-stream/-/token-stream-1.0.0.tgz. Extracting by manifest.
113 silly tarball no local data for toidentifier@https://registry.npmjs.org/toidentifier/-/toidentifier-1.0.1.tgz. Extracting by manifest.
114 silly tarball no local data for to-regex-range@https://registry.npmjs.org/to-regex-range/-/to-regex-range-5.0.1.tgz. Extracting by manifest.
115 silly tarball no local data for toad-cache@https://registry.npmjs.org/toad-cache/-/toad-cache-3.7.0.tgz. Extracting by manifest.
116 silly tarball no local data for tmpl@https://registry.npmjs.org/tmpl/-/tmpl-1.0.5.tgz. Extracting by manifest.
117 silly tarball no local data for to-fast-properties@https://registry.npmjs.org/to-fast-properties/-/to-fast-properties-2.0.0.tgz. Extracting by manifest.
118 silly tarball no local data for tildify@https://registry.npmjs.org/tildify/-/tildify-2.0.0.tgz. Extracting by manifest.
119 silly tarball no local data for timers-ext@https://registry.npmjs.org/timers-ext/-/timers-ext-0.1.7.tgz. Extracting by manifest.
120 silly tarball no local data for text-table@https://registry.npmjs.org/text-table/-/text-table-0.2.0.tgz. Extracting by manifest.
121 silly tarball no local data for thread-stream@https://registry.npmjs.org/thread-stream/-/thread-stream-2.6.0.tgz. Extracting by manifest.
122 silly tarball no local data for test-exclude@https://registry.npmjs.org/test-exclude/-/test-exclude-6.0.0.tgz. Extracting by manifest.
123 silly tarball no local data for terser-webpack-plugin@https://registry.npmjs.org/terser-webpack-plugin/-/terser-webpack-plugin-5.3.10.tgz. Extracting by manifest.
124 silly tarball no local data for terser@https://registry.npmjs.org/terser/-/terser-5.30.4.tgz. Extracting by manifest.
125 silly tarball no local data for tarn@https://registry.npmjs.org/tarn/-/tarn-3.0.2.tgz. Extracting by manifest.
126 silly tarball no local data for tar-stream@https://registry.npmjs.org/tar-stream/-/tar-stream-2.2.0.tgz. Extracting by manifest.
127 silly tarball no local data for tar-fs@https://registry.npmjs.org/tar-fs/-/tar-fs-2.1.1.tgz. Extracting by manifest.
128 silly tarball no local data for tar@https://registry.npmjs.org/tar/-/tar-6.1.11.tgz. Extracting by manifest.
129 silly tarball no local data for tapable@https://registry.npmjs.org/tapable/-/tapable-2.2.1.tgz. Extracting by manifest.
130 silly tarball no local data for supports-preserve-symlinks-flag@https://registry.npmjs.org/supports-preserve-symlinks-flag/-/supports-preserve-symlinks-flag-1.0.0.tgz. Extracting by manifest.
131 silly tarball no local data for supports-color@https://registry.npmjs.org/supports-color/-/supports-color-7.2.0.tgz. Extracting by manifest.
132 silly tarball no local data for strip-json-comments@https://registry.npmjs.org/strip-json-comments/-/strip-json-comments-3.1.1.tgz. Extracting by manifest.
133 silly tarball no local data for style-loader@https://registry.npmjs.org/style-loader/-/style-loader-4.0.0.tgz. Extracting by manifest.
134 silly tarball no local data for strip-bom@https://registry.npmjs.org/strip-bom/-/strip-bom-4.0.0.tgz. Extracting by manifest.
135 silly tarball no local data for strip-final-newline@https://registry.npmjs.org/strip-final-newline/-/strip-final-newline-2.0.0.tgz. Extracting by manifest.
136 silly tarball no local data for strip-ansi-cjs@https://registry.npmjs.org/strip-ansi/-/strip-ansi-6.0.1.tgz. Extracting by manifest.
137 silly tarball no local data for strip-ansi@https://registry.npmjs.org/strip-ansi/-/strip-ansi-6.0.1.tgz. Extracting by manifest.
138 silly tarball no local data for string.prototype.trimstart@https://registry.npmjs.org/string.prototype.trimstart/-/string.prototype.trimstart-1.0.8.tgz. Extracting by manifest.
139 silly tarball no local data for string.prototype.trimend@https://registry.npmjs.org/string.prototype.trimend/-/string.prototype.trimend-1.0.8.tgz. Extracting by manifest.
140 silly tarball no local data for string.prototype.trim@https://registry.npmjs.org/string.prototype.trim/-/string.prototype.trim-1.2.9.tgz. Extracting by manifest.
141 silly tarball no local data for string-width@https://registry.npmjs.org/string-width/-/string-width-4.2.3.tgz. Extracting by manifest.
142 silly tarball no local data for string-length@https://registry.npmjs.org/string-length/-/string-length-4.0.2.tgz. Extracting by manifest.
143 silly tarball no local data for statuses@https://registry.npmjs.org/statuses/-/statuses-2.0.1.tgz. Extracting by manifest.
144 silly tarball no local data for stack-utils@https://registry.npmjs.org/stack-utils/-/stack-utils-2.0.6.tgz. Extracting by manifest.
145 silly tarball no local data for stack-trace@https://registry.npmjs.org/stack-trace/-/stack-trace-0.0.10.tgz. Extracting by manifest.
146 silly tarball no local data for ssri@https://registry.npmjs.org/ssri/-/ssri-10.0.5.tgz. Extracting by manifest.
147 silly tarball no local data for sqlite3@https://registry.npmjs.org/sqlite3/-/sqlite3-5.1.7.tgz. Extracting by manifest.
148 silly tarball no local data for sprintf-js@https://registry.npmjs.org/sprintf-js/-/sprintf-js-1.0.3.tgz. Extracting by manifest.
149 silly tarball no local data for split2@https://registry.npmjs.org/split2/-/split2-3.2.2.tgz. Extracting by manifest.
150 silly tarball no local data for spdx-license-ids@https://registry.npmjs.org/spdx-license-ids/-/spdx-license-ids-3.0.17.tgz. Extracting by manifest.
151 silly tarball no local data for spdx-expression-parse@https://registry.npmjs.org/spdx-expression-parse/-/spdx-expression-parse-3.0.1.tgz. Extracting by manifest.
152 silly tarball no local data for spdx-exceptions@https://registry.npmjs.org/spdx-exceptions/-/spdx-exceptions-2.5.0.tgz. Extracting by manifest.
153 silly tarball no local data for spdx-correct@https://registry.npmjs.org/spdx-correct/-/spdx-correct-3.2.0.tgz. Extracting by manifest.
154 silly tarball no local data for spawn-please@https://registry.npmjs.org/spawn-please/-/spawn-please-2.0.2.tgz. Extracting by manifest.
155 silly tarball no local data for spawn-command@https://registry.npmjs.org/spawn-command/-/spawn-command-0.0.2.tgz. Extracting by manifest.
156 silly tarball no local data for source-map-js@https://registry.npmjs.org/source-map-js/-/source-map-js-1.2.0.tgz. Extracting by manifest.
157 silly tarball no local data for source-map-support@https://registry.npmjs.org/source-map-support/-/source-map-support-0.5.13.tgz. Extracting by manifest.
158 silly tarball no local data for sonic-boom@https://registry.npmjs.org/sonic-boom/-/sonic-boom-3.8.1.tgz. Extracting by manifest.
159 silly tarball no local data for source-map@https://registry.npmjs.org/source-map/-/source-map-0.6.1.tgz. Extracting by manifest.
160 silly tarball no local data for socks-proxy-agent@https://registry.npmjs.org/socks-proxy-agent/-/socks-proxy-agent-7.0.0.tgz. Extracting by manifest.
161 silly tarball no local data for sodium-native@https://registry.npmjs.org/sodium-native/-/sodium-native-4.1.1.tgz. Extracting by manifest.
162 silly tarball no local data for socks@https://registry.npmjs.org/socks/-/socks-2.7.0.tgz. Extracting by manifest.
163 silly tarball no local data for smart-buffer@https://registry.npmjs.org/smart-buffer/-/smart-buffer-4.2.0.tgz. Extracting by manifest.
164 silly tarball no local data for slash@https://registry.npmjs.org/slash/-/slash-3.0.0.tgz. Extracting by manifest.
165 silly tarball no local data for sisteransi@https://registry.npmjs.org/sisteransi/-/sisteransi-1.0.5.tgz. Extracting by manifest.
166 silly tarball no local data for simple-get@https://registry.npmjs.org/simple-get/-/simple-get-4.0.1.tgz. Extracting by manifest.
167 silly tarball no local data for simple-concat@https://registry.npmjs.org/simple-concat/-/simple-concat-1.0.1.tgz. Extracting by manifest.
168 silly tarball no local data for signal-exit@https://registry.npmjs.org/signal-exit/-/signal-exit-3.0.7.tgz. Extracting by manifest.
169 silly tarball no local data for sigstore@https://registry.npmjs.org/sigstore/-/sigstore-1.9.0.tgz. Extracting by manifest.
170 silly tarball no local data for side-channel@https://registry.npmjs.org/side-channel/-/side-channel-1.0.6.tgz. Extracting by manifest.
171 silly tarball no local data for shell-quote@https://registry.npmjs.org/shell-quote/-/shell-quote-1.8.1.tgz. Extracting by manifest.
172 silly tarball no local data for shebang-regex@https://registry.npmjs.org/shebang-regex/-/shebang-regex-3.0.0.tgz. Extracting by manifest.
173 silly tarball no local data for shebang-command@https://registry.npmjs.org/shebang-command/-/shebang-command-2.0.0.tgz. Extracting by manifest.
174 silly tarball no local data for shallow-clone@https://registry.npmjs.org/shallow-clone/-/shallow-clone-3.0.1.tgz. Extracting by manifest.
175 silly tarball no local data for setprototypeof@https://registry.npmjs.org/setprototypeof/-/setprototypeof-1.2.0.tgz. Extracting by manifest.
176 silly tarball no local data for set-function-length@https://registry.npmjs.org/set-function-length/-/set-function-length-1.2.2.tgz. Extracting by manifest.
177 silly tarball no local data for set-function-name@https://registry.npmjs.org/set-function-name/-/set-function-name-2.0.2.tgz. Extracting by manifest.
178 silly tarball no local data for set-cookie-parser@https://registry.npmjs.org/set-cookie-parser/-/set-cookie-parser-2.6.0.tgz. Extracting by manifest.
179 silly tarball no local data for set-blocking@https://registry.npmjs.org/set-blocking/-/set-blocking-2.0.0.tgz. Extracting by manifest.
180 silly tarball no local data for serialize-javascript@https://registry.npmjs.org/serialize-javascript/-/serialize-javascript-6.0.2.tgz. Extracting by manifest.
181 silly tarball no local data for sequelize-pool@https://registry.npmjs.org/sequelize-pool/-/sequelize-pool-7.1.0.tgz. Extracting by manifest.
182 silly tarball no local data for sequelize@https://registry.npmjs.org/sequelize/-/sequelize-6.37.3.tgz. Extracting by manifest.
183 silly tarball no local data for sequelize-cli@https://registry.npmjs.org/sequelize-cli/-/sequelize-cli-6.6.2.tgz. Extracting by manifest.
184 silly tarball no local data for semver-diff@https://registry.npmjs.org/semver-diff/-/semver-diff-4.0.0.tgz. Extracting by manifest.
185 silly tarball no local data for semver-utils@https://registry.npmjs.org/semver-utils/-/semver-utils-1.1.4.tgz. Extracting by manifest.
186 silly tarball no local data for semver@https://registry.npmjs.org/semver/-/semver-7.6.0.tgz. Extracting by manifest.
187 silly tarball no local data for secure-json-parse@https://registry.npmjs.org/secure-json-parse/-/secure-json-parse-2.7.0.tgz. Extracting by manifest.
188 silly tarball no local data for schema-utils@https://registry.npmjs.org/schema-utils/-/schema-utils-4.0.0.tgz. Extracting by manifest.
189 silly tarball no local data for safer-buffer@https://registry.npmjs.org/safer-buffer/-/safer-buffer-2.1.2.tgz. Extracting by manifest.
190 silly tarball no local data for safe-stable-stringify@https://registry.npmjs.org/safe-stable-stringify/-/safe-stable-stringify-2.4.3.tgz. Extracting by manifest.
191 silly tarball no local data for safe-regex2@https://registry.npmjs.org/safe-regex2/-/safe-regex2-2.0.0.tgz. Extracting by manifest.
192 silly tarball no local data for safe-regex-test@https://registry.npmjs.org/safe-regex-test/-/safe-regex-test-1.0.3.tgz. Extracting by manifest.
193 silly tarball no local data for safe-buffer@https://registry.npmjs.org/safe-buffer/-/safe-buffer-5.2.1.tgz. Extracting by manifest.
194 silly tarball no local data for safe-array-concat@https://registry.npmjs.org/safe-array-concat/-/safe-array-concat-1.1.2.tgz. Extracting by manifest.
195 silly tarball no local data for rxjs@https://registry.npmjs.org/rxjs/-/rxjs-7.8.1.tgz. Extracting by manifest.
196 silly tarball no local data for run-parallel@https://registry.npmjs.org/run-parallel/-/run-parallel-1.2.0.tgz. Extracting by manifest.
197 silly tarball no local data for rimraf@https://registry.npmjs.org/rimraf/-/rimraf-3.0.2.tgz. Extracting by manifest.
198 silly tarball no local data for rfdc@https://registry.npmjs.org/rfdc/-/rfdc-1.3.1.tgz. Extracting by manifest.
199 silly tarball no local data for reusify@https://registry.npmjs.org/reusify/-/reusify-1.0.4.tgz. Extracting by manifest.
200 silly tarball no local data for retry@https://registry.npmjs.org/retry/-/retry-0.12.0.tgz. Extracting by manifest.
201 silly tarball no local data for retry-as-promised@https://registry.npmjs.org/retry-as-promised/-/retry-as-promised-7.0.4.tgz. Extracting by manifest.
202 silly tarball no local data for responselike@https://registry.npmjs.org/responselike/-/responselike-2.0.1.tgz. Extracting by manifest.
203 silly tarball no local data for ret@https://registry.npmjs.org/ret/-/ret-0.2.2.tgz. Extracting by manifest.
204 silly tarball no local data for resolve-from@https://registry.npmjs.org/resolve-from/-/resolve-from-5.0.0.tgz. Extracting by manifest.
205 silly tarball no local data for resolve.exports@https://registry.npmjs.org/resolve.exports/-/resolve.exports-2.0.2.tgz. Extracting by manifest.
206 silly tarball no local data for resolve-cwd@https://registry.npmjs.org/resolve-cwd/-/resolve-cwd-3.0.0.tgz. Extracting by manifest.
207 silly tarball no local data for resolve-alpn@https://registry.npmjs.org/resolve-alpn/-/resolve-alpn-1.2.1.tgz. Extracting by manifest.
208 silly tarball no local data for require-from-string@https://registry.npmjs.org/require-from-string/-/require-from-string-2.0.2.tgz. Extracting by manifest.
209 silly tarball no local data for resolve@https://registry.npmjs.org/resolve/-/resolve-1.22.8.tgz. Extracting by manifest.
210 silly tarball no local data for require-directory@https://registry.npmjs.org/require-directory/-/require-directory-2.1.1.tgz. Extracting by manifest.
211 silly tarball no local data for remote-git-tags@https://registry.npmjs.org/remote-git-tags/-/remote-git-tags-3.0.0.tgz. Extracting by manifest.
212 silly tarball no local data for registry-url@https://registry.npmjs.org/registry-url/-/registry-url-6.0.1.tgz. Extracting by manifest.
213 silly tarball no local data for registry-auth-token@https://registry.npmjs.org/registry-auth-token/-/registry-auth-token-5.0.1.tgz. Extracting by manifest.
214 silly tarball no local data for regexp.prototype.flags@https://registry.npmjs.org/regexp.prototype.flags/-/regexp.prototype.flags-1.5.2.tgz. Extracting by manifest.
215 silly tarball no local data for regenerator-runtime@https://registry.npmjs.org/regenerator-runtime/-/regenerator-runtime-0.14.1.tgz. Extracting by manifest.
216 silly tarball no local data for rechoir@https://registry.npmjs.org/rechoir/-/rechoir-0.8.0.tgz. Extracting by manifest.
217 silly tarball no local data for real-require@https://registry.npmjs.org/real-require/-/real-require-0.2.0.tgz. Extracting by manifest.
218 silly tarball no local data for readdirp@https://registry.npmjs.org/readdirp/-/readdirp-3.6.0.tgz. Extracting by manifest.
219 silly tarball no local data for readable-stream@https://registry.npmjs.org/readable-stream/-/readable-stream-3.6.2.tgz. Extracting by manifest.
220 silly tarball no local data for read-package-json@https://registry.npmjs.org/read-package-json/-/read-package-json-6.0.4.tgz. Extracting by manifest.
221 silly tarball no local data for read-package-json-fast@https://registry.npmjs.org/read-package-json-fast/-/read-package-json-fast-3.0.2.tgz. Extracting by manifest.
222 silly tarball no local data for react-is@https://registry.npmjs.org/react-is/-/react-is-18.2.0.tgz. Extracting by manifest.
223 silly tarball no local data for rc-config-loader@https://registry.npmjs.org/rc-config-loader/-/rc-config-loader-4.1.3.tgz. Extracting by manifest.
224 silly tarball no local data for randombytes@https://registry.npmjs.org/randombytes/-/randombytes-2.1.0.tgz. Extracting by manifest.
225 silly tarball no local data for rc@https://registry.npmjs.org/rc/-/rc-1.2.8.tgz. Extracting by manifest.
226 silly tarball no local data for quick-format-unescaped@https://registry.npmjs.org/quick-format-unescaped/-/quick-format-unescaped-4.0.4.tgz. Extracting by manifest.
227 silly tarball no local data for quick-lru@https://registry.npmjs.org/quick-lru/-/quick-lru-5.1.1.tgz. Extracting by manifest.
228 silly tarball no local data for qs@https://registry.npmjs.org/qs/-/qs-6.12.1.tgz. Extracting by manifest.
229 silly tarball no local data for queue-microtask@https://registry.npmjs.org/queue-microtask/-/queue-microtask-1.2.3.tgz. Extracting by manifest.
230 silly tarball no local data for pure-rand@https://registry.npmjs.org/pure-rand/-/pure-rand-6.1.0.tgz. Extracting by manifest.
231 silly tarball no local data for pupa@https://registry.npmjs.org/pupa/-/pupa-3.1.0.tgz. Extracting by manifest.
232 silly tarball no local data for punycode@https://registry.npmjs.org/punycode/-/punycode-2.1.1.tgz. Extracting by manifest.
233 silly tarball no local data for pump@https://registry.npmjs.org/pump/-/pump-3.0.0.tgz. Extracting by manifest.
234 silly tarball no local data for pug-walk@https://registry.npmjs.org/pug-walk/-/pug-walk-2.0.0.tgz. Extracting by manifest.
235 silly tarball no local data for pug-strip-comments@https://registry.npmjs.org/pug-strip-comments/-/pug-strip-comments-2.0.0.tgz. Extracting by manifest.
236 silly tarball no local data for pug-runtime@https://registry.npmjs.org/pug-runtime/-/pug-runtime-3.0.1.tgz. Extracting by manifest.
237 silly tarball no local data for pug-parser@https://registry.npmjs.org/pug-parser/-/pug-parser-6.0.0.tgz. Extracting by manifest.
238 silly tarball no local data for pug-load@https://registry.npmjs.org/pug-load/-/pug-load-3.0.0.tgz. Extracting by manifest.
239 silly tarball no local data for pug-linker@https://registry.npmjs.org/pug-linker/-/pug-linker-4.0.0.tgz. Extracting by manifest.
240 silly tarball no local data for pug-lexer@https://registry.npmjs.org/pug-lexer/-/pug-lexer-5.0.1.tgz. Extracting by manifest.
241 silly tarball no local data for pug-filters@https://registry.npmjs.org/pug-filters/-/pug-filters-4.0.0.tgz. Extracting by manifest.
242 silly tarball no local data for pug-error@https://registry.npmjs.org/pug-error/-/pug-error-2.0.0.tgz. Extracting by manifest.
243 silly tarball no local data for pug-code-gen@https://registry.npmjs.org/pug-code-gen/-/pug-code-gen-3.0.2.tgz. Extracting by manifest.
244 silly tarball no local data for pug@https://registry.npmjs.org/pug/-/pug-3.0.2.tgz. Extracting by manifest.
245 silly tarball no local data for pug-attrs@https://registry.npmjs.org/pug-attrs/-/pug-attrs-3.0.0.tgz. Extracting by manifest.
246 silly tarball no local data for proxy-addr@https://registry.npmjs.org/proxy-addr/-/proxy-addr-2.0.7.tgz. Extracting by manifest.
247 silly tarball no local data for proto-list@https://registry.npmjs.org/proto-list/-/proto-list-1.2.4.tgz. Extracting by manifest.
248 silly tarball no local data for prompts@https://registry.npmjs.org/prompts/-/prompts-2.4.2.tgz. Extracting by manifest.
249 silly tarball no local data for prompts-ncu@https://registry.npmjs.org/prompts-ncu/-/prompts-ncu-3.0.0.tgz. Extracting by manifest.
250 silly tarball no local data for promise-inflight@https://registry.npmjs.org/promise-inflight/-/promise-inflight-1.0.1.tgz. Extracting by manifest.
251 silly tarball no local data for promise-retry@https://registry.npmjs.org/promise-retry/-/promise-retry-2.0.1.tgz. Extracting by manifest.
252 silly tarball no local data for promise@https://registry.npmjs.org/promise/-/promise-7.3.1.tgz. Extracting by manifest.
253 silly tarball no local data for progress@https://registry.npmjs.org/progress/-/progress-2.0.3.tgz. Extracting by manifest.
254 silly tarball no local data for process-warning@https://registry.npmjs.org/process-warning/-/process-warning-3.0.0.tgz. Extracting by manifest.
255 silly tarball no local data for process@https://registry.npmjs.org/process/-/process-0.11.10.tgz. Extracting by manifest.
256 silly tarball no local data for pretty-format@https://registry.npmjs.org/pretty-format/-/pretty-format-29.7.0.tgz. Extracting by manifest.
257 silly tarball no local data for proc-log@https://registry.npmjs.org/proc-log/-/proc-log-3.0.0.tgz. Extracting by manifest.
258 silly tarball no local data for prelude-ls@https://registry.npmjs.org/prelude-ls/-/prelude-ls-1.2.1.tgz. Extracting by manifest.
259 silly tarball no local data for prebuild-install@https://registry.npmjs.org/prebuild-install/-/prebuild-install-7.1.2.tgz. Extracting by manifest.
260 silly tarball no local data for postgres-interval@https://registry.npmjs.org/postgres-interval/-/postgres-interval-1.2.0.tgz. Extracting by manifest.
261 silly tarball no local data for postgres-date@https://registry.npmjs.org/postgres-date/-/postgres-date-1.0.7.tgz. Extracting by manifest.
262 silly tarball no local data for postgres-bytea@https://registry.npmjs.org/postgres-bytea/-/postgres-bytea-1.0.0.tgz. Extracting by manifest.
263 silly tarball no local data for postgres-array@https://registry.npmjs.org/postgres-array/-/postgres-array-2.0.0.tgz. Extracting by manifest.
264 silly tarball no local data for postcss-value-parser@https://registry.npmjs.org/postcss-value-parser/-/postcss-value-parser-4.2.0.tgz. Extracting by manifest.
265 silly tarball no local data for postcss-selector-parser@https://registry.npmjs.org/postcss-selector-parser/-/postcss-selector-parser-6.0.16.tgz. Extracting by manifest.
266 silly tarball no local data for postcss-modules-values@https://registry.npmjs.org/postcss-modules-values/-/postcss-modules-values-4.0.0.tgz. Extracting by manifest.
267 silly tarball no local data for postcss-modules-scope@https://registry.npmjs.org/postcss-modules-scope/-/postcss-modules-scope-3.2.0.tgz. Extracting by manifest.
268 silly tarball no local data for postcss-modules-local-by-default@https://registry.npmjs.org/postcss-modules-local-by-default/-/postcss-modules-local-by-default-4.0.5.tgz. Extracting by manifest.
269 silly tarball no local data for postcss-modules-extract-imports@https://registry.npmjs.org/postcss-modules-extract-imports/-/postcss-modules-extract-imports-3.1.0.tgz. Extracting by manifest.
270 silly tarball no local data for possible-typed-array-names@https://registry.npmjs.org/possible-typed-array-names/-/possible-typed-array-names-1.0.0.tgz. Extracting by manifest.
271 silly tarball no local data for postcss@https://registry.npmjs.org/postcss/-/postcss-8.4.38.tgz. Extracting by manifest.
272 silly tarball no local data for pkg-up@https://registry.npmjs.org/pkg-up/-/pkg-up-3.1.0.tgz. Extracting by manifest.
273 silly tarball no local data for pkg-dir@https://registry.npmjs.org/pkg-dir/-/pkg-dir-4.2.0.tgz. Extracting by manifest.
274 silly tarball no local data for pirates@https://registry.npmjs.org/pirates/-/pirates-4.0.6.tgz. Extracting by manifest.
275 silly tarball no local data for pino-std-serializers@https://registry.npmjs.org/pino-std-serializers/-/pino-std-serializers-6.2.2.tgz. Extracting by manifest.
276 silly tarball no local data for pino-abstract-transport@https://registry.npmjs.org/pino-abstract-transport/-/pino-abstract-transport-1.2.0.tgz. Extracting by manifest.
277 silly tarball no local data for pino-pretty@https://registry.npmjs.org/pino-pretty/-/pino-pretty-11.0.0.tgz. Extracting by manifest.
278 silly tarball no local data for pino@https://registry.npmjs.org/pino/-/pino-8.20.0.tgz. Extracting by manifest.
279 silly tarball no local data for picocolors@https://registry.npmjs.org/picocolors/-/picocolors-1.0.0.tgz. Extracting by manifest.
280 silly tarball no local data for pgpass@https://registry.npmjs.org/pgpass/-/pgpass-1.0.5.tgz. Extracting by manifest.
281 silly tarball no local data for pg-types@https://registry.npmjs.org/pg-types/-/pg-types-2.2.0.tgz. Extracting by manifest.
282 silly tarball no local data for pg-pool@https://registry.npmjs.org/pg-pool/-/pg-pool-3.6.2.tgz. Extracting by manifest.
283 silly tarball no local data for pg-protocol@https://registry.npmjs.org/pg-protocol/-/pg-protocol-1.6.1.tgz. Extracting by manifest.
284 silly tarball no local data for pg-int8@https://registry.npmjs.org/pg-int8/-/pg-int8-1.0.1.tgz. Extracting by manifest.
285 silly tarball no local data for pg-connection-string@https://registry.npmjs.org/pg-connection-string/-/pg-connection-string-2.6.2.tgz. Extracting by manifest.
286 silly tarball no local data for pg-cloudflare@https://registry.npmjs.org/pg-cloudflare/-/pg-cloudflare-1.1.1.tgz. Extracting by manifest.
287 silly tarball no local data for pg@https://registry.npmjs.org/pg/-/pg-8.11.5.tgz. Extracting by manifest.
288 silly tarball no local data for path-type@https://registry.npmjs.org/path-type/-/path-type-4.0.0.tgz. Extracting by manifest.
289 silly tarball no local data for path-to-regexp@https://registry.npmjs.org/path-to-regexp/-/path-to-regexp-6.2.1.tgz. Extracting by manifest.
290 silly tarball no local data for path-scurry@https://registry.npmjs.org/path-scurry/-/path-scurry-1.10.2.tgz. Extracting by manifest.
291 silly tarball no local data for path-parse@https://registry.npmjs.org/path-parse/-/path-parse-1.0.7.tgz. Extracting by manifest.
292 silly tarball no local data for path-key@https://registry.npmjs.org/path-key/-/path-key-3.1.1.tgz. Extracting by manifest.
293 silly tarball no local data for path-is-absolute@https://registry.npmjs.org/path-is-absolute/-/path-is-absolute-1.0.1.tgz. Extracting by manifest.
294 silly tarball no local data for parse-json@https://registry.npmjs.org/parse-json/-/parse-json-5.2.0.tgz. Extracting by manifest.
295 silly tarball no local data for path-exists@https://registry.npmjs.org/path-exists/-/path-exists-4.0.0.tgz. Extracting by manifest.
296 silly tarball no local data for parse-github-url@https://registry.npmjs.org/parse-github-url/-/parse-github-url-1.0.2.tgz. Extracting by manifest.
297 silly tarball no local data for parent-module@https://registry.npmjs.org/parent-module/-/parent-module-1.0.1.tgz. Extracting by manifest.
298 silly tarball no local data for pacote@https://registry.npmjs.org/pacote/-/pacote-15.2.0.tgz. Extracting by manifest.
299 silly tarball no local data for package-json@https://registry.npmjs.org/package-json/-/package-json-8.1.0.tgz. Extracting by manifest.
300 silly tarball no local data for p-map@https://registry.npmjs.org/p-map/-/p-map-4.0.0.tgz. Extracting by manifest.
301 silly tarball no local data for p-try@https://registry.npmjs.org/p-try/-/p-try-2.2.0.tgz. Extracting by manifest.
302 silly tarball no local data for p-locate@https://registry.npmjs.org/p-locate/-/p-locate-5.0.0.tgz. Extracting by manifest.
303 silly tarball no local data for p-limit@https://registry.npmjs.org/p-limit/-/p-limit-3.1.0.tgz. Extracting by manifest.
304 silly tarball no local data for p-cancelable@https://registry.npmjs.org/p-cancelable/-/p-cancelable-3.0.0.tgz. Extracting by manifest.
305 silly tarball no local data for optionator@https://registry.npmjs.org/optionator/-/optionator-0.9.3.tgz. Extracting by manifest.
306 silly tarball no local data for once@https://registry.npmjs.org/once/-/once-1.4.0.tgz. Extracting by manifest.
307 silly tarball no local data for onetime@https://registry.npmjs.org/onetime/-/onetime-5.1.2.tgz. Extracting by manifest.
308 silly tarball no local data for objection-unique@https://registry.npmjs.org/objection-unique/-/objection-unique-1.2.2.tgz. Extracting by manifest.
309 silly tarball no local data for on-exit-leak-free@https://registry.npmjs.org/on-exit-leak-free/-/on-exit-leak-free-2.1.2.tgz. Extracting by manifest.
310 silly tarball no local data for objection@https://registry.npmjs.org/objection/-/objection-3.1.4.tgz. Extracting by manifest.
311 silly tarball no local data for object.values@https://registry.npmjs.org/object.values/-/object.values-1.2.0.tgz. Extracting by manifest.
312 silly tarball no local data for object.groupby@https://registry.npmjs.org/object.groupby/-/object.groupby-1.0.3.tgz. Extracting by manifest.
313 silly tarball no local data for object.fromentries@https://registry.npmjs.org/object.fromentries/-/object.fromentries-2.0.8.tgz. Extracting by manifest.
314 silly tarball no local data for object.entries@https://registry.npmjs.org/object.entries/-/object.entries-1.1.8.tgz. Extracting by manifest.
315 silly tarball no local data for object.assign@https://registry.npmjs.org/object.assign/-/object.assign-4.1.5.tgz. Extracting by manifest.
316 silly tarball no local data for object-inspect@https://registry.npmjs.org/object-inspect/-/object-inspect-1.13.1.tgz. Extracting by manifest.
317 silly tarball no local data for object-keys@https://registry.npmjs.org/object-keys/-/object-keys-1.1.1.tgz. Extracting by manifest.
318 silly tarball no local data for npmlog@https://registry.npmjs.org/npmlog/-/npmlog-6.0.2.tgz. Extracting by manifest.
319 silly tarball no local data for object-assign@https://registry.npmjs.org/object-assign/-/object-assign-4.1.1.tgz. Extracting by manifest.
320 silly tarball no local data for npm-registry-fetch@https://registry.npmjs.org/npm-registry-fetch/-/npm-registry-fetch-14.0.5.tgz. Extracting by manifest.
321 silly tarball no local data for npm-run-path@https://registry.npmjs.org/npm-run-path/-/npm-run-path-4.0.1.tgz. Extracting by manifest.
322 silly tarball no local data for npm-packlist@https://registry.npmjs.org/npm-packlist/-/npm-packlist-7.0.4.tgz. Extracting by manifest.
323 silly tarball no local data for npm-pick-manifest@https://registry.npmjs.org/npm-pick-manifest/-/npm-pick-manifest-8.0.2.tgz. Extracting by manifest.
324 silly tarball no local data for npm-package-arg@https://registry.npmjs.org/npm-package-arg/-/npm-package-arg-10.1.0.tgz. Extracting by manifest.
325 silly tarball no local data for npm-normalize-package-bin@https://registry.npmjs.org/npm-normalize-package-bin/-/npm-normalize-package-bin-3.0.1.tgz. Extracting by manifest.
326 silly tarball no local data for npm-check-updates@https://registry.npmjs.org/npm-check-updates/-/npm-check-updates-16.14.18.tgz. Extracting by manifest.
327 silly tarball no local data for npm-install-checks@https://registry.npmjs.org/npm-install-checks/-/npm-install-checks-6.3.0.tgz. Extracting by manifest.
328 silly tarball no local data for npm-bundled@https://registry.npmjs.org/npm-bundled/-/npm-bundled-3.0.0.tgz. Extracting by manifest.
329 silly tarball no local data for normalize-url@https://registry.npmjs.org/normalize-url/-/normalize-url-6.1.0.tgz. Extracting by manifest.
330 silly tarball no local data for normalize-package-data@https://registry.npmjs.org/normalize-package-data/-/normalize-package-data-5.0.0.tgz. Extracting by manifest.
331 silly tarball no local data for normalize-path@https://registry.npmjs.org/normalize-path/-/normalize-path-3.0.0.tgz. Extracting by manifest.
332 silly tarball no local data for nopt@https://registry.npmjs.org/nopt/-/nopt-5.0.0.tgz. Extracting by manifest.
333 silly tarball no local data for node-releases@https://registry.npmjs.org/node-releases/-/node-releases-2.0.14.tgz. Extracting by manifest.
334 silly tarball no local data for node-int64@https://registry.npmjs.org/node-int64/-/node-int64-0.4.0.tgz. Extracting by manifest.
335 silly tarball no local data for node-gyp-build@https://registry.npmjs.org/node-gyp-build/-/node-gyp-build-4.8.0.tgz. Extracting by manifest.
336 silly tarball no local data for node-gyp@https://registry.npmjs.org/node-gyp/-/node-gyp-9.4.1.tgz. Extracting by manifest.
337 silly tarball no local data for node-addon-api@https://registry.npmjs.org/node-addon-api/-/node-addon-api-4.3.0.tgz. Extracting by manifest.
338 silly tarball no local data for node-abi@https://registry.npmjs.org/node-abi/-/node-abi-3.60.0.tgz. Extracting by manifest.
339 silly tarball no local data for next-tick@https://registry.npmjs.org/next-tick/-/next-tick-1.1.0.tgz. Extracting by manifest.
340 silly tarball no local data for neo-async@https://registry.npmjs.org/neo-async/-/neo-async-2.6.2.tgz. Extracting by manifest.
341 silly tarball no local data for negotiator@https://registry.npmjs.org/negotiator/-/negotiator-0.6.3.tgz. Extracting by manifest.
342 silly tarball no local data for natural-compare@https://registry.npmjs.org/natural-compare/-/natural-compare-1.4.0.tgz. Extracting by manifest.
343 silly tarball no local data for napi-build-utils@https://registry.npmjs.org/napi-build-utils/-/napi-build-utils-1.0.2.tgz. Extracting by manifest.
344 silly tarball no local data for nanoid@https://registry.npmjs.org/nanoid/-/nanoid-3.3.7.tgz. Extracting by manifest.
345 silly tarball no local data for mustache@https://registry.npmjs.org/mustache/-/mustache-4.2.0.tgz. Extracting by manifest.
346 silly tarball no local data for ms@https://registry.npmjs.org/ms/-/ms-2.1.3.tgz. Extracting by manifest.
347 silly tarball no local data for moment-timezone@https://registry.npmjs.org/moment-timezone/-/moment-timezone-0.5.45.tgz. Extracting by manifest.
348 silly tarball no local data for moment@https://registry.npmjs.org/moment/-/moment-2.30.1.tgz. Extracting by manifest.
349 silly tarball no local data for mkdirp-classic@https://registry.npmjs.org/mkdirp-classic/-/mkdirp-classic-0.5.3.tgz. Extracting by manifest.
350 silly tarball no local data for minizlib@https://registry.npmjs.org/minizlib/-/minizlib-2.1.2.tgz. Extracting by manifest.
351 silly tarball no local data for mkdirp@https://registry.npmjs.org/mkdirp/-/mkdirp-1.0.4.tgz. Extracting by manifest.
352 silly tarball no local data for minipass-sized@https://registry.npmjs.org/minipass-sized/-/minipass-sized-1.0.3.tgz. Extracting by manifest.
353 silly tarball no local data for minipass-pipeline@https://registry.npmjs.org/minipass-pipeline/-/minipass-pipeline-1.2.4.tgz. Extracting by manifest.
354 silly tarball no local data for minipass-flush@https://registry.npmjs.org/minipass-flush/-/minipass-flush-1.0.5.tgz. Extracting by manifest.
355 silly tarball no local data for minipass-json-stream@https://registry.npmjs.org/minipass-json-stream/-/minipass-json-stream-1.0.1.tgz. Extracting by manifest.
356 silly tarball no local data for minipass-fetch@https://registry.npmjs.org/minipass-fetch/-/minipass-fetch-3.0.4.tgz. Extracting by manifest.
357 silly tarball no local data for minipass-collect@https://registry.npmjs.org/minipass-collect/-/minipass-collect-1.0.2.tgz. Extracting by manifest.
358 silly tarball no local data for minimist@https://registry.npmjs.org/minimist/-/minimist-1.2.6.tgz. Extracting by manifest.
359 silly tarball no local data for minipass@https://registry.npmjs.org/minipass/-/minipass-3.3.4.tgz. Extracting by manifest.
360 silly tarball no local data for minimatch@https://registry.npmjs.org/minimatch/-/minimatch-3.1.2.tgz. Extracting by manifest.
361 silly tarball no local data for mini-css-extract-plugin@https://registry.npmjs.org/mini-css-extract-plugin/-/mini-css-extract-plugin-2.9.0.tgz. Extracting by manifest.
362 silly tarball no local data for mimic-response@https://registry.npmjs.org/mimic-response/-/mimic-response-1.0.1.tgz. Extracting by manifest.
363 silly tarball no local data for mimic-fn@https://registry.npmjs.org/mimic-fn/-/mimic-fn-2.1.0.tgz. Extracting by manifest.
364 silly tarball no local data for mime-types@https://registry.npmjs.org/mime-types/-/mime-types-2.1.35.tgz. Extracting by manifest.
365 silly tarball no local data for mime-db@https://registry.npmjs.org/mime-db/-/mime-db-1.52.0.tgz. Extracting by manifest.
366 silly tarball no local data for mime@https://registry.npmjs.org/mime/-/mime-3.0.0.tgz. Extracting by manifest.
367 silly tarball no local data for micromatch@https://registry.npmjs.org/micromatch/-/micromatch-4.0.5.tgz. Extracting by manifest.
368 silly tarball no local data for merge2@https://registry.npmjs.org/merge2/-/merge2-1.4.1.tgz. Extracting by manifest.
369 silly tarball no local data for merge-stream@https://registry.npmjs.org/merge-stream/-/merge-stream-2.0.0.tgz. Extracting by manifest.
370 silly tarball no local data for memoizee@https://registry.npmjs.org/memoizee/-/memoizee-0.4.15.tgz. Extracting by manifest.
371 silly tarball no local data for media-typer@https://registry.npmjs.org/media-typer/-/media-typer-0.3.0.tgz. Extracting by manifest.
372 silly tarball no local data for mdurl@https://registry.npmjs.org/mdurl/-/mdurl-1.0.1.tgz. Extracting by manifest.
373 silly tarball no local data for markdown-it@https://registry.npmjs.org/markdown-it/-/markdown-it-13.0.2.tgz. Extracting by manifest.
374 silly tarball no local data for makeerror@https://registry.npmjs.org/makeerror/-/makeerror-1.0.12.tgz. Extracting by manifest.
375 silly tarball no local data for make-promises-safe@https://registry.npmjs.org/make-promises-safe/-/make-promises-safe-5.1.0.tgz. Extracting by manifest.
376 silly tarball no local data for make-dir@https://registry.npmjs.org/make-dir/-/make-dir-4.0.0.tgz. Extracting by manifest.
377 silly tarball no local data for make-fetch-happen@https://registry.npmjs.org/make-fetch-happen/-/make-fetch-happen-11.1.1.tgz. Extracting by manifest.
378 silly tarball no local data for lru-queue@https://registry.npmjs.org/lru-queue/-/lru-queue-0.1.0.tgz. Extracting by manifest.
379 silly tarball no local data for lru-cache@https://registry.npmjs.org/lru-cache/-/lru-cache-5.1.1.tgz. Extracting by manifest.
380 silly tarball no local data for lodash.merge@https://registry.npmjs.org/lodash.merge/-/lodash.merge-4.6.2.tgz. Extracting by manifest.
381 silly tarball no local data for lowercase-keys@https://registry.npmjs.org/lowercase-keys/-/lowercase-keys-3.0.0.tgz. Extracting by manifest.
382 silly tarball no local data for lodash.isempty@https://registry.npmjs.org/lodash.isempty/-/lodash.isempty-4.4.0.tgz. Extracting by manifest.
383 silly tarball no local data for lodash.compact@https://registry.npmjs.org/lodash.compact/-/lodash.compact-3.0.1.tgz. Extracting by manifest.
384 silly tarball no local data for lodash@https://registry.npmjs.org/lodash/-/lodash-4.17.21.tgz. Extracting by manifest.
385 silly tarball no local data for lodash.castarray@https://registry.npmjs.org/lodash.castarray/-/lodash.castarray-4.4.0.tgz. Extracting by manifest.
386 silly tarball no local data for locate-path@https://registry.npmjs.org/locate-path/-/locate-path-6.0.0.tgz. Extracting by manifest.
387 silly tarball no local data for loader-runner@https://registry.npmjs.org/loader-runner/-/loader-runner-4.3.0.tgz. Extracting by manifest.
388 silly tarball no local data for linkify-it@https://registry.npmjs.org/linkify-it/-/linkify-it-4.0.1.tgz. Extracting by manifest.
389 silly tarball no local data for lines-and-columns@https://registry.npmjs.org/lines-and-columns/-/lines-and-columns-1.2.4.tgz. Extracting by manifest.
390 silly tarball no local data for light-my-request@https://registry.npmjs.org/light-my-request/-/light-my-request-5.13.0.tgz. Extracting by manifest.
391 silly tarball no local data for levn@https://registry.npmjs.org/levn/-/levn-0.4.1.tgz. Extracting by manifest.
392 silly tarball no local data for leven@https://registry.npmjs.org/leven/-/leven-3.1.0.tgz. Extracting by manifest.
393 silly tarball no local data for latest-version@https://registry.npmjs.org/latest-version/-/latest-version-7.0.0.tgz. Extracting by manifest.
394 silly tarball no local data for kleur@https://registry.npmjs.org/kleur/-/kleur-3.0.3.tgz. Extracting by manifest.
395 silly tarball no local data for knex@https://registry.npmjs.org/knex/-/knex-3.1.0.tgz. Extracting by manifest.
396 silly tarball no local data for kind-of@https://registry.npmjs.org/kind-of/-/kind-of-6.0.3.tgz. Extracting by manifest.
397 silly tarball no local data for keyv@https://registry.npmjs.org/keyv/-/keyv-4.5.4.tgz. Extracting by manifest.
398 silly tarball no local data for jstransformer-markdown-it@https://registry.npmjs.org/jstransformer-markdown-it/-/jstransformer-markdown-it-3.0.0.tgz. Extracting by manifest.
399 silly tarball no local data for jstransformer@https://registry.npmjs.org/jstransformer/-/jstransformer-1.0.0.tgz. Extracting by manifest.
400 silly tarball no local data for jsonparse@https://registry.npmjs.org/jsonparse/-/jsonparse-1.3.1.tgz. Extracting by manifest.
401 silly tarball no local data for jsonlines@https://registry.npmjs.org/jsonlines/-/jsonlines-0.1.1.tgz. Extracting by manifest.
402 silly tarball no local data for jsonfile@https://registry.npmjs.org/jsonfile/-/jsonfile-6.1.0.tgz. Extracting by manifest.
403 silly tarball no local data for json5@https://registry.npmjs.org/json5/-/json5-2.2.3.tgz. Extracting by manifest.
404 silly tarball no local data for json-stable-stringify-without-jsonify@https://registry.npmjs.org/json-stable-stringify-without-jsonify/-/json-stable-stringify-without-jsonify-1.0.1.tgz. Extracting by manifest.
405 silly tarball no local data for json-schema-traverse@https://registry.npmjs.org/json-schema-traverse/-/json-schema-traverse-0.4.1.tgz. Extracting by manifest.
406 silly tarball no local data for json-schema-ref-resolver@https://registry.npmjs.org/json-schema-ref-resolver/-/json-schema-ref-resolver-1.0.1.tgz. Extracting by manifest.
407 silly tarball no local data for json-parse-helpfulerror@https://registry.npmjs.org/json-parse-helpfulerror/-/json-parse-helpfulerror-1.0.3.tgz. Extracting by manifest.
408 silly tarball no local data for json-buffer@https://registry.npmjs.org/json-buffer/-/json-buffer-3.0.1.tgz. Extracting by manifest.
409 silly tarball no local data for json-parse-even-better-errors@https://registry.npmjs.org/json-parse-even-better-errors/-/json-parse-even-better-errors-2.3.1.tgz. Extracting by manifest.
410 silly tarball no local data for jsesc@https://registry.npmjs.org/jsesc/-/jsesc-2.5.2.tgz. Extracting by manifest.
411 silly tarball no local data for js-yaml@https://registry.npmjs.org/js-yaml/-/js-yaml-4.1.0.tgz. Extracting by manifest.
412 silly tarball no local data for js-stringify@https://registry.npmjs.org/js-stringify/-/js-stringify-1.0.2.tgz. Extracting by manifest.
413 silly tarball no local data for js-tokens@https://registry.npmjs.org/js-tokens/-/js-tokens-4.0.0.tgz. Extracting by manifest.
414 silly tarball no local data for js-cookie@https://registry.npmjs.org/js-cookie/-/js-cookie-3.0.5.tgz. Extracting by manifest.
415 silly tarball no local data for js-beautify@https://registry.npmjs.org/js-beautify/-/js-beautify-1.15.1.tgz. Extracting by manifest.
416 silly tarball no local data for jquery@https://registry.npmjs.org/jquery/-/jquery-3.7.1.tgz. Extracting by manifest.
417 silly tarball no local data for joycon@https://registry.npmjs.org/joycon/-/joycon-3.1.1.tgz. Extracting by manifest.
418 silly tarball no local data for jest-worker@https://registry.npmjs.org/jest-worker/-/jest-worker-29.7.0.tgz. Extracting by manifest.
419 silly tarball no local data for jju@https://registry.npmjs.org/jju/-/jju-1.4.0.tgz. Extracting by manifest.
420 silly tarball no local data for jest-validate@https://registry.npmjs.org/jest-validate/-/jest-validate-29.7.0.tgz. Extracting by manifest.
421 silly tarball no local data for jest-watcher@https://registry.npmjs.org/jest-watcher/-/jest-watcher-29.7.0.tgz. Extracting by manifest.
422 silly tarball no local data for jest-snapshot@https://registry.npmjs.org/jest-snapshot/-/jest-snapshot-29.7.0.tgz. Extracting by manifest.
423 silly tarball no local data for jest-util@https://registry.npmjs.org/jest-util/-/jest-util-29.7.0.tgz. Extracting by manifest.
424 silly tarball no local data for jest-runtime@https://registry.npmjs.org/jest-runtime/-/jest-runtime-29.7.0.tgz. Extracting by manifest.
425 silly tarball no local data for jest-runner@https://registry.npmjs.org/jest-runner/-/jest-runner-29.7.0.tgz. Extracting by manifest.
426 silly tarball no local data for jest-resolve-dependencies@https://registry.npmjs.org/jest-resolve-dependencies/-/jest-resolve-dependencies-29.7.0.tgz. Extracting by manifest.
427 silly tarball no local data for jest-resolve@https://registry.npmjs.org/jest-resolve/-/jest-resolve-29.7.0.tgz. Extracting by manifest.
428 silly tarball no local data for jest-pnp-resolver@https://registry.npmjs.org/jest-pnp-resolver/-/jest-pnp-resolver-1.2.3.tgz. Extracting by manifest.
429 silly tarball no local data for jest-regex-util@https://registry.npmjs.org/jest-regex-util/-/jest-regex-util-29.6.3.tgz. Extracting by manifest.
430 silly tarball no local data for jest-mock@https://registry.npmjs.org/jest-mock/-/jest-mock-29.7.0.tgz. Extracting by manifest.
431 silly tarball no local data for jest-message-util@https://registry.npmjs.org/jest-message-util/-/jest-message-util-29.7.0.tgz. Extracting by manifest.
432 silly tarball no local data for jest-leak-detector@https://registry.npmjs.org/jest-leak-detector/-/jest-leak-detector-29.7.0.tgz. Extracting by manifest.
433 silly tarball no local data for jest-matcher-utils@https://registry.npmjs.org/jest-matcher-utils/-/jest-matcher-utils-29.7.0.tgz. Extracting by manifest.
434 silly tarball no local data for jest-haste-map@https://registry.npmjs.org/jest-haste-map/-/jest-haste-map-29.7.0.tgz. Extracting by manifest.
435 silly tarball no local data for jest-get-type@https://registry.npmjs.org/jest-get-type/-/jest-get-type-29.6.3.tgz. Extracting by manifest.
436 silly tarball no local data for jest-each@https://registry.npmjs.org/jest-each/-/jest-each-29.7.0.tgz. Extracting by manifest.
437 silly tarball no local data for jest-environment-node@https://registry.npmjs.org/jest-environment-node/-/jest-environment-node-29.7.0.tgz. Extracting by manifest.
438 silly tarball no local data for jest-docblock@https://registry.npmjs.org/jest-docblock/-/jest-docblock-29.7.0.tgz. Extracting by manifest.
439 silly tarball no local data for jest-diff@https://registry.npmjs.org/jest-diff/-/jest-diff-29.7.0.tgz. Extracting by manifest.
440 silly tarball no local data for jest-config@https://registry.npmjs.org/jest-config/-/jest-config-29.7.0.tgz. Extracting by manifest.
441 silly tarball no local data for jest-cli@https://registry.npmjs.org/jest-cli/-/jest-cli-29.7.0.tgz. Extracting by manifest.
442 silly tarball no local data for jest-circus@https://registry.npmjs.org/jest-circus/-/jest-circus-29.7.0.tgz. Extracting by manifest.
443 silly tarball no local data for jest-changed-files@https://registry.npmjs.org/jest-changed-files/-/jest-changed-files-29.7.0.tgz. Extracting by manifest.
444 silly tarball no local data for jackspeak@https://registry.npmjs.org/jackspeak/-/jackspeak-2.3.6.tgz. Extracting by manifest.
445 silly tarball no local data for jest@https://registry.npmjs.org/jest/-/jest-29.7.0.tgz. Extracting by manifest.
446 silly tarball no local data for istanbul-reports@https://registry.npmjs.org/istanbul-reports/-/istanbul-reports-3.1.7.tgz. Extracting by manifest.
447 silly tarball no local data for string_decoder@https://registry.npmjs.org/string_decoder/-/string_decoder-1.3.0.tgz. Extracting by manifest.
448 silly tarball no local data for istanbul-lib-report@https://registry.npmjs.org/istanbul-lib-report/-/istanbul-lib-report-3.0.1.tgz. Extracting by manifest.
449 silly tarball no local data for istanbul-lib-instrument@https://registry.npmjs.org/istanbul-lib-instrument/-/istanbul-lib-instrument-6.0.2.tgz. Extracting by manifest.
450 silly tarball no local data for string-width-cjs@https://registry.npmjs.org/string-width/-/string-width-4.2.3.tgz. Extracting by manifest.
451 silly tarball no local data for istanbul-lib-coverage@https://registry.npmjs.org/istanbul-lib-coverage/-/istanbul-lib-coverage-3.2.2.tgz. Extracting by manifest.
452 silly tarball no local data for isobject@https://registry.npmjs.org/isobject/-/isobject-3.0.1.tgz. Extracting by manifest.
453 silly tarball no local data for isexe@https://registry.npmjs.org/isexe/-/isexe-2.0.0.tgz. Extracting by manifest.
454 silly tarball no local data for isbinaryfile@https://registry.npmjs.org/isbinaryfile/-/isbinaryfile-4.0.10.tgz. Extracting by manifest.
455 silly tarball no local data for isarray@https://registry.npmjs.org/isarray/-/isarray-2.0.5.tgz. Extracting by manifest.
456 silly tarball no local data for is-weakref@https://registry.npmjs.org/is-weakref/-/is-weakref-1.0.2.tgz. Extracting by manifest.
457 silly tarball no local data for is-yarn-global@https://registry.npmjs.org/is-yarn-global/-/is-yarn-global-0.4.0.tgz. Extracting by manifest.
458 silly tarball no local data for is-typed-array@https://registry.npmjs.org/is-typed-array/-/is-typed-array-1.1.13.tgz. Extracting by manifest.
459 silly tarball no local data for is-typedarray@https://registry.npmjs.org/is-typedarray/-/is-typedarray-1.0.0.tgz. Extracting by manifest.
460 silly tarball no local data for is-symbol@https://registry.npmjs.org/is-symbol/-/is-symbol-1.0.4.tgz. Extracting by manifest.
461 silly tarball no local data for is-string@https://registry.npmjs.org/is-string/-/is-string-1.0.7.tgz. Extracting by manifest.
462 silly tarball no local data for is-shared-array-buffer@https://registry.npmjs.org/is-shared-array-buffer/-/is-shared-array-buffer-1.0.3.tgz. Extracting by manifest.
463 silly tarball no local data for is-stream@https://registry.npmjs.org/is-stream/-/is-stream-2.0.1.tgz. Extracting by manifest.
464 silly tarball no local data for is-regex@https://registry.npmjs.org/is-regex/-/is-regex-1.1.4.tgz. Extracting by manifest.
465 silly tarball no local data for is-promise@https://registry.npmjs.org/is-promise/-/is-promise-2.2.2.tgz. Extracting by manifest.
466 silly tarball no local data for is-plain-object@https://registry.npmjs.org/is-plain-object/-/is-plain-object-2.0.4.tgz. Extracting by manifest.
467 silly tarball no local data for is-path-inside@https://registry.npmjs.org/is-path-inside/-/is-path-inside-3.0.3.tgz. Extracting by manifest.
468 silly tarball no local data for is-obj@https://registry.npmjs.org/is-obj/-/is-obj-2.0.0.tgz. Extracting by manifest.
469 silly tarball no local data for is-number-object@https://registry.npmjs.org/is-number-object/-/is-number-object-1.0.7.tgz. Extracting by manifest.
470 silly tarball no local data for is-npm@https://registry.npmjs.org/is-npm/-/is-npm-6.0.0.tgz. Extracting by manifest.
471 silly tarball no local data for is-number@https://registry.npmjs.org/is-number/-/is-number-7.0.0.tgz. Extracting by manifest.
472 silly tarball no local data for is-lambda@https://registry.npmjs.org/is-lambda/-/is-lambda-1.0.1.tgz. Extracting by manifest.
473 silly tarball no local data for is-negative-zero@https://registry.npmjs.org/is-negative-zero/-/is-negative-zero-2.0.3.tgz. Extracting by manifest.
474 silly tarball no local data for is-glob@https://registry.npmjs.org/is-glob/-/is-glob-4.0.3.tgz. Extracting by manifest.
475 silly tarball no local data for is-installed-globally@https://registry.npmjs.org/is-installed-globally/-/is-installed-globally-0.4.0.tgz. Extracting by manifest.
476 silly tarball no local data for picomatch@https://registry.npmjs.org/picomatch/-/picomatch-2.3.1.tgz. Extracting by manifest.
477 silly tarball no local data for istanbul-lib-source-maps@https://registry.npmjs.org/istanbul-lib-source-maps/-/istanbul-lib-source-maps-4.0.1.tgz. Extracting by manifest.
478 silly tarball no local data for is-extglob@https://registry.npmjs.org/is-extglob/-/is-extglob-2.1.1.tgz. Extracting by manifest.
479 silly tarball no local data for is-generator-fn@https://registry.npmjs.org/is-generator-fn/-/is-generator-fn-2.1.0.tgz. Extracting by manifest.
480 silly tarball no local data for is-fullwidth-code-point@https://registry.npmjs.org/is-fullwidth-code-point/-/is-fullwidth-code-point-3.0.0.tgz. Extracting by manifest.
481 silly tarball no local data for is-expression@https://registry.npmjs.org/is-expression/-/is-expression-4.0.0.tgz. Extracting by manifest.
482 silly tarball no local data for is-date-object@https://registry.npmjs.org/is-date-object/-/is-date-object-1.0.5.tgz. Extracting by manifest.
483 silly tarball no local data for is-docker@https://registry.npmjs.org/is-docker/-/is-docker-2.2.1.tgz. Extracting by manifest.
484 silly tarball no local data for is-core-module@https://registry.npmjs.org/is-core-module/-/is-core-module-2.13.1.tgz. Extracting by manifest.
485 silly tarball no local data for is-data-view@https://registry.npmjs.org/is-data-view/-/is-data-view-1.0.1.tgz. Extracting by manifest.
486 silly tarball no local data for is-callable@https://registry.npmjs.org/is-callable/-/is-callable-1.2.7.tgz. Extracting by manifest.
487 silly tarball no local data for is-ci@https://registry.npmjs.org/is-ci/-/is-ci-3.0.1.tgz. Extracting by manifest.
488 silly tarball no local data for is-boolean-object@https://registry.npmjs.org/is-boolean-object/-/is-boolean-object-1.1.2.tgz. Extracting by manifest.
489 silly tarball no local data for is-binary-path@https://registry.npmjs.org/is-binary-path/-/is-binary-path-2.1.0.tgz. Extracting by manifest.
490 silly tarball no local data for is-bigint@https://registry.npmjs.org/is-bigint/-/is-bigint-1.0.4.tgz. Extracting by manifest.
491 silly tarball no local data for is-arrayish@https://registry.npmjs.org/is-arrayish/-/is-arrayish-0.2.1.tgz. Extracting by manifest.
492 silly tarball no local data for is-array-buffer@https://registry.npmjs.org/is-array-buffer/-/is-array-buffer-3.0.4.tgz. Extracting by manifest.
493 silly tarball no local data for ipaddr.js@https://registry.npmjs.org/ipaddr.js/-/ipaddr.js-1.9.1.tgz. Extracting by manifest.
494 silly tarball no local data for ip@https://registry.npmjs.org/ip/-/ip-2.0.0.tgz. Extracting by manifest.
495 silly tarball no local data for interpret@https://registry.npmjs.org/interpret/-/interpret-2.2.0.tgz. Extracting by manifest.
496 silly tarball no local data for internal-slot@https://registry.npmjs.org/internal-slot/-/internal-slot-1.0.7.tgz. Extracting by manifest.
497 silly tarball no local data for ini@https://registry.npmjs.org/ini/-/ini-2.0.0.tgz. Extracting by manifest.
498 silly tarball no local data for inflight@https://registry.npmjs.org/inflight/-/inflight-1.0.6.tgz. Extracting by manifest.
499 silly tarball no local data for inherits@https://registry.npmjs.org/inherits/-/inherits-2.0.4.tgz. Extracting by manifest.
500 silly tarball no local data for infer-owner@https://registry.npmjs.org/infer-owner/-/infer-owner-1.0.4.tgz. Extracting by manifest.
501 silly tarball no local data for inflection@https://registry.npmjs.org/inflection/-/inflection-1.13.4.tgz. Extracting by manifest.
502 silly tarball no local data for indent-string@https://registry.npmjs.org/indent-string/-/indent-string-4.0.0.tgz. Extracting by manifest.
503 silly tarball no local data for imurmurhash@https://registry.npmjs.org/imurmurhash/-/imurmurhash-0.1.4.tgz. Extracting by manifest.
504 silly tarball no local data for import-local@https://registry.npmjs.org/import-local/-/import-local-3.1.0.tgz. Extracting by manifest.
505 silly tarball no local data for import-lazy@https://registry.npmjs.org/import-lazy/-/import-lazy-4.0.0.tgz. Extracting by manifest.
506 silly tarball no local data for import-fresh@https://registry.npmjs.org/import-fresh/-/import-fresh-3.3.0.tgz. Extracting by manifest.
507 silly tarball no local data for ignore-walk@https://registry.npmjs.org/ignore-walk/-/ignore-walk-6.0.4.tgz. Extracting by manifest.
508 silly tarball no local data for ieee754@https://registry.npmjs.org/ieee754/-/ieee754-1.2.1.tgz. Extracting by manifest.
509 silly tarball no local data for ignore@https://registry.npmjs.org/ignore/-/ignore-5.2.0.tgz. Extracting by manifest.
510 silly tarball no local data for icss-utils@https://registry.npmjs.org/icss-utils/-/icss-utils-5.1.0.tgz. Extracting by manifest.
511 silly tarball no local data for iconv-lite@https://registry.npmjs.org/iconv-lite/-/iconv-lite-0.6.3.tgz. Extracting by manifest.
512 silly tarball no local data for i18next@https://registry.npmjs.org/i18next/-/i18next-23.11.2.tgz. Extracting by manifest.
513 silly tarball no local data for humanize-ms@https://registry.npmjs.org/humanize-ms/-/humanize-ms-1.2.1.tgz. Extracting by manifest.
514 silly tarball no local data for https-proxy-agent@https://registry.npmjs.org/https-proxy-agent/-/https-proxy-agent-5.0.1.tgz. Extracting by manifest.
515 silly tarball no local data for human-signals@https://registry.npmjs.org/human-signals/-/human-signals-2.1.0.tgz. Extracting by manifest.
516 silly tarball no local data for http2-wrapper@https://registry.npmjs.org/http2-wrapper/-/http2-wrapper-2.1.11.tgz. Extracting by manifest.
517 silly tarball no local data for http-proxy-agent@https://registry.npmjs.org/http-proxy-agent/-/http-proxy-agent-5.0.0.tgz. Extracting by manifest.
518 silly tarball no local data for http-cache-semantics@https://registry.npmjs.org/http-cache-semantics/-/http-cache-semantics-4.1.1.tgz. Extracting by manifest.
519 silly tarball no local data for http-errors@https://registry.npmjs.org/http-errors/-/http-errors-2.0.0.tgz. Extracting by manifest.
520 silly tarball no local data for html-escaper@https://registry.npmjs.org/html-escaper/-/html-escaper-2.0.2.tgz. Extracting by manifest.
521 silly tarball no local data for hosted-git-info@https://registry.npmjs.org/hosted-git-info/-/hosted-git-info-5.2.1.tgz. Extracting by manifest.
522 silly tarball no local data for hasown@https://registry.npmjs.org/hasown/-/hasown-2.0.2.tgz. Extracting by manifest.
523 silly tarball no local data for help-me@https://registry.npmjs.org/help-me/-/help-me-4.2.0.tgz. Extracting by manifest.
524 silly tarball no local data for hashlru@https://registry.npmjs.org/hashlru/-/hashlru-2.3.0.tgz. Extracting by manifest.
525 silly tarball no local data for has-yarn@https://registry.npmjs.org/has-yarn/-/has-yarn-3.0.0.tgz. Extracting by manifest.
526 silly tarball no local data for has-unicode@https://registry.npmjs.org/has-unicode/-/has-unicode-2.0.1.tgz. Extracting by manifest.
527 silly tarball no local data for has-tostringtag@https://registry.npmjs.org/has-tostringtag/-/has-tostringtag-1.0.2.tgz. Extracting by manifest.
528 silly tarball no local data for has-symbols@https://registry.npmjs.org/has-symbols/-/has-symbols-1.0.3.tgz. Extracting by manifest.
529 silly tarball no local data for has-proto@https://registry.npmjs.org/has-proto/-/has-proto-1.0.3.tgz. Extracting by manifest.
530 silly tarball no local data for has-flag@https://registry.npmjs.org/has-flag/-/has-flag-4.0.0.tgz. Extracting by manifest.
531 silly tarball no local data for has-property-descriptors@https://registry.npmjs.org/has-property-descriptors/-/has-property-descriptors-1.0.2.tgz. Extracting by manifest.
532 silly tarball no local data for has-bigints@https://registry.npmjs.org/has-bigints/-/has-bigints-1.0.2.tgz. Extracting by manifest.
533 silly tarball no local data for graphemer@https://registry.npmjs.org/graphemer/-/graphemer-1.4.0.tgz. Extracting by manifest.
534 silly tarball no local data for graceful-fs@https://registry.npmjs.org/graceful-fs/-/graceful-fs-4.2.10.tgz. Extracting by manifest.
535 silly tarball no local data for got@https://registry.npmjs.org/got/-/got-12.3.1.tgz. Extracting by manifest.
536 silly tarball no local data for globby@https://registry.npmjs.org/globby/-/globby-11.1.0.tgz. Extracting by manifest.
537 silly tarball no local data for gopd@https://registry.npmjs.org/gopd/-/gopd-1.0.1.tgz. Extracting by manifest.
538 silly tarball no local data for globalthis@https://registry.npmjs.org/globalthis/-/globalthis-1.0.3.tgz. Extracting by manifest.
539 silly tarball no local data for globals@https://registry.npmjs.org/globals/-/globals-15.0.0.tgz. Extracting by manifest.
540 silly tarball no local data for glob-to-regexp@https://registry.npmjs.org/glob-to-regexp/-/glob-to-regexp-0.4.1.tgz. Extracting by manifest.
541 silly tarball no local data for global-dirs@https://registry.npmjs.org/global-dirs/-/global-dirs-3.0.0.tgz. Extracting by manifest.
542 silly tarball no local data for glob-parent@https://registry.npmjs.org/glob-parent/-/glob-parent-6.0.2.tgz. Extracting by manifest.
543 silly tarball no local data for glob@https://registry.npmjs.org/glob/-/glob-10.3.12.tgz. Extracting by manifest.
544 silly tarball no local data for get-symbol-description@https://registry.npmjs.org/get-symbol-description/-/get-symbol-description-1.0.2.tgz. Extracting by manifest.
545 silly tarball no local data for getopts@https://registry.npmjs.org/getopts/-/getopts-2.3.0.tgz. Extracting by manifest.
546 silly tarball no local data for get-stdin@https://registry.npmjs.org/get-stdin/-/get-stdin-8.0.0.tgz. Extracting by manifest.
547 silly tarball no local data for get-stream@https://registry.npmjs.org/get-stream/-/get-stream-6.0.1.tgz. Extracting by manifest.
548 silly tarball no local data for get-package-type@https://registry.npmjs.org/get-package-type/-/get-package-type-0.1.0.tgz. Extracting by manifest.
549 silly tarball no local data for get-intrinsic@https://registry.npmjs.org/get-intrinsic/-/get-intrinsic-1.2.4.tgz. Extracting by manifest.
550 silly tarball no local data for gensync@https://registry.npmjs.org/gensync/-/gensync-1.0.0-beta.2.tgz. Extracting by manifest.
551 silly tarball no local data for get-caller-file@https://registry.npmjs.org/get-caller-file/-/get-caller-file-2.0.5.tgz. Extracting by manifest.
552 silly tarball no local data for generify@https://registry.npmjs.org/generify/-/generify-4.2.0.tgz. Extracting by manifest.
553 silly tarball no local data for gauge@https://registry.npmjs.org/gauge/-/gauge-4.0.4.tgz. Extracting by manifest.
554 silly tarball no local data for functions-have-names@https://registry.npmjs.org/functions-have-names/-/functions-have-names-1.2.3.tgz. Extracting by manifest.
555 silly tarball no local data for function.prototype.name@https://registry.npmjs.org/function.prototype.name/-/function.prototype.name-1.1.6.tgz. Extracting by manifest.
556 silly tarball no local data for function-bind@https://registry.npmjs.org/function-bind/-/function-bind-1.1.2.tgz. Extracting by manifest.
557 silly tarball no local data for fs.realpath@https://registry.npmjs.org/fs.realpath/-/fs.realpath-1.0.0.tgz. Extracting by manifest.
558 silly tarball no local data for fs-minipass@https://registry.npmjs.org/fs-minipass/-/fs-minipass-2.1.0.tgz. Extracting by manifest.
559 silly tarball no local data for fs-extra@https://registry.npmjs.org/fs-extra/-/fs-extra-9.1.0.tgz. Extracting by manifest.
560 silly tarball no local data for fs-constants@https://registry.npmjs.org/fs-constants/-/fs-constants-1.0.0.tgz. Extracting by manifest.
561 silly tarball no local data for fp-and-or@https://registry.npmjs.org/fp-and-or/-/fp-and-or-0.1.4.tgz. Extracting by manifest.
562 silly tarball no local data for form-data-encoder@https://registry.npmjs.org/form-data-encoder/-/form-data-encoder-2.1.0.tgz. Extracting by manifest.
563 silly tarball no local data for forwarded@https://registry.npmjs.org/forwarded/-/forwarded-0.2.0.tgz. Extracting by manifest.
564 silly tarball no local data for for-each@https://registry.npmjs.org/for-each/-/for-each-0.3.3.tgz. Extracting by manifest.
565 silly tarball no local data for foreground-child@https://registry.npmjs.org/foreground-child/-/foreground-child-3.1.1.tgz. Extracting by manifest.
566 silly tarball no local data for flatted@https://registry.npmjs.org/flatted/-/flatted-3.3.1.tgz. Extracting by manifest.
567 silly tarball no local data for flat-cache@https://registry.npmjs.org/flat-cache/-/flat-cache-3.2.0.tgz. Extracting by manifest.
568 silly tarball no local data for find-my-way@https://registry.npmjs.org/find-my-way/-/find-my-way-8.1.0.tgz. Extracting by manifest.
569 silly tarball no local data for find-up@https://registry.npmjs.org/find-up/-/find-up-5.0.0.tgz. Extracting by manifest.
570 silly tarball no local data for fill-range@https://registry.npmjs.org/fill-range/-/fill-range-7.0.1.tgz. Extracting by manifest.
571 silly tarball no local data for file-uri-to-path@https://registry.npmjs.org/file-uri-to-path/-/file-uri-to-path-1.0.0.tgz. Extracting by manifest.
572 silly tarball no local data for file-entry-cache@https://registry.npmjs.org/file-entry-cache/-/file-entry-cache-6.0.1.tgz. Extracting by manifest.
573 silly tarball no local data for fb-watchman@https://registry.npmjs.org/fb-watchman/-/fb-watchman-2.0.2.tgz. Extracting by manifest.
574 silly tarball no local data for fastq@https://registry.npmjs.org/fastq/-/fastq-1.17.1.tgz. Extracting by manifest.
575 silly tarball no local data for fastify-reverse-routes@https://registry.npmjs.org/fastify-reverse-routes/-/fastify-reverse-routes-3.0.0.tgz. Extracting by manifest.
576 silly tarball no local data for fastify-plugin@https://registry.npmjs.org/fastify-plugin/-/fastify-plugin-3.0.1.tgz. Extracting by manifest.
577 silly tarball no local data for fastify-objectionjs@https://registry.npmjs.org/fastify-objectionjs/-/fastify-objectionjs-2.0.1.tgz. Extracting by manifest.
578 silly tarball no local data for fastify-error-page@https://registry.npmjs.org/fastify-error-page/-/fastify-error-page-4.0.0.tgz. Extracting by manifest.
579 silly tarball no local data for fastify-method-override@https://registry.npmjs.org/fastify-method-override/-/fastify-method-override-1.5.10.tgz. Extracting by manifest.
580 silly tarball no local data for fastify-cli@https://registry.npmjs.org/fastify-cli/-/fastify-cli-6.1.1.tgz. Extracting by manifest.
581 silly tarball no local data for fastify@https://registry.npmjs.org/fastify/-/fastify-4.26.2.tgz. Extracting by manifest.
582 silly tarball no local data for fast-uri@https://registry.npmjs.org/fast-uri/-/fast-uri-2.3.0.tgz. Extracting by manifest.
583 silly tarball no local data for fastest-levenshtein@https://registry.npmjs.org/fastest-levenshtein/-/fastest-levenshtein-1.0.16.tgz. Extracting by manifest.
584 silly tarball no local data for fast-safe-stringify@https://registry.npmjs.org/fast-safe-stringify/-/fast-safe-stringify-2.1.1.tgz. Extracting by manifest.
585 silly tarball no local data for fast-redact@https://registry.npmjs.org/fast-redact/-/fast-redact-3.5.0.tgz. Extracting by manifest.
586 silly tarball no local data for fast-querystring@https://registry.npmjs.org/fast-querystring/-/fast-querystring-1.0.0.tgz. Extracting by manifest.
587 silly tarball no local data for fast-memoize@https://registry.npmjs.org/fast-memoize/-/fast-memoize-2.5.2.tgz. Extracting by manifest.
588 silly tarball no local data for fast-levenshtein@https://registry.npmjs.org/fast-levenshtein/-/fast-levenshtein-2.0.6.tgz. Extracting by manifest.
589 silly tarball no local data for fast-json-stringify@https://registry.npmjs.org/fast-json-stringify/-/fast-json-stringify-5.14.1.tgz. Extracting by manifest.
590 silly tarball no local data for fast-json-stable-stringify@https://registry.npmjs.org/fast-json-stable-stringify/-/fast-json-stable-stringify-2.1.0.tgz. Extracting by manifest.
591 silly tarball no local data for fast-glob@https://registry.npmjs.org/fast-glob/-/fast-glob-3.2.11.tgz. Extracting by manifest.
592 silly tarball no local data for fast-deep-equal@https://registry.npmjs.org/fast-deep-equal/-/fast-deep-equal-3.1.3.tgz. Extracting by manifest.
593 silly tarball no local data for fast-decode-uri-component@https://registry.npmjs.org/fast-decode-uri-component/-/fast-decode-uri-component-1.0.1.tgz. Extracting by manifest.
594 silly tarball no local data for fast-content-type-parse@https://registry.npmjs.org/fast-content-type-parse/-/fast-content-type-parse-1.1.0.tgz. Extracting by manifest.
595 silly tarball no local data for fast-copy@https://registry.npmjs.org/fast-copy/-/fast-copy-3.0.2.tgz. Extracting by manifest.
596 silly tarball no local data for ext@https://registry.npmjs.org/ext/-/ext-1.7.0.tgz. Extracting by manifest.
597 silly tarball no local data for exponential-backoff@https://registry.npmjs.org/exponential-backoff/-/exponential-backoff-3.1.1.tgz. Extracting by manifest.
598 silly tarball no local data for expect@https://registry.npmjs.org/expect/-/expect-29.7.0.tgz. Extracting by manifest.
599 silly tarball no local data for exit@https://registry.npmjs.org/exit/-/exit-0.1.2.tgz. Extracting by manifest.
600 silly tarball no local data for expand-template@https://registry.npmjs.org/expand-template/-/expand-template-2.0.3.tgz. Extracting by manifest.
601 silly tarball no local data for execa@https://registry.npmjs.org/execa/-/execa-5.1.1.tgz. Extracting by manifest.
602 silly tarball no local data for event-target-shim@https://registry.npmjs.org/event-target-shim/-/event-target-shim-5.0.1.tgz. Extracting by manifest.
603 silly tarball no local data for events@https://registry.npmjs.org/events/-/events-3.3.0.tgz. Extracting by manifest.
604 silly tarball no local data for event-emitter@https://registry.npmjs.org/event-emitter/-/event-emitter-0.3.5.tgz. Extracting by manifest.
605 silly tarball no local data for esutils@https://registry.npmjs.org/esutils/-/esutils-2.0.3.tgz. Extracting by manifest.
606 silly tarball no local data for estraverse@https://registry.npmjs.org/estraverse/-/estraverse-5.3.0.tgz. Extracting by manifest.
607 silly tarball no local data for esrecurse@https://registry.npmjs.org/esrecurse/-/esrecurse-4.3.0.tgz. Extracting by manifest.
608 silly tarball no local data for esprima@https://registry.npmjs.org/esprima/-/esprima-4.0.1.tgz. Extracting by manifest.
609 silly tarball no local data for esquery@https://registry.npmjs.org/esquery/-/esquery-1.5.0.tgz. Extracting by manifest.
610 silly tarball no local data for espree@https://registry.npmjs.org/espree/-/espree-10.0.1.tgz. Extracting by manifest.
611 silly tarball no local data for esniff@https://registry.npmjs.org/esniff/-/esniff-2.0.1.tgz. Extracting by manifest.
612 silly tarball no local data for esm@https://registry.npmjs.org/esm/-/esm-3.2.25.tgz. Extracting by manifest.
613 silly tarball no local data for eslint-visitor-keys@https://registry.npmjs.org/eslint-visitor-keys/-/eslint-visitor-keys-3.4.3.tgz. Extracting by manifest.
614 silly tarball no local data for eslint-scope@https://registry.npmjs.org/eslint-scope/-/eslint-scope-7.2.2.tgz. Extracting by manifest.
615 silly tarball no local data for eslint-plugin-import@https://registry.npmjs.org/eslint-plugin-import/-/eslint-plugin-import-2.29.1.tgz. Extracting by manifest.
616 silly tarball no local data for eslint-module-utils@https://registry.npmjs.org/eslint-module-utils/-/eslint-module-utils-2.8.1.tgz. Extracting by manifest.
617 silly tarball no local data for github-from-package@https://registry.npmjs.org/github-from-package/-/github-from-package-0.0.0.tgz. Extracting by manifest.
618 silly tarball no local data for eslint-import-resolver-node@https://registry.npmjs.org/eslint-import-resolver-node/-/eslint-import-resolver-node-0.3.9.tgz. Extracting by manifest.
619 silly tarball no local data for eslint-config-airbnb-base@https://registry.npmjs.org/eslint-config-airbnb-base/-/eslint-config-airbnb-base-15.0.0.tgz. Extracting by manifest.
620 silly tarball no local data for escape-string-regexp@https://registry.npmjs.org/escape-string-regexp/-/escape-string-regexp-1.0.5.tgz. Extracting by manifest.
621 silly tarball no local data for eslint@https://registry.npmjs.org/eslint/-/eslint-8.57.0.tgz. Extracting by manifest.
622 silly tarball no local data for escape-html@https://registry.npmjs.org/escape-html/-/escape-html-1.0.3.tgz. Extracting by manifest.
623 silly tarball no local data for escape-goat@https://registry.npmjs.org/escape-goat/-/escape-goat-4.0.0.tgz. Extracting by manifest.
624 silly tarball no local data for es6-weak-map@https://registry.npmjs.org/es6-weak-map/-/es6-weak-map-2.0.3.tgz. Extracting by manifest.
625 silly tarball no local data for escalade@https://registry.npmjs.org/escalade/-/escalade-3.1.1.tgz. Extracting by manifest.
626 silly tarball no local data for es6-symbol@https://registry.npmjs.org/es6-symbol/-/es6-symbol-3.1.4.tgz. Extracting by manifest.
627 silly tarball no local data for es6-iterator@https://registry.npmjs.org/es6-iterator/-/es6-iterator-2.0.3.tgz. Extracting by manifest.
628 silly tarball no local data for es5-ext@https://registry.npmjs.org/es5-ext/-/es5-ext-0.10.64.tgz. Extracting by manifest.
629 silly tarball no local data for es-to-primitive@https://registry.npmjs.org/es-to-primitive/-/es-to-primitive-1.2.1.tgz. Extracting by manifest.
630 silly tarball no local data for es-object-atoms@https://registry.npmjs.org/es-object-atoms/-/es-object-atoms-1.0.0.tgz. Extracting by manifest.
631 silly tarball no local data for es-shim-unscopables@https://registry.npmjs.org/es-shim-unscopables/-/es-shim-unscopables-1.0.2.tgz. Extracting by manifest.
632 silly tarball no local data for es-set-tostringtag@https://registry.npmjs.org/es-set-tostringtag/-/es-set-tostringtag-2.0.3.tgz. Extracting by manifest.
633 silly tarball no local data for es-module-lexer@https://registry.npmjs.org/es-module-lexer/-/es-module-lexer-1.5.0.tgz. Extracting by manifest.
634 silly tarball no local data for es-define-property@https://registry.npmjs.org/es-define-property/-/es-define-property-1.0.0.tgz. Extracting by manifest.
635 silly tarball no local data for es-errors@https://registry.npmjs.org/es-errors/-/es-errors-1.3.0.tgz. Extracting by manifest.
636 silly tarball no local data for es-abstract@https://registry.npmjs.org/es-abstract/-/es-abstract-1.23.3.tgz. Extracting by manifest.
637 silly tarball no local data for err-code@https://registry.npmjs.org/err-code/-/err-code-2.0.3.tgz. Extracting by manifest.
638 silly tarball no local data for error-ex@https://registry.npmjs.org/error-ex/-/error-ex-1.3.2.tgz. Extracting by manifest.
639 silly tarball no local data for envinfo@https://registry.npmjs.org/envinfo/-/envinfo-7.12.0.tgz. Extracting by manifest.
640 silly tarball no local data for env-paths@https://registry.npmjs.org/env-paths/-/env-paths-2.2.1.tgz. Extracting by manifest.
641 silly tarball no local data for entities@https://registry.npmjs.org/entities/-/entities-3.0.1.tgz. Extracting by manifest.
642 silly tarball no local data for enhanced-resolve@https://registry.npmjs.org/enhanced-resolve/-/enhanced-resolve-5.16.0.tgz. Extracting by manifest.
643 silly tarball no local data for end-of-stream@https://registry.npmjs.org/end-of-stream/-/end-of-stream-1.4.4.tgz. Extracting by manifest.
644 silly tarball no local data for encoding@https://registry.npmjs.org/encoding/-/encoding-0.1.13.tgz. Extracting by manifest.
645 silly tarball no local data for emoji-regex@https://registry.npmjs.org/emoji-regex/-/emoji-regex-8.0.0.tgz. Extracting by manifest.
646 silly tarball no local data for emittery@https://registry.npmjs.org/emittery/-/emittery-0.13.1.tgz. Extracting by manifest.
647 silly tarball no local data for electron-to-chromium@https://registry.npmjs.org/electron-to-chromium/-/electron-to-chromium-1.4.746.tgz. Extracting by manifest.
648 silly tarball no local data for eastasianwidth@https://registry.npmjs.org/eastasianwidth/-/eastasianwidth-0.2.0.tgz. Extracting by manifest.
649 silly tarball no local data for editorconfig@https://registry.npmjs.org/editorconfig/-/editorconfig-1.0.4.tgz. Extracting by manifest.
650 silly tarball no local data for dottie@https://registry.npmjs.org/dottie/-/dottie-2.0.6.tgz. Extracting by manifest.
651 silly tarball no local data for dotenv@https://registry.npmjs.org/dotenv/-/dotenv-16.4.5.tgz. Extracting by manifest.
652 silly tarball no local data for dot-prop@https://registry.npmjs.org/dot-prop/-/dot-prop-6.0.1.tgz. Extracting by manifest.
653 silly tarball no local data for doctypes@https://registry.npmjs.org/doctypes/-/doctypes-1.1.0.tgz. Extracting by manifest.
654 silly tarball no local data for dir-glob@https://registry.npmjs.org/dir-glob/-/dir-glob-3.0.1.tgz. Extracting by manifest.
655 silly tarball no local data for doctrine@https://registry.npmjs.org/doctrine/-/doctrine-3.0.0.tgz. Extracting by manifest.
656 silly tarball no local data for diff-sequences@https://registry.npmjs.org/diff-sequences/-/diff-sequences-29.6.3.tgz. Extracting by manifest.
657 silly tarball no local data for detect-newline@https://registry.npmjs.org/detect-newline/-/detect-newline-3.1.0.tgz. Extracting by manifest.
658 silly tarball no local data for detect-libc@https://registry.npmjs.org/detect-libc/-/detect-libc-2.0.3.tgz. Extracting by manifest.
659 silly tarball no local data for delegates@https://registry.npmjs.org/delegates/-/delegates-1.0.0.tgz. Extracting by manifest.
660 silly tarball no local data for depd@https://registry.npmjs.org/depd/-/depd-2.0.0.tgz. Extracting by manifest.
661 silly tarball no local data for define-properties@https://registry.npmjs.org/define-properties/-/define-properties-1.2.1.tgz. Extracting by manifest.
662 silly tarball no local data for define-data-property@https://registry.npmjs.org/define-data-property/-/define-data-property-1.1.4.tgz. Extracting by manifest.
663 silly tarball no local data for defer-to-connect@https://registry.npmjs.org/defer-to-connect/-/defer-to-connect-2.0.1.tgz. Extracting by manifest.
664 silly tarball no local data for deepmerge@https://registry.npmjs.org/deepmerge/-/deepmerge-4.3.1.tgz. Extracting by manifest.
665 silly tarball no local data for deep-is@https://registry.npmjs.org/deep-is/-/deep-is-0.1.4.tgz. Extracting by manifest.
666 silly tarball no local data for deep-extend@https://registry.npmjs.org/deep-extend/-/deep-extend-0.6.0.tgz. Extracting by manifest.
667 silly tarball no local data for dedent@https://registry.npmjs.org/dedent/-/dedent-1.5.3.tgz. Extracting by manifest.
668 silly tarball no local data for debug@https://registry.npmjs.org/debug/-/debug-4.3.4.tgz. Extracting by manifest.
669 silly tarball no local data for decompress-response@https://registry.npmjs.org/decompress-response/-/decompress-response-6.0.0.tgz. Extracting by manifest.
670 silly tarball no local data for dateformat@https://registry.npmjs.org/dateformat/-/dateformat-4.6.3.tgz. Extracting by manifest.
671 silly tarball no local data for db-errors@https://registry.npmjs.org/db-errors/-/db-errors-0.2.3.tgz. Extracting by manifest.
672 silly tarball no local data for date-fns@https://registry.npmjs.org/date-fns/-/date-fns-2.30.0.tgz. Extracting by manifest.
673 silly tarball no local data for data-view-byte-offset@https://registry.npmjs.org/data-view-byte-offset/-/data-view-byte-offset-1.0.0.tgz. Extracting by manifest.
674 silly tarball no local data for data-view-byte-length@https://registry.npmjs.org/data-view-byte-length/-/data-view-byte-length-1.0.1.tgz. Extracting by manifest.
675 silly tarball no local data for data-view-buffer@https://registry.npmjs.org/data-view-buffer/-/data-view-buffer-1.0.1.tgz. Extracting by manifest.
676 silly tarball no local data for cssesc@https://registry.npmjs.org/cssesc/-/cssesc-3.0.0.tgz. Extracting by manifest.
677 silly tarball no local data for d@https://registry.npmjs.org/d/-/d-1.0.2.tgz. Extracting by manifest.
678 silly tarball no local data for cross-spawn@https://registry.npmjs.org/cross-spawn/-/cross-spawn-7.0.3.tgz. Extracting by manifest.
679 silly tarball no local data for css-loader@https://registry.npmjs.org/css-loader/-/css-loader-7.1.1.tgz. Extracting by manifest.
680 silly tarball no local data for crypto-random-string@https://registry.npmjs.org/crypto-random-string/-/crypto-random-string-4.0.0.tgz. Extracting by manifest.
681 silly tarball no local data for create-jest@https://registry.npmjs.org/create-jest/-/create-jest-29.7.0.tgz. Extracting by manifest.
682 silly tarball no local data for cookie-signature@https://registry.npmjs.org/cookie-signature/-/cookie-signature-1.2.1.tgz. Extracting by manifest.
683 silly tarball no local data for cookie@https://registry.npmjs.org/cookie/-/cookie-0.6.0.tgz. Extracting by manifest.
684 silly tarball no local data for convert-source-map@https://registry.npmjs.org/convert-source-map/-/convert-source-map-2.0.0.tgz. Extracting by manifest.
685 silly tarball no local data for content-disposition@https://registry.npmjs.org/content-disposition/-/content-disposition-0.5.4.tgz. Extracting by manifest.
686 silly tarball no local data for console-control-strings@https://registry.npmjs.org/console-control-strings/-/console-control-strings-1.1.0.tgz. Extracting by manifest.
687 silly tarball no local data for constantinople@https://registry.npmjs.org/constantinople/-/constantinople-4.0.1.tgz. Extracting by manifest.
688 silly tarball no local data for configstore@https://registry.npmjs.org/configstore/-/configstore-6.0.0.tgz. Extracting by manifest.
689 silly tarball no local data for confusing-browser-globals@https://registry.npmjs.org/confusing-browser-globals/-/confusing-browser-globals-1.0.11.tgz. Extracting by manifest.
690 silly tarball no local data for config-chain@https://registry.npmjs.org/config-chain/-/config-chain-1.1.13.tgz. Extracting by manifest.
691 silly tarball no local data for concurrently@https://registry.npmjs.org/concurrently/-/concurrently-8.2.2.tgz. Extracting by manifest.
692 silly tarball no local data for concat-map@https://registry.npmjs.org/concat-map/-/concat-map-0.0.1.tgz. Extracting by manifest.
693 silly tarball no local data for colorette@https://registry.npmjs.org/colorette/-/colorette-2.0.19.tgz. Extracting by manifest.
694 silly tarball no local data for commander@https://registry.npmjs.org/commander/-/commander-10.0.1.tgz. Extracting by manifest.
695 silly tarball no local data for commist@https://registry.npmjs.org/commist/-/commist-3.0.0.tgz. Extracting by manifest.
696 silly tarball no local data for color-support@https://registry.npmjs.org/color-support/-/color-support-1.1.3.tgz. Extracting by manifest.
697 silly tarball no local data for color-name@https://registry.npmjs.org/color-name/-/color-name-1.1.4.tgz. Extracting by manifest.
698 silly tarball no local data for color-convert@https://registry.npmjs.org/color-convert/-/color-convert-2.0.1.tgz. Extracting by manifest.
699 silly tarball no local data for collect-v8-coverage@https://registry.npmjs.org/collect-v8-coverage/-/collect-v8-coverage-1.0.2.tgz. Extracting by manifest.
700 silly tarball no local data for close-with-grace@https://registry.npmjs.org/close-with-grace/-/close-with-grace-1.1.0.tgz. Extracting by manifest.
701 silly tarball no local data for co@https://registry.npmjs.org/co/-/co-4.6.0.tgz. Extracting by manifest.
702 silly tarball no local data for clone-response@https://registry.npmjs.org/clone-response/-/clone-response-1.0.3.tgz. Extracting by manifest.
703 silly tarball no local data for clone-deep@https://registry.npmjs.org/clone-deep/-/clone-deep-4.0.1.tgz. Extracting by manifest.
704 silly tarball no local data for cliui@https://registry.npmjs.org/cliui/-/cliui-8.0.1.tgz. Extracting by manifest.
705 silly tarball no local data for cli-table3@https://registry.npmjs.org/cli-table3/-/cli-table3-0.6.4.tgz. Extracting by manifest.
706 silly tarball no local data for cli-boxes@https://registry.npmjs.org/cli-boxes/-/cli-boxes-3.0.0.tgz. Extracting by manifest.
707 silly tarball no local data for cli-color@https://registry.npmjs.org/cli-color/-/cli-color-2.0.4.tgz. Extracting by manifest.
708 silly tarball no local data for clean-stack@https://registry.npmjs.org/clean-stack/-/clean-stack-2.2.0.tgz. Extracting by manifest.
709 silly tarball no local data for cjs-module-lexer@https://registry.npmjs.org/cjs-module-lexer/-/cjs-module-lexer-1.2.3.tgz. Extracting by manifest.
710 silly tarball no local data for ci-info@https://registry.npmjs.org/ci-info/-/ci-info-3.3.2.tgz. Extracting by manifest.
711 silly tarball no local data for chrome-trace-event@https://registry.npmjs.org/chrome-trace-event/-/chrome-trace-event-1.0.3.tgz. Extracting by manifest.
712 silly tarball no local data for chownr@https://registry.npmjs.org/chownr/-/chownr-2.0.0.tgz. Extracting by manifest.
713 silly tarball no local data for chokidar@https://registry.npmjs.org/chokidar/-/chokidar-3.5.3.tgz. Extracting by manifest.
714 silly tarball no local data for char-regex@https://registry.npmjs.org/char-regex/-/char-regex-1.0.2.tgz. Extracting by manifest.
715 silly tarball no local data for character-parser@https://registry.npmjs.org/character-parser/-/character-parser-2.2.0.tgz. Extracting by manifest.
716 silly tarball no local data for caniuse-lite@https://registry.npmjs.org/caniuse-lite/-/caniuse-lite-1.0.30001612.tgz. Extracting by manifest.
717 silly tarball no local data for chalk@https://registry.npmjs.org/chalk/-/chalk-4.1.2.tgz. Extracting by manifest.
718 silly tarball no local data for callsites@https://registry.npmjs.org/callsites/-/callsites-3.1.0.tgz. Extracting by manifest.
719 silly tarball no local data for camelcase@https://registry.npmjs.org/camelcase/-/camelcase-5.3.1.tgz. Extracting by manifest.
720 silly tarball no local data for call-bind@https://registry.npmjs.org/call-bind/-/call-bind-1.0.7.tgz. Extracting by manifest.
721 silly tarball no local data for cacheable-request@https://registry.npmjs.org/cacheable-request/-/cacheable-request-7.0.2.tgz. Extracting by manifest.
722 silly tarball no local data for cacheable-lookup@https://registry.npmjs.org/cacheable-lookup/-/cacheable-lookup-6.1.0.tgz. Extracting by manifest.
723 silly tarball no local data for cacache@https://registry.npmjs.org/cacache/-/cacache-17.1.4.tgz. Extracting by manifest.
724 silly tarball no local data for builtins@https://registry.npmjs.org/builtins/-/builtins-5.1.0.tgz. Extracting by manifest.
725 silly tarball no local data for buffer-from@https://registry.npmjs.org/buffer-from/-/buffer-from-1.1.2.tgz. Extracting by manifest.
726 silly tarball no local data for buffer@https://registry.npmjs.org/buffer/-/buffer-5.7.1.tgz. Extracting by manifest.
727 silly tarball no local data for browserslist@https://registry.npmjs.org/browserslist/-/browserslist-4.23.0.tgz. Extracting by manifest.
728 silly tarball no local data for braces@https://registry.npmjs.org/braces/-/braces-3.0.2.tgz. Extracting by manifest.
729 silly tarball no local data for bser@https://registry.npmjs.org/bser/-/bser-2.1.1.tgz. Extracting by manifest.
730 silly tarball no local data for brace-expansion@https://registry.npmjs.org/brace-expansion/-/brace-expansion-1.1.11.tgz. Extracting by manifest.
731 silly tarball no local data for boxen@https://registry.npmjs.org/boxen/-/boxen-7.0.0.tgz. Extracting by manifest.
732 silly tarball no local data for bootstrap@https://registry.npmjs.org/bootstrap/-/bootstrap-5.3.3.tgz. Extracting by manifest.
733 silly tarball no local data for bluebird@https://registry.npmjs.org/bluebird/-/bluebird-3.7.2.tgz. Extracting by manifest.
734 silly tarball no local data for bl@https://registry.npmjs.org/bl/-/bl-4.1.0.tgz. Extracting by manifest.
735 silly tarball no local data for bindings@https://registry.npmjs.org/bindings/-/bindings-1.5.0.tgz. Extracting by manifest.
736 silly tarball no local data for binary-extensions@https://registry.npmjs.org/binary-extensions/-/binary-extensions-2.2.0.tgz. Extracting by manifest.
737 silly tarball no local data for better-sqlite3@https://registry.npmjs.org/better-sqlite3/-/better-sqlite3-8.7.0.tgz. Extracting by manifest.
738 silly tarball no local data for babel-walk@https://registry.npmjs.org/babel-walk/-/babel-walk-3.0.0-canary-5.tgz. Extracting by manifest.
739 silly tarball no local data for base64-js@https://registry.npmjs.org/base64-js/-/base64-js-1.5.1.tgz. Extracting by manifest.
740 silly tarball no local data for balanced-match@https://registry.npmjs.org/balanced-match/-/balanced-match-1.0.2.tgz. Extracting by manifest.
741 silly tarball no local data for babel-preset-jest@https://registry.npmjs.org/babel-preset-jest/-/babel-preset-jest-29.6.3.tgz. Extracting by manifest.
742 silly tarball no local data for babel-plugin-jest-hoist@https://registry.npmjs.org/babel-plugin-jest-hoist/-/babel-plugin-jest-hoist-29.6.3.tgz. Extracting by manifest.
743 silly tarball no local data for babel-preset-current-node-syntax@https://registry.npmjs.org/babel-preset-current-node-syntax/-/babel-preset-current-node-syntax-1.0.1.tgz. Extracting by manifest.
744 silly tarball no local data for babel-jest@https://registry.npmjs.org/babel-jest/-/babel-jest-29.7.0.tgz. Extracting by manifest.
745 silly tarball no local data for babel-plugin-istanbul@https://registry.npmjs.org/babel-plugin-istanbul/-/babel-plugin-istanbul-6.1.1.tgz. Extracting by manifest.
746 silly tarball no local data for available-typed-arrays@https://registry.npmjs.org/available-typed-arrays/-/available-typed-arrays-1.0.7.tgz. Extracting by manifest.
747 silly tarball no local data for avvio@https://registry.npmjs.org/avvio/-/avvio-8.3.0.tgz. Extracting by manifest.
748 silly tarball no local data for at-least-node@https://registry.npmjs.org/at-least-node/-/at-least-node-1.0.0.tgz. Extracting by manifest.
749 silly tarball no local data for atomic-sleep@https://registry.npmjs.org/atomic-sleep/-/atomic-sleep-1.0.0.tgz. Extracting by manifest.
750 silly tarball no local data for asap@https://registry.npmjs.org/asap/-/asap-2.0.6.tgz. Extracting by manifest.
751 silly tarball no local data for assert-never@https://registry.npmjs.org/assert-never/-/assert-never-1.2.1.tgz. Extracting by manifest.
752 silly tarball no local data for arraybuffer.prototype.slice@https://registry.npmjs.org/arraybuffer.prototype.slice/-/arraybuffer.prototype.slice-1.0.3.tgz. Extracting by manifest.
753 silly tarball no local data for array.prototype.flatmap@https://registry.npmjs.org/array.prototype.flatmap/-/array.prototype.flatmap-1.3.2.tgz. Extracting by manifest.
754 silly tarball no local data for array.prototype.flat@https://registry.npmjs.org/array.prototype.flat/-/array.prototype.flat-1.3.2.tgz. Extracting by manifest.
755 silly tarball no local data for array.prototype.findlastindex@https://registry.npmjs.org/array.prototype.findlastindex/-/array.prototype.findlastindex-1.2.5.tgz. Extracting by manifest.
756 silly tarball no local data for array-union@https://registry.npmjs.org/array-union/-/array-union-2.1.0.tgz. Extracting by manifest.
757 silly tarball no local data for array-includes@https://registry.npmjs.org/array-includes/-/array-includes-3.1.8.tgz. Extracting by manifest.
758 silly tarball no local data for argparse@https://registry.npmjs.org/argparse/-/argparse-2.0.1.tgz. Extracting by manifest.
759 silly tarball no local data for array-buffer-byte-length@https://registry.npmjs.org/array-buffer-byte-length/-/array-buffer-byte-length-1.0.1.tgz. Extracting by manifest.
760 silly tarball no local data for are-we-there-yet@https://registry.npmjs.org/are-we-there-yet/-/are-we-there-yet-3.0.1.tgz. Extracting by manifest.
761 silly tarball no local data for archy@https://registry.npmjs.org/archy/-/archy-1.0.0.tgz. Extracting by manifest.
762 silly tarball no local data for aproba@https://registry.npmjs.org/aproba/-/aproba-2.0.0.tgz. Extracting by manifest.
763 silly tarball no local data for anymatch@https://registry.npmjs.org/anymatch/-/anymatch-3.1.2.tgz. Extracting by manifest.
764 silly tarball no local data for ansi-styles@https://registry.npmjs.org/ansi-styles/-/ansi-styles-4.3.0.tgz. Extracting by manifest.
765 silly tarball no local data for ansi-regex@https://registry.npmjs.org/ansi-regex/-/ansi-regex-5.0.1.tgz. Extracting by manifest.
766 silly tarball no local data for ansi-escapes@https://registry.npmjs.org/ansi-escapes/-/ansi-escapes-4.3.2.tgz. Extracting by manifest.
767 silly tarball no local data for ansi-align@https://registry.npmjs.org/ansi-align/-/ansi-align-3.0.1.tgz. Extracting by manifest.
768 silly tarball no local data for ajv-formats@https://registry.npmjs.org/ajv-formats/-/ajv-formats-2.1.1.tgz. Extracting by manifest.
769 silly tarball no local data for ajv-keywords@https://registry.npmjs.org/ajv-keywords/-/ajv-keywords-3.5.2.tgz. Extracting by manifest.
770 silly tarball no local data for ajv@https://registry.npmjs.org/ajv/-/ajv-6.12.6.tgz. Extracting by manifest.
771 silly tarball no local data for aggregate-error@https://registry.npmjs.org/aggregate-error/-/aggregate-error-3.1.0.tgz. Extracting by manifest.
772 silly tarball no local data for agentkeepalive@https://registry.npmjs.org/agentkeepalive/-/agentkeepalive-4.2.1.tgz. Extracting by manifest.
773 silly tarball no local data for agent-base@https://registry.npmjs.org/agent-base/-/agent-base-6.0.2.tgz. Extracting by manifest.
774 silly tarball no local data for acorn-import-assertions@https://registry.npmjs.org/acorn-import-assertions/-/acorn-import-assertions-1.9.0.tgz. Extracting by manifest.
775 silly tarball no local data for acorn-jsx@https://registry.npmjs.org/acorn-jsx/-/acorn-jsx-5.3.2.tgz. Extracting by manifest.
776 silly tarball no local data for acorn@https://registry.npmjs.org/acorn/-/acorn-8.11.3.tgz. Extracting by manifest.
777 silly tarball no local data for abstract-logging@https://registry.npmjs.org/abstract-logging/-/abstract-logging-2.0.1.tgz. Extracting by manifest.
778 silly tarball no local data for abbrev@https://registry.npmjs.org/abbrev/-/abbrev-1.1.1.tgz. Extracting by manifest.
779 silly tarball no local data for abort-controller@https://registry.npmjs.org/abort-controller/-/abort-controller-3.0.0.tgz. Extracting by manifest.
780 silly tarball no local data for @xtuc/long@https://registry.npmjs.org/@xtuc/long/-/long-4.2.2.tgz. Extracting by manifest.
781 silly tarball no local data for @xtuc/ieee754@https://registry.npmjs.org/@xtuc/ieee754/-/ieee754-1.2.0.tgz. Extracting by manifest.
782 silly tarball no local data for @webpack-cli/serve@https://registry.npmjs.org/@webpack-cli/serve/-/serve-2.0.5.tgz. Extracting by manifest.
783 silly tarball no local data for @webpack-cli/info@https://registry.npmjs.org/@webpack-cli/info/-/info-2.0.2.tgz. Extracting by manifest.
784 silly tarball no local data for @webpack-cli/configtest@https://registry.npmjs.org/@webpack-cli/configtest/-/configtest-2.1.1.tgz. Extracting by manifest.
785 silly tarball no local data for @webassemblyjs/wast-printer@https://registry.npmjs.org/@webassemblyjs/wast-printer/-/wast-printer-1.12.1.tgz. Extracting by manifest.
786 silly tarball no local data for @webassemblyjs/wasm-opt@https://registry.npmjs.org/@webassemblyjs/wasm-opt/-/wasm-opt-1.12.1.tgz. Extracting by manifest.
787 silly tarball no local data for @webassemblyjs/wasm-parser@https://registry.npmjs.org/@webassemblyjs/wasm-parser/-/wasm-parser-1.12.1.tgz. Extracting by manifest.
788 silly tarball no local data for @webassemblyjs/wasm-gen@https://registry.npmjs.org/@webassemblyjs/wasm-gen/-/wasm-gen-1.12.1.tgz. Extracting by manifest.
789 silly tarball no local data for @webassemblyjs/wasm-edit@https://registry.npmjs.org/@webassemblyjs/wasm-edit/-/wasm-edit-1.12.1.tgz. Extracting by manifest.
790 silly tarball no local data for @webassemblyjs/leb128@https://registry.npmjs.org/@webassemblyjs/leb128/-/leb128-1.11.6.tgz. Extracting by manifest.
791 silly tarball no local data for @webassemblyjs/utf8@https://registry.npmjs.org/@webassemblyjs/utf8/-/utf8-1.11.6.tgz. Extracting by manifest.
792 silly tarball no local data for @webassemblyjs/ieee754@https://registry.npmjs.org/@webassemblyjs/ieee754/-/ieee754-1.11.6.tgz. Extracting by manifest.
793 silly tarball no local data for @webassemblyjs/helper-wasm-section@https://registry.npmjs.org/@webassemblyjs/helper-wasm-section/-/helper-wasm-section-1.12.1.tgz. Extracting by manifest.
794 silly tarball no local data for @webassemblyjs/helper-wasm-bytecode@https://registry.npmjs.org/@webassemblyjs/helper-wasm-bytecode/-/helper-wasm-bytecode-1.11.6.tgz. Extracting by manifest.
795 silly tarball no local data for @webassemblyjs/helper-numbers@https://registry.npmjs.org/@webassemblyjs/helper-numbers/-/helper-numbers-1.11.6.tgz. Extracting by manifest.
796 silly tarball no local data for @webassemblyjs/helper-buffer@https://registry.npmjs.org/@webassemblyjs/helper-buffer/-/helper-buffer-1.12.1.tgz. Extracting by manifest.
797 silly tarball no local data for @webassemblyjs/helper-api-error@https://registry.npmjs.org/@webassemblyjs/helper-api-error/-/helper-api-error-1.11.6.tgz. Extracting by manifest.
798 silly tarball no local data for @webassemblyjs/floating-point-hex-parser@https://registry.npmjs.org/@webassemblyjs/floating-point-hex-parser/-/floating-point-hex-parser-1.11.6.tgz. Extracting by manifest.
799 silly tarball no local data for @webassemblyjs/ast@https://registry.npmjs.org/@webassemblyjs/ast/-/ast-1.12.1.tgz. Extracting by manifest.
800 silly tarball no local data for @vscode/sqlite3@https://registry.npmjs.org/@vscode/sqlite3/-/sqlite3-5.1.2.tgz. Extracting by manifest.
801 silly tarball no local data for @ungap/structured-clone@https://registry.npmjs.org/@ungap/structured-clone/-/structured-clone-1.2.0.tgz. Extracting by manifest.
802 silly tarball no local data for @types/yargs@https://registry.npmjs.org/@types/yargs/-/yargs-17.0.32.tgz. Extracting by manifest.
803 silly tarball no local data for @types/yargs-parser@https://registry.npmjs.org/@types/yargs-parser/-/yargs-parser-21.0.3.tgz. Extracting by manifest.
804 silly tarball no local data for @types/validator@https://registry.npmjs.org/@types/validator/-/validator-13.11.9.tgz. Extracting by manifest.
805 silly tarball no local data for @types/stack-utils@https://registry.npmjs.org/@types/stack-utils/-/stack-utils-2.0.3.tgz. Extracting by manifest.
806 silly tarball no local data for @types/responselike@https://registry.npmjs.org/@types/responselike/-/responselike-1.0.0.tgz. Extracting by manifest.
807 silly tarball no local data for @types/stack-trace@https://registry.npmjs.org/@types/stack-trace/-/stack-trace-0.0.29.tgz. Extracting by manifest.
808 silly tarball no local data for @types/semver-utils@https://registry.npmjs.org/@types/semver-utils/-/semver-utils-1.1.3.tgz. Extracting by manifest.
809 silly tarball no local data for @types/node@https://registry.npmjs.org/@types/node/-/node-20.12.7.tgz. Extracting by manifest.
810 silly tarball no local data for @types/keyv@https://registry.npmjs.org/@types/keyv/-/keyv-3.1.4.tgz. Extracting by manifest.
811 silly tarball no local data for @types/ms@https://registry.npmjs.org/@types/ms/-/ms-0.7.34.tgz. Extracting by manifest.
812 silly tarball no local data for @types/json5@https://registry.npmjs.org/@types/json5/-/json5-0.0.29.tgz. Extracting by manifest.
813 silly tarball no local data for @types/json-schema@https://registry.npmjs.org/@types/json-schema/-/json-schema-7.0.11.tgz. Extracting by manifest.
814 silly tarball no local data for @types/jest@https://registry.npmjs.org/@types/jest/-/jest-29.5.12.tgz. Extracting by manifest.
815 silly tarball no local data for @types/istanbul-reports@https://registry.npmjs.org/@types/istanbul-reports/-/istanbul-reports-3.0.4.tgz. Extracting by manifest.
816 silly tarball no local data for @types/istanbul-lib-report@https://registry.npmjs.org/@types/istanbul-lib-report/-/istanbul-lib-report-3.0.3.tgz. Extracting by manifest.
817 silly tarball no local data for @types/istanbul-lib-coverage@https://registry.npmjs.org/@types/istanbul-lib-coverage/-/istanbul-lib-coverage-2.0.6.tgz. Extracting by manifest.
818 silly tarball no local data for @types/http-cache-semantics@https://registry.npmjs.org/@types/http-cache-semantics/-/http-cache-semantics-4.0.1.tgz. Extracting by manifest.
819 silly tarball no local data for @types/graceful-fs@https://registry.npmjs.org/@types/graceful-fs/-/graceful-fs-4.1.9.tgz. Extracting by manifest.
820 silly tarball no local data for @types/estree@https://registry.npmjs.org/@types/estree/-/estree-1.0.5.tgz. Extracting by manifest.
821 silly tarball no local data for @types/eslint-scope@https://registry.npmjs.org/@types/eslint-scope/-/eslint-scope-3.7.4.tgz. Extracting by manifest.
822 silly tarball no local data for @types/eslint@https://registry.npmjs.org/@types/eslint/-/eslint-8.4.6.tgz. Extracting by manifest.
823 silly tarball no local data for @types/debug@https://registry.npmjs.org/@types/debug/-/debug-4.1.12.tgz. Extracting by manifest.
824 silly tarball no local data for @types/cacheable-request@https://registry.npmjs.org/@types/cacheable-request/-/cacheable-request-6.0.2.tgz. Extracting by manifest.
825 silly tarball no local data for @types/babel__traverse@https://registry.npmjs.org/@types/babel__traverse/-/babel__traverse-7.20.5.tgz. Extracting by manifest.
826 silly tarball no local data for @types/babel__generator@https://registry.npmjs.org/@types/babel__generator/-/babel__generator-7.6.8.tgz. Extracting by manifest.
827 silly tarball no local data for @types/babel__template@https://registry.npmjs.org/@types/babel__template/-/babel__template-7.4.4.tgz. Extracting by manifest.
828 silly tarball no local data for @types/babel__core@https://registry.npmjs.org/@types/babel__core/-/babel__core-7.20.5.tgz. Extracting by manifest.
829 silly tarball no local data for @tufjs/models@https://registry.npmjs.org/@tufjs/models/-/models-1.0.4.tgz. Extracting by manifest.
830 silly tarball no local data for @tootallnate/once@https://registry.npmjs.org/@tootallnate/once/-/once-2.0.0.tgz. Extracting by manifest.
831 silly tarball no local data for @tufjs/canonical-json@https://registry.npmjs.org/@tufjs/canonical-json/-/canonical-json-1.0.0.tgz. Extracting by manifest.
832 silly tarball no local data for @szmarczak/http-timer@https://registry.npmjs.org/@szmarczak/http-timer/-/http-timer-5.0.1.tgz. Extracting by manifest.
833 silly tarball no local data for @sinonjs/fake-timers@https://registry.npmjs.org/@sinonjs/fake-timers/-/fake-timers-10.3.0.tgz. Extracting by manifest.
834 silly tarball no local data for @sinonjs/commons@https://registry.npmjs.org/@sinonjs/commons/-/commons-3.0.1.tgz. Extracting by manifest.
835 silly tarball no local data for @sindresorhus/is@https://registry.npmjs.org/@sindresorhus/is/-/is-5.3.0.tgz. Extracting by manifest.
836 silly tarball no local data for @sigstore/tuf@https://registry.npmjs.org/@sigstore/tuf/-/tuf-1.0.3.tgz. Extracting by manifest.
837 silly tarball no local data for @sinclair/typebox@https://registry.npmjs.org/@sinclair/typebox/-/typebox-0.27.8.tgz. Extracting by manifest.
838 silly tarball no local data for @sigstore/protobuf-specs@https://registry.npmjs.org/@sigstore/protobuf-specs/-/protobuf-specs-0.2.1.tgz. Extracting by manifest.
839 silly tarball no local data for @sigstore/sign@https://registry.npmjs.org/@sigstore/sign/-/sign-1.0.0.tgz. Extracting by manifest.
840 silly tarball no local data for @sigstore/bundle@https://registry.npmjs.org/@sigstore/bundle/-/bundle-1.1.0.tgz. Extracting by manifest.
841 silly tarball no local data for @rails/ujs@https://registry.npmjs.org/@rails/ujs/-/ujs-7.1.3-2.tgz. Extracting by manifest.
842 silly tarball no local data for @pnpm/npm-conf@https://registry.npmjs.org/@pnpm/npm-conf/-/npm-conf-1.0.5.tgz. Extracting by manifest.
843 silly tarball no local data for @popperjs/core@https://registry.npmjs.org/@popperjs/core/-/core-2.11.8.tgz. Extracting by manifest.
844 silly tarball no local data for @pnpm/network.ca-file@https://registry.npmjs.org/@pnpm/network.ca-file/-/network.ca-file-1.0.1.tgz. Extracting by manifest.
845 silly tarball no local data for @pkgjs/parseargs@https://registry.npmjs.org/@pkgjs/parseargs/-/parseargs-0.11.0.tgz. Extracting by manifest.
846 silly tarball no local data for @one-ini/wasm@https://registry.npmjs.org/@one-ini/wasm/-/wasm-0.1.1.tgz. Extracting by manifest.
847 silly tarball no local data for @npmcli/run-script@https://registry.npmjs.org/@npmcli/run-script/-/run-script-6.0.2.tgz. Extracting by manifest.
848 silly tarball no local data for @npmcli/promise-spawn@https://registry.npmjs.org/@npmcli/promise-spawn/-/promise-spawn-6.0.2.tgz. Extracting by manifest.
849 silly tarball no local data for @npmcli/node-gyp@https://registry.npmjs.org/@npmcli/node-gyp/-/node-gyp-3.0.0.tgz. Extracting by manifest.
850 silly tarball no local data for @npmcli/installed-package-contents@https://registry.npmjs.org/@npmcli/installed-package-contents/-/installed-package-contents-2.0.2.tgz. Extracting by manifest.
851 silly tarball no local data for @npmcli/move-file@https://registry.npmjs.org/@npmcli/move-file/-/move-file-2.0.1.tgz. Extracting by manifest.
852 silly tarball no local data for @npmcli/git@https://registry.npmjs.org/@npmcli/git/-/git-4.1.0.tgz. Extracting by manifest.
853 silly tarball no local data for @npmcli/fs@https://registry.npmjs.org/@npmcli/fs/-/fs-3.1.0.tgz. Extracting by manifest.
854 silly tarball no local data for @nodelib/fs.walk@https://registry.npmjs.org/@nodelib/fs.walk/-/fs.walk-1.2.8.tgz. Extracting by manifest.
855 silly tarball no local data for @nodelib/fs.stat@https://registry.npmjs.org/@nodelib/fs.stat/-/fs.stat-2.0.5.tgz. Extracting by manifest.
856 silly tarball no local data for @nodelib/fs.scandir@https://registry.npmjs.org/@nodelib/fs.scandir/-/fs.scandir-2.1.5.tgz. Extracting by manifest.
857 silly tarball no local data for @lukeed/ms@https://registry.npmjs.org/@lukeed/ms/-/ms-2.0.2.tgz. Extracting by manifest.
858 silly tarball no local data for @jridgewell/sourcemap-codec@https://registry.npmjs.org/@jridgewell/sourcemap-codec/-/sourcemap-codec-1.4.15.tgz. Extracting by manifest.
859 silly tarball no local data for @jridgewell/source-map@https://registry.npmjs.org/@jridgewell/source-map/-/source-map-0.3.6.tgz. Extracting by manifest.
860 silly tarball no local data for @jridgewell/set-array@https://registry.npmjs.org/@jridgewell/set-array/-/set-array-1.2.1.tgz. Extracting by manifest.
861 silly tarball no local data for @jridgewell/resolve-uri@https://registry.npmjs.org/@jridgewell/resolve-uri/-/resolve-uri-3.1.2.tgz. Extracting by manifest.
862 silly tarball no local data for @jridgewell/gen-mapping@https://registry.npmjs.org/@jridgewell/gen-mapping/-/gen-mapping-0.3.5.tgz. Extracting by manifest.
863 silly tarball no local data for @jest/types@https://registry.npmjs.org/@jest/types/-/types-29.6.3.tgz. Extracting by manifest.
864 silly tarball no local data for @jest/transform@https://registry.npmjs.org/@jest/transform/-/transform-29.7.0.tgz. Extracting by manifest.
865 silly tarball no local data for @jest/test-result@https://registry.npmjs.org/@jest/test-result/-/test-result-29.7.0.tgz. Extracting by manifest.
866 silly tarball no local data for @jest/test-sequencer@https://registry.npmjs.org/@jest/test-sequencer/-/test-sequencer-29.7.0.tgz. Extracting by manifest.
867 silly tarball no local data for @jest/source-map@https://registry.npmjs.org/@jest/source-map/-/source-map-29.6.3.tgz. Extracting by manifest.
868 silly tarball no local data for @jest/schemas@https://registry.npmjs.org/@jest/schemas/-/schemas-29.6.3.tgz. Extracting by manifest.
869 silly tarball no local data for @jest/reporters@https://registry.npmjs.org/@jest/reporters/-/reporters-29.7.0.tgz. Extracting by manifest.
870 silly tarball no local data for @jest/globals@https://registry.npmjs.org/@jest/globals/-/globals-29.7.0.tgz. Extracting by manifest.
871 silly tarball no local data for @jest/fake-timers@https://registry.npmjs.org/@jest/fake-timers/-/fake-timers-29.7.0.tgz. Extracting by manifest.
872 silly tarball no local data for @jest/expect-utils@https://registry.npmjs.org/@jest/expect-utils/-/expect-utils-29.7.0.tgz. Extracting by manifest.
873 silly tarball no local data for @jest/expect@https://registry.npmjs.org/@jest/expect/-/expect-29.7.0.tgz. Extracting by manifest.
874 silly tarball no local data for @jest/environment@https://registry.npmjs.org/@jest/environment/-/environment-29.7.0.tgz. Extracting by manifest.
875 silly tarball no local data for @jest/core@https://registry.npmjs.org/@jest/core/-/core-29.7.0.tgz. Extracting by manifest.
876 silly tarball no local data for @jest/console@https://registry.npmjs.org/@jest/console/-/console-29.7.0.tgz. Extracting by manifest.
877 silly tarball no local data for @istanbuljs/schema@https://registry.npmjs.org/@istanbuljs/schema/-/schema-0.1.3.tgz. Extracting by manifest.
878 silly tarball no local data for @istanbuljs/load-nyc-config@https://registry.npmjs.org/@istanbuljs/load-nyc-config/-/load-nyc-config-1.1.0.tgz. Extracting by manifest.
879 silly tarball no local data for @isaacs/cliui@https://registry.npmjs.org/@isaacs/cliui/-/cliui-8.0.2.tgz. Extracting by manifest.
880 silly tarball no local data for @humanwhocodes/module-importer@https://registry.npmjs.org/@humanwhocodes/module-importer/-/module-importer-1.0.1.tgz. Extracting by manifest.
881 silly tarball no local data for @humanwhocodes/object-schema@https://registry.npmjs.org/@humanwhocodes/object-schema/-/object-schema-2.0.3.tgz. Extracting by manifest.
882 silly tarball no local data for @gar/promisify@https://registry.npmjs.org/@gar/promisify/-/promisify-1.1.3.tgz. Extracting by manifest.
883 silly tarball no local data for @humanwhocodes/config-array@https://registry.npmjs.org/@humanwhocodes/config-array/-/config-array-0.11.14.tgz. Extracting by manifest.
884 silly tarball no local data for @fastify/view@https://registry.npmjs.org/@fastify/view/-/view-9.0.0.tgz. Extracting by manifest.
885 silly tarball no local data for @fastify/static@https://registry.npmjs.org/@fastify/static/-/static-7.0.3.tgz. Extracting by manifest.
886 silly tarball no local data for @fastify/sensible@https://registry.npmjs.org/@fastify/sensible/-/sensible-5.5.0.tgz. Extracting by manifest.
887 silly tarball no local data for @fastify/send@https://registry.npmjs.org/@fastify/send/-/send-2.1.0.tgz. Extracting by manifest.
888 silly tarball no local data for @fastify/merge-json-schemas@https://registry.npmjs.org/@fastify/merge-json-schemas/-/merge-json-schemas-0.1.1.tgz. Extracting by manifest.
889 silly tarball no local data for @fastify/secure-session@https://registry.npmjs.org/@fastify/secure-session/-/secure-session-7.5.1.tgz. Extracting by manifest.
890 silly tarball no local data for @fastify/formbody@https://registry.npmjs.org/@fastify/formbody/-/formbody-7.4.0.tgz. Extracting by manifest.
891 silly tarball no local data for @fastify/flash@https://registry.npmjs.org/@fastify/flash/-/flash-5.1.0.tgz. Extracting by manifest.
892 silly tarball no local data for @fastify/fast-json-stringify-compiler@https://registry.npmjs.org/@fastify/fast-json-stringify-compiler/-/fast-json-stringify-compiler-4.3.0.tgz. Extracting by manifest.
893 silly tarball no local data for @fastify/error@https://registry.npmjs.org/@fastify/error/-/error-3.4.1.tgz. Extracting by manifest.
894 silly tarball no local data for @fastify/deepmerge@https://registry.npmjs.org/@fastify/deepmerge/-/deepmerge-1.3.0.tgz. Extracting by manifest.
895 silly tarball no local data for @fastify/cookie@https://registry.npmjs.org/@fastify/cookie/-/cookie-9.3.1.tgz. Extracting by manifest.
896 silly tarball no local data for @fastify/ajv-compiler@https://registry.npmjs.org/@fastify/ajv-compiler/-/ajv-compiler-3.5.0.tgz. Extracting by manifest.
897 silly tarball no local data for @fastify/accept-negotiator@https://registry.npmjs.org/@fastify/accept-negotiator/-/accept-negotiator-1.0.0.tgz. Extracting by manifest.
898 silly tarball no local data for @eslint/js@https://registry.npmjs.org/@eslint/js/-/js-9.1.1.tgz. Extracting by manifest.
899 silly tarball no local data for @eslint-community/regexpp@https://registry.npmjs.org/@eslint-community/regexpp/-/regexpp-4.10.0.tgz. Extracting by manifest.
900 silly tarball no local data for @eslint/eslintrc@https://registry.npmjs.org/@eslint/eslintrc/-/eslintrc-3.0.2.tgz. Extracting by manifest.
901 silly tarball no local data for @eslint-community/eslint-utils@https://registry.npmjs.org/@eslint-community/eslint-utils/-/eslint-utils-4.4.0.tgz. Extracting by manifest.
902 silly tarball no local data for @discoveryjs/json-ext@https://registry.npmjs.org/@discoveryjs/json-ext/-/json-ext-0.5.7.tgz. Extracting by manifest.
903 silly tarball no local data for @colors/colors@https://registry.npmjs.org/@colors/colors/-/colors-1.5.0.tgz. Extracting by manifest.
904 silly tarball no local data for @bcoe/v8-coverage@https://registry.npmjs.org/@bcoe/v8-coverage/-/v8-coverage-0.2.3.tgz. Extracting by manifest.
905 silly tarball no local data for @babel/types@https://registry.npmjs.org/@babel/types/-/types-7.24.0.tgz. Extracting by manifest.
906 silly tarball no local data for @babel/template@https://registry.npmjs.org/@babel/template/-/template-7.24.0.tgz. Extracting by manifest.
907 silly tarball no local data for @babel/traverse@https://registry.npmjs.org/@babel/traverse/-/traverse-7.24.1.tgz. Extracting by manifest.
908 silly tarball no local data for @babel/runtime@https://registry.npmjs.org/@babel/runtime/-/runtime-7.24.4.tgz. Extracting by manifest.
909 silly tarball no local data for @babel/plugin-syntax-typescript@https://registry.npmjs.org/@babel/plugin-syntax-typescript/-/plugin-syntax-typescript-7.24.1.tgz. Extracting by manifest.
910 silly tarball no local data for @babel/plugin-syntax-optional-chaining@https://registry.npmjs.org/@babel/plugin-syntax-optional-chaining/-/plugin-syntax-optional-chaining-7.8.3.tgz. Extracting by manifest.
911 silly tarball no local data for @babel/plugin-syntax-top-level-await@https://registry.npmjs.org/@babel/plugin-syntax-top-level-await/-/plugin-syntax-top-level-await-7.14.5.tgz. Extracting by manifest.
912 silly tarball no local data for @babel/plugin-syntax-optional-catch-binding@https://registry.npmjs.org/@babel/plugin-syntax-optional-catch-binding/-/plugin-syntax-optional-catch-binding-7.8.3.tgz. Extracting by manifest.
913 silly tarball no local data for @babel/plugin-syntax-object-rest-spread@https://registry.npmjs.org/@babel/plugin-syntax-object-rest-spread/-/plugin-syntax-object-rest-spread-7.8.3.tgz. Extracting by manifest.
914 silly tarball no local data for @babel/plugin-syntax-nullish-coalescing-operator@https://registry.npmjs.org/@babel/plugin-syntax-nullish-coalescing-operator/-/plugin-syntax-nullish-coalescing-operator-7.8.3.tgz. Extracting by manifest.
915 silly tarball no local data for @babel/plugin-syntax-numeric-separator@https://registry.npmjs.org/@babel/plugin-syntax-numeric-separator/-/plugin-syntax-numeric-separator-7.10.4.tgz. Extracting by manifest.
916 silly tarball no local data for @babel/plugin-syntax-logical-assignment-operators@https://registry.npmjs.org/@babel/plugin-syntax-logical-assignment-operators/-/plugin-syntax-logical-assignment-operators-7.10.4.tgz. Extracting by manifest.
917 silly tarball no local data for @babel/plugin-syntax-jsx@https://registry.npmjs.org/@babel/plugin-syntax-jsx/-/plugin-syntax-jsx-7.24.1.tgz. Extracting by manifest.
918 silly tarball no local data for @babel/plugin-syntax-json-strings@https://registry.npmjs.org/@babel/plugin-syntax-json-strings/-/plugin-syntax-json-strings-7.8.3.tgz. Extracting by manifest.
919 silly tarball no local data for @babel/plugin-syntax-import-meta@https://registry.npmjs.org/@babel/plugin-syntax-import-meta/-/plugin-syntax-import-meta-7.10.4.tgz. Extracting by manifest.
920 silly tarball no local data for @babel/plugin-syntax-class-properties@https://registry.npmjs.org/@babel/plugin-syntax-class-properties/-/plugin-syntax-class-properties-7.12.13.tgz. Extracting by manifest.
921 silly tarball no local data for @babel/plugin-syntax-async-generators@https://registry.npmjs.org/@babel/plugin-syntax-async-generators/-/plugin-syntax-async-generators-7.8.4.tgz. Extracting by manifest.
922 silly tarball no local data for @babel/parser@https://registry.npmjs.org/@babel/parser/-/parser-7.24.4.tgz. Extracting by manifest.
923 silly tarball no local data for @babel/plugin-syntax-bigint@https://registry.npmjs.org/@babel/plugin-syntax-bigint/-/plugin-syntax-bigint-7.8.3.tgz. Extracting by manifest.
924 silly tarball no local data for @babel/highlight@https://registry.npmjs.org/@babel/highlight/-/highlight-7.24.2.tgz. Extracting by manifest.
925 silly tarball no local data for @babel/helpers@https://registry.npmjs.org/@babel/helpers/-/helpers-7.24.4.tgz. Extracting by manifest.
926 silly tarball no local data for @babel/helper-validator-option@https://registry.npmjs.org/@babel/helper-validator-option/-/helper-validator-option-7.23.5.tgz. Extracting by manifest.
927 silly tarball no local data for @babel/helper-validator-identifier@https://registry.npmjs.org/@babel/helper-validator-identifier/-/helper-validator-identifier-7.22.20.tgz. Extracting by manifest.
928 silly tarball no local data for @babel/helper-split-export-declaration@https://registry.npmjs.org/@babel/helper-split-export-declaration/-/helper-split-export-declaration-7.22.6.tgz. Extracting by manifest.
929 silly tarball no local data for @babel/helper-string-parser@https://registry.npmjs.org/@babel/helper-string-parser/-/helper-string-parser-7.24.1.tgz. Extracting by manifest.
930 silly tarball no local data for @babel/helper-simple-access@https://registry.npmjs.org/@babel/helper-simple-access/-/helper-simple-access-7.22.5.tgz. Extracting by manifest.
931 silly tarball no local data for @babel/helper-plugin-utils@https://registry.npmjs.org/@babel/helper-plugin-utils/-/helper-plugin-utils-7.24.0.tgz. Extracting by manifest.
932 silly tarball no local data for @babel/helper-module-transforms@https://registry.npmjs.org/@babel/helper-module-transforms/-/helper-module-transforms-7.23.3.tgz. Extracting by manifest.
933 silly tarball no local data for @babel/helper-module-imports@https://registry.npmjs.org/@babel/helper-module-imports/-/helper-module-imports-7.24.3.tgz. Extracting by manifest.
934 silly tarball no local data for @babel/helper-hoist-variables@https://registry.npmjs.org/@babel/helper-hoist-variables/-/helper-hoist-variables-7.22.5.tgz. Extracting by manifest.
935 silly tarball no local data for @babel/helper-function-name@https://registry.npmjs.org/@babel/helper-function-name/-/helper-function-name-7.23.0.tgz. Extracting by manifest.
936 silly tarball no local data for @babel/helper-compilation-targets@https://registry.npmjs.org/@babel/helper-compilation-targets/-/helper-compilation-targets-7.23.6.tgz. Extracting by manifest.
937 silly tarball no local data for @babel/helper-environment-visitor@https://registry.npmjs.org/@babel/helper-environment-visitor/-/helper-environment-visitor-7.22.20.tgz. Extracting by manifest.
938 silly tarball no local data for @babel/generator@https://registry.npmjs.org/@babel/generator/-/generator-7.24.4.tgz. Extracting by manifest.
939 silly tarball no local data for @babel/core@https://registry.npmjs.org/@babel/core/-/core-7.24.4.tgz. Extracting by manifest.
940 silly tarball no local data for @babel/code-frame@https://registry.npmjs.org/@babel/code-frame/-/code-frame-7.24.2.tgz. Extracting by manifest.
941 silly tarball no local data for @babel/compat-data@https://registry.npmjs.org/@babel/compat-data/-/compat-data-7.24.4.tgz. Extracting by manifest.
942 silly tarball no local data for @aashutoshrathi/word-wrap@https://registry.npmjs.org/@aashutoshrathi/word-wrap/-/word-wrap-1.2.6.tgz. Extracting by manifest.
943 silly tarball no local data for @ampproject/remapping@https://registry.npmjs.org/@ampproject/remapping/-/remapping-2.3.0.tgz. Extracting by manifest.
944 silly tarball no local data for string-width@https://registry.npmjs.org/string-width/-/string-width-5.1.2.tgz. Extracting by manifest.
945 silly tarball no local data for cookie@https://registry.npmjs.org/cookie/-/cookie-0.4.2.tgz. Extracting by manifest.
946 silly tarball no local data for emoji-regex@https://registry.npmjs.org/emoji-regex/-/emoji-regex-9.2.2.tgz. Extracting by manifest.
947 silly tarball no local data for strip-ansi@https://registry.npmjs.org/strip-ansi/-/strip-ansi-7.0.1.tgz. Extracting by manifest.
948 silly tarball no local data for ansi-regex@https://registry.npmjs.org/ansi-regex/-/ansi-regex-6.0.1.tgz. Extracting by manifest.
949 silly tarball no local data for ansi-styles@https://registry.npmjs.org/ansi-styles/-/ansi-styles-6.1.0.tgz. Extracting by manifest.
950 silly tarball no local data for strip-ansi@https://registry.npmjs.org/strip-ansi/-/strip-ansi-7.0.1.tgz. Extracting by manifest.
951 silly tarball no local data for string-width@https://registry.npmjs.org/string-width/-/string-width-5.1.2.tgz. Extracting by manifest.
952 silly tarball no local data for emoji-regex@https://registry.npmjs.org/emoji-regex/-/emoji-regex-9.2.2.tgz. Extracting by manifest.
953 silly tarball no local data for ansi-regex@https://registry.npmjs.org/ansi-regex/-/ansi-regex-6.0.1.tgz. Extracting by manifest.
954 silly tarball no local data for interpret@https://registry.npmjs.org/interpret/-/interpret-3.1.1.tgz. Extracting by manifest.
955 silly tarball no local data for schema-utils@https://registry.npmjs.org/schema-utils/-/schema-utils-3.3.0.tgz. Extracting by manifest.
956 silly tarball no local data for graceful-fs@https://registry.npmjs.org/graceful-fs/-/graceful-fs-4.2.11.tgz. Extracting by manifest.
957 silly tarball no local data for estraverse@https://registry.npmjs.org/estraverse/-/estraverse-4.3.0.tgz. Extracting by manifest.
958 silly tarball no local data for eslint-scope@https://registry.npmjs.org/eslint-scope/-/eslint-scope-5.1.1.tgz. Extracting by manifest.
959 silly tarball no local data for chalk@https://registry.npmjs.org/chalk/-/chalk-5.0.1.tgz. Extracting by manifest.
960 silly tarball no local data for strip-bom@https://registry.npmjs.org/strip-bom/-/strip-bom-3.0.0.tgz. Extracting by manifest.
961 silly tarball no local data for json5@https://registry.npmjs.org/json5/-/json5-1.0.2.tgz. Extracting by manifest.
962 silly tarball no local data for supports-color@https://registry.npmjs.org/supports-color/-/supports-color-8.1.1.tgz. Extracting by manifest.
963 silly tarball no local data for glob@https://registry.npmjs.org/glob/-/glob-7.2.3.tgz. Extracting by manifest.
964 silly tarball no local data for jest-worker@https://registry.npmjs.org/jest-worker/-/jest-worker-27.5.1.tgz. Extracting by manifest.
965 silly tarball no local data for schema-utils@https://registry.npmjs.org/schema-utils/-/schema-utils-3.3.0.tgz. Extracting by manifest.
966 silly tarball no local data for commander@https://registry.npmjs.org/commander/-/commander-2.20.3.tgz. Extracting by manifest.
967 silly tarball no local data for source-map-support@https://registry.npmjs.org/source-map-support/-/source-map-support-0.5.21.tgz. Extracting by manifest.
968 silly tarball no local data for chownr@https://registry.npmjs.org/chownr/-/chownr-1.1.4.tgz. Extracting by manifest.
969 silly tarball no local data for escape-string-regexp@https://registry.npmjs.org/escape-string-regexp/-/escape-string-regexp-2.0.0.tgz. Extracting by manifest.
970 silly tarball no local data for minipass@https://registry.npmjs.org/minipass/-/minipass-7.0.4.tgz. Extracting by manifest.
971 silly tarball no local data for ssri@https://registry.npmjs.org/ssri/-/ssri-8.0.1.tgz. Extracting by manifest.
972 silly tarball no local data for socks-proxy-agent@https://registry.npmjs.org/socks-proxy-agent/-/socks-proxy-agent-6.2.1.tgz. Extracting by manifest.
973 silly tarball no local data for node-gyp@https://registry.npmjs.org/node-gyp/-/node-gyp-8.4.1.tgz. Extracting by manifest.
974 silly tarball no local data for node-addon-api@https://registry.npmjs.org/node-addon-api/-/node-addon-api-7.1.0.tgz. Extracting by manifest.
975 silly tarball no local data for minipass-fetch@https://registry.npmjs.org/minipass-fetch/-/minipass-fetch-1.4.1.tgz. Extracting by manifest.
976 silly tarball no local data for http-proxy-agent@https://registry.npmjs.org/http-proxy-agent/-/http-proxy-agent-4.0.1.tgz. Extracting by manifest.
977 silly tarball no local data for make-fetch-happen@https://registry.npmjs.org/make-fetch-happen/-/make-fetch-happen-9.1.0.tgz. Extracting by manifest.
978 silly tarball no local data for lru-cache@https://registry.npmjs.org/lru-cache/-/lru-cache-6.0.0.tgz. Extracting by manifest.
979 silly tarball no local data for glob@https://registry.npmjs.org/glob/-/glob-7.2.3.tgz. Extracting by manifest.
980 silly tarball no local data for cacache@https://registry.npmjs.org/cacache/-/cacache-15.3.0.tgz. Extracting by manifest.
981 silly tarball no local data for @tootallnate/once@https://registry.npmjs.org/@tootallnate/once/-/once-1.1.2.tgz. Extracting by manifest.
982 silly tarball no local data for @npmcli/move-file@https://registry.npmjs.org/@npmcli/move-file/-/move-file-1.1.2.tgz. Extracting by manifest.
983 silly tarball no local data for @npmcli/fs@https://registry.npmjs.org/@npmcli/fs/-/fs-1.1.1.tgz. Extracting by manifest.
984 silly tarball no local data for @jridgewell/trace-mapping@https://registry.npmjs.org/@jridgewell/trace-mapping/-/trace-mapping-0.3.25.tgz. Extracting by manifest.
985 silly tarball no local data for yargs@https://registry.npmjs.org/yargs/-/yargs-16.2.0.tgz. Extracting by manifest.
986 silly tarball no local data for yargs-parser@https://registry.npmjs.org/yargs-parser/-/yargs-parser-20.2.9.tgz. Extracting by manifest.
987 silly tarball no local data for wrap-ansi@https://registry.npmjs.org/wrap-ansi/-/wrap-ansi-7.0.0.tgz. Extracting by manifest.
988 silly tarball no local data for cliui@https://registry.npmjs.org/cliui/-/cliui-7.0.4.tgz. Extracting by manifest.
989 silly tarball no local data for json-schema-traverse@https://registry.npmjs.org/json-schema-traverse/-/json-schema-traverse-1.0.0.tgz. Extracting by manifest.
990 silly tarball no local data for ajv-keywords@https://registry.npmjs.org/ajv-keywords/-/ajv-keywords-5.1.0.tgz. Extracting by manifest.
991 silly tarball no local data for ajv@https://registry.npmjs.org/ajv/-/ajv-8.11.0.tgz. Extracting by manifest.
992 silly tarball no local data for glob@https://registry.npmjs.org/glob/-/glob-7.2.3.tgz. Extracting by manifest.
993 silly tarball no local data for lowercase-keys@https://registry.npmjs.org/lowercase-keys/-/lowercase-keys-2.0.0.tgz. Extracting by manifest.
994 silly tarball no local data for json-parse-even-better-errors@https://registry.npmjs.org/json-parse-even-better-errors/-/json-parse-even-better-errors-3.0.1.tgz. Extracting by manifest.
995 silly tarball no local data for strip-json-comments@https://registry.npmjs.org/strip-json-comments/-/strip-json-comments-2.0.1.tgz. Extracting by manifest.
996 silly tarball no local data for json-parse-even-better-errors@https://registry.npmjs.org/json-parse-even-better-errors/-/json-parse-even-better-errors-3.0.1.tgz. Extracting by manifest.
997 silly tarball no local data for ini@https://registry.npmjs.org/ini/-/ini-1.3.8.tgz. Extracting by manifest.
998 silly tarball no local data for kleur@https://registry.npmjs.org/kleur/-/kleur-4.1.5.tgz. Extracting by manifest.
999 silly tarball no local data for ansi-styles@https://registry.npmjs.org/ansi-styles/-/ansi-styles-5.2.0.tgz. Extracting by manifest.
1000 silly tarball no local data for p-locate@https://registry.npmjs.org/p-locate/-/p-locate-3.0.0.tgz. Extracting by manifest.
1001 silly tarball no local data for path-exists@https://registry.npmjs.org/path-exists/-/path-exists-3.0.0.tgz. Extracting by manifest.
1002 silly tarball no local data for locate-path@https://registry.npmjs.org/locate-path/-/locate-path-3.0.0.tgz. Extracting by manifest.
1003 silly tarball no local data for p-limit@https://registry.npmjs.org/p-limit/-/p-limit-2.3.0.tgz. Extracting by manifest.
1004 silly tarball no local data for find-up@https://registry.npmjs.org/find-up/-/find-up-3.0.0.tgz. Extracting by manifest.
1005 silly tarball no local data for p-locate@https://registry.npmjs.org/p-locate/-/p-locate-4.1.0.tgz. Extracting by manifest.
1006 silly tarball no local data for p-limit@https://registry.npmjs.org/p-limit/-/p-limit-2.3.0.tgz. Extracting by manifest.
1007 silly tarball no local data for locate-path@https://registry.npmjs.org/locate-path/-/locate-path-5.0.0.tgz. Extracting by manifest.
1008 silly tarball no local data for find-up@https://registry.npmjs.org/find-up/-/find-up-4.1.0.tgz. Extracting by manifest.
1009 silly tarball no local data for readable-stream@https://registry.npmjs.org/readable-stream/-/readable-stream-4.5.2.tgz. Extracting by manifest.
1010 silly tarball no local data for help-me@https://registry.npmjs.org/help-me/-/help-me-5.0.0.tgz. Extracting by manifest.
1011 silly tarball no local data for buffer@https://registry.npmjs.org/buffer/-/buffer-6.0.3.tgz. Extracting by manifest.
1012 silly tarball no local data for split2@https://registry.npmjs.org/split2/-/split2-4.2.0.tgz. Extracting by manifest.
1013 silly tarball no local data for readable-stream@https://registry.npmjs.org/readable-stream/-/readable-stream-4.5.2.tgz. Extracting by manifest.
1014 silly tarball no local data for buffer@https://registry.npmjs.org/buffer/-/buffer-6.0.3.tgz. Extracting by manifest.
1015 silly tarball no local data for split2@https://registry.npmjs.org/split2/-/split2-4.2.0.tgz. Extracting by manifest.
1016 silly tarball no local data for pg-connection-string@https://registry.npmjs.org/pg-connection-string/-/pg-connection-string-2.6.4.tgz. Extracting by manifest.
1017 silly tarball no local data for minipass@https://registry.npmjs.org/minipass/-/minipass-7.0.4.tgz. Extracting by manifest.
1018 silly tarball no local data for lru-cache@https://registry.npmjs.org/lru-cache/-/lru-cache-10.2.0.tgz. Extracting by manifest.
1019 silly tarball no local data for minipass@https://registry.npmjs.org/minipass/-/minipass-5.0.0.tgz. Extracting by manifest.
1020 silly tarball no local data for fs-minipass@https://registry.npmjs.org/fs-minipass/-/fs-minipass-3.0.3.tgz. Extracting by manifest.
1021 silly tarball no local data for minipass@https://registry.npmjs.org/minipass/-/minipass-7.0.4.tgz. Extracting by manifest.
1022 silly tarball no local data for json-schema-traverse@https://registry.npmjs.org/json-schema-traverse/-/json-schema-traverse-1.0.0.tgz. Extracting by manifest.
1023 silly tarball no local data for ajv@https://registry.npmjs.org/ajv/-/ajv-8.12.0.tgz. Extracting by manifest.
1024 silly tarball no local data for minipass@https://registry.npmjs.org/minipass/-/minipass-5.0.0.tgz. Extracting by manifest.
1025 silly tarball no local data for hosted-git-info@https://registry.npmjs.org/hosted-git-info/-/hosted-git-info-6.1.1.tgz. Extracting by manifest.
1026 silly tarball no local data for strip-json-comments@https://registry.npmjs.org/strip-json-comments/-/strip-json-comments-5.0.1.tgz. Extracting by manifest.
1027 silly tarball no local data for strip-ansi@https://registry.npmjs.org/strip-ansi/-/strip-ansi-7.1.0.tgz. Extracting by manifest.
1028 silly tarball no local data for source-map-support@https://registry.npmjs.org/source-map-support/-/source-map-support-0.5.21.tgz. Extracting by manifest.
1029 silly tarball no local data for rimraf@https://registry.npmjs.org/rimraf/-/rimraf-5.0.5.tgz. Extracting by manifest.
1030 silly tarball no local data for minimatch@https://registry.npmjs.org/minimatch/-/minimatch-9.0.4.tgz. Extracting by manifest.
1031 silly tarball no local data for ini@https://registry.npmjs.org/ini/-/ini-4.1.2.tgz. Extracting by manifest.
1032 silly tarball no local data for chalk@https://registry.npmjs.org/chalk/-/chalk-5.3.0.tgz. Extracting by manifest.
1033 silly tarball no local data for brace-expansion@https://registry.npmjs.org/brace-expansion/-/brace-expansion-2.0.1.tgz. Extracting by manifest.
1034 silly tarball no local data for ansi-regex@https://registry.npmjs.org/ansi-regex/-/ansi-regex-6.0.1.tgz. Extracting by manifest.
1035 silly tarball no local data for lru-cache@https://registry.npmjs.org/lru-cache/-/lru-cache-7.18.3.tgz. Extracting by manifest.
1036 silly tarball no local data for hosted-git-info@https://registry.npmjs.org/hosted-git-info/-/hosted-git-info-6.1.1.tgz. Extracting by manifest.
1037 silly tarball no local data for unique-slug@https://registry.npmjs.org/unique-slug/-/unique-slug-3.0.0.tgz. Extracting by manifest.
1038 silly tarball no local data for unique-filename@https://registry.npmjs.org/unique-filename/-/unique-filename-2.0.1.tgz. Extracting by manifest.
1039 silly tarball no local data for ssri@https://registry.npmjs.org/ssri/-/ssri-9.0.1.tgz. Extracting by manifest.
1040 silly tarball no local data for nopt@https://registry.npmjs.org/nopt/-/nopt-6.0.0.tgz. Extracting by manifest.
1041 silly tarball no local data for minipass-fetch@https://registry.npmjs.org/minipass-fetch/-/minipass-fetch-2.1.2.tgz. Extracting by manifest.
1042 silly tarball no local data for make-fetch-happen@https://registry.npmjs.org/make-fetch-happen/-/make-fetch-happen-10.2.1.tgz. Extracting by manifest.
1043 silly tarball no local data for lru-cache@https://registry.npmjs.org/lru-cache/-/lru-cache-7.18.3.tgz. Extracting by manifest.
1044 silly tarball no local data for glob@https://registry.npmjs.org/glob/-/glob-7.2.3.tgz. Extracting by manifest.
1045 silly tarball no local data for cacache@https://registry.npmjs.org/cacache/-/cacache-16.1.3.tgz. Extracting by manifest.
1046 silly tarball no local data for minimatch@https://registry.npmjs.org/minimatch/-/minimatch-5.1.6.tgz. Extracting by manifest.
1047 silly tarball no local data for glob@https://registry.npmjs.org/glob/-/glob-8.1.0.tgz. Extracting by manifest.
1048 silly tarball no local data for brace-expansion@https://registry.npmjs.org/brace-expansion/-/brace-expansion-2.0.1.tgz. Extracting by manifest.
1049 silly tarball no local data for @npmcli/fs@https://registry.npmjs.org/@npmcli/fs/-/fs-2.1.2.tgz. Extracting by manifest.
1050 silly tarball no local data for minipass@https://registry.npmjs.org/minipass/-/minipass-7.0.4.tgz. Extracting by manifest.
1051 silly tarball no local data for minipass@https://registry.npmjs.org/minipass/-/minipass-5.0.0.tgz. Extracting by manifest.
1052 silly tarball no local data for lru-cache@https://registry.npmjs.org/lru-cache/-/lru-cache-7.18.3.tgz. Extracting by manifest.
1053 silly tarball no local data for yallist@https://registry.npmjs.org/yallist/-/yallist-3.1.1.tgz. Extracting by manifest.
1054 silly tarball no local data for nopt@https://registry.npmjs.org/nopt/-/nopt-7.2.0.tgz. Extracting by manifest.
1055 silly tarball no local data for abbrev@https://registry.npmjs.org/abbrev/-/abbrev-2.0.0.tgz. Extracting by manifest.
1056 silly tarball no local data for supports-color@https://registry.npmjs.org/supports-color/-/supports-color-8.1.1.tgz. Extracting by manifest.
1057 silly tarball no local data for camelcase@https://registry.npmjs.org/camelcase/-/camelcase-6.3.0.tgz. Extracting by manifest.
1058 silly tarball no local data for glob@https://registry.npmjs.org/glob/-/glob-7.2.3.tgz. Extracting by manifest.
1059 silly tarball no local data for glob@https://registry.npmjs.org/glob/-/glob-7.2.3.tgz. Extracting by manifest.
1060 silly tarball no local data for acorn@https://registry.npmjs.org/acorn/-/acorn-7.4.1.tgz. Extracting by manifest.
1061 silly tarball no local data for resolve-from@https://registry.npmjs.org/resolve-from/-/resolve-from-4.0.0.tgz. Extracting by manifest.
1062 silly tarball no local data for minimatch@https://registry.npmjs.org/minimatch/-/minimatch-9.0.4.tgz. Extracting by manifest.
1063 silly tarball no local data for brace-expansion@https://registry.npmjs.org/brace-expansion/-/brace-expansion-2.0.1.tgz. Extracting by manifest.
1064 silly tarball no local data for lru-cache@https://registry.npmjs.org/lru-cache/-/lru-cache-7.18.3.tgz. Extracting by manifest.
1065 silly tarball no local data for minimatch@https://registry.npmjs.org/minimatch/-/minimatch-5.1.6.tgz. Extracting by manifest.
1066 silly tarball no local data for glob@https://registry.npmjs.org/glob/-/glob-8.1.0.tgz. Extracting by manifest.
1067 silly tarball no local data for lru-cache@https://registry.npmjs.org/lru-cache/-/lru-cache-6.0.0.tgz. Extracting by manifest.
1068 silly tarball no local data for lru-cache@https://registry.npmjs.org/lru-cache/-/lru-cache-7.18.3.tgz. Extracting by manifest.
1069 silly tarball no local data for brace-expansion@https://registry.npmjs.org/brace-expansion/-/brace-expansion-2.0.1.tgz. Extracting by manifest.
1070 silly tarball no local data for minipass@https://registry.npmjs.org/minipass/-/minipass-7.0.4.tgz. Extracting by manifest.
1071 silly tarball no local data for minimatch@https://registry.npmjs.org/minimatch/-/minimatch-9.0.4.tgz. Extracting by manifest.
1072 silly tarball no local data for brace-expansion@https://registry.npmjs.org/brace-expansion/-/brace-expansion-2.0.1.tgz. Extracting by manifest.
1073 silly tarball no local data for signal-exit@https://registry.npmjs.org/signal-exit/-/signal-exit-4.1.0.tgz. Extracting by manifest.
1074 silly tarball no local data for pg-connection-string@https://registry.npmjs.org/pg-connection-string/-/pg-connection-string-2.6.1.tgz. Extracting by manifest.
1075 silly tarball no local data for knex@https://registry.npmjs.org/knex/-/knex-2.5.1.tgz. Extracting by manifest.
1076 silly tarball no local data for fastify-plugin@https://registry.npmjs.org/fastify-plugin/-/fastify-plugin-4.5.1.tgz. Extracting by manifest.
1077 silly tarball no local data for fastify-plugin@https://registry.npmjs.org/fastify-plugin/-/fastify-plugin-4.5.1.tgz. Extracting by manifest.
1078 silly tarball no local data for fastify-plugin@https://registry.npmjs.org/fastify-plugin/-/fastify-plugin-2.3.4.tgz. Extracting by manifest.
1079 silly tarball no local data for readable-stream@https://registry.npmjs.org/readable-stream/-/readable-stream-4.5.2.tgz. Extracting by manifest.
1080 silly tarball no local data for pino-pretty@https://registry.npmjs.org/pino-pretty/-/pino-pretty-10.3.1.tgz. Extracting by manifest.
1081 silly tarball no local data for fastify-plugin@https://registry.npmjs.org/fastify-plugin/-/fastify-plugin-4.5.1.tgz. Extracting by manifest.
1082 silly tarball no local data for help-me@https://registry.npmjs.org/help-me/-/help-me-5.0.0.tgz. Extracting by manifest.
1083 silly tarball no local data for buffer@https://registry.npmjs.org/buffer/-/buffer-6.0.3.tgz. Extracting by manifest.
1084 silly tarball no local data for ajv-formats@https://registry.npmjs.org/ajv-formats/-/ajv-formats-3.0.1.tgz. Extracting by manifest.
1085 silly tarball no local data for ajv@https://registry.npmjs.org/ajv/-/ajv-8.12.0.tgz. Extracting by manifest.
1086 silly tarball no local data for glob-parent@https://registry.npmjs.org/glob-parent/-/glob-parent-5.1.2.tgz. Extracting by manifest.
1087 silly tarball no local data for eslint-visitor-keys@https://registry.npmjs.org/eslint-visitor-keys/-/eslint-visitor-keys-4.0.0.tgz. Extracting by manifest.
1088 silly tarball no local data for semver@https://registry.npmjs.org/semver/-/semver-6.3.1.tgz. Extracting by manifest.
1089 silly tarball no local data for doctrine@https://registry.npmjs.org/doctrine/-/doctrine-2.1.0.tgz. Extracting by manifest.
1090 silly tarball no local data for debug@https://registry.npmjs.org/debug/-/debug-3.2.7.tgz. Extracting by manifest.
1091 silly tarball no local data for debug@https://registry.npmjs.org/debug/-/debug-3.2.7.tgz. Extracting by manifest.
1092 silly tarball no local data for semver@https://registry.npmjs.org/semver/-/semver-6.3.1.tgz. Extracting by manifest.
1093 silly tarball no local data for debug@https://registry.npmjs.org/debug/-/debug-3.2.7.tgz. Extracting by manifest.
1094 silly tarball no local data for espree@https://registry.npmjs.org/espree/-/espree-9.6.1.tgz. Extracting by manifest.
1095 silly tarball no local data for globals@https://registry.npmjs.org/globals/-/globals-13.24.0.tgz. Extracting by manifest.
1096 silly tarball no local data for escape-string-regexp@https://registry.npmjs.org/escape-string-regexp/-/escape-string-regexp-4.0.0.tgz. Extracting by manifest.
1097 silly tarball no local data for @eslint/js@https://registry.npmjs.org/@eslint/js/-/js-8.57.0.tgz. Extracting by manifest.
1098 silly tarball no local data for @eslint/eslintrc@https://registry.npmjs.org/@eslint/eslintrc/-/eslintrc-2.1.4.tgz. Extracting by manifest.
1099 silly tarball no local data for brace-expansion@https://registry.npmjs.org/brace-expansion/-/brace-expansion-2.0.1.tgz. Extracting by manifest.
1100 silly tarball no local data for minimatch@https://registry.npmjs.org/minimatch/-/minimatch-9.0.1.tgz. Extracting by manifest.
1101 silly tarball no local data for mimic-response@https://registry.npmjs.org/mimic-response/-/mimic-response-3.1.0.tgz. Extracting by manifest.
1102 silly tarball no local data for ms@https://registry.npmjs.org/ms/-/ms-2.1.2.tgz. Extracting by manifest.
1103 silly tarball no local data for type-fest@https://registry.npmjs.org/type-fest/-/type-fest-1.4.0.tgz. Extracting by manifest.
1104 silly tarball no local data for write-file-atomic@https://registry.npmjs.org/write-file-atomic/-/write-file-atomic-3.0.3.tgz. Extracting by manifest.
1105 silly tarball no local data for ini@https://registry.npmjs.org/ini/-/ini-1.3.8.tgz. Extracting by manifest.
1106 silly tarball no local data for supports-color@https://registry.npmjs.org/supports-color/-/supports-color-8.1.1.tgz. Extracting by manifest.
1107 silly tarball no local data for wrap-ansi@https://registry.npmjs.org/wrap-ansi/-/wrap-ansi-7.0.0.tgz. Extracting by manifest.
1108 silly tarball no local data for glob-parent@https://registry.npmjs.org/glob-parent/-/glob-parent-5.1.2.tgz. Extracting by manifest.
1109 silly tarball no local data for lowercase-keys@https://registry.npmjs.org/lowercase-keys/-/lowercase-keys-2.0.0.tgz. Extracting by manifest.
1110 silly tarball no local data for get-stream@https://registry.npmjs.org/get-stream/-/get-stream-5.2.0.tgz. Extracting by manifest.
1111 silly tarball no local data for unique-slug@https://registry.npmjs.org/unique-slug/-/unique-slug-4.0.0.tgz. Extracting by manifest.
1112 silly tarball no local data for unique-filename@https://registry.npmjs.org/unique-filename/-/unique-filename-3.0.0.tgz. Extracting by manifest.
1113 silly tarball no local data for lru-cache@https://registry.npmjs.org/lru-cache/-/lru-cache-7.18.3.tgz. Extracting by manifest.
1114 silly tarball no local data for fs-minipass@https://registry.npmjs.org/fs-minipass/-/fs-minipass-3.0.3.tgz. Extracting by manifest.
1115 silly tarball no local data for type-fest@https://registry.npmjs.org/type-fest/-/type-fest-2.19.0.tgz. Extracting by manifest.
1116 silly tarball no local data for strip-ansi@https://registry.npmjs.org/strip-ansi/-/strip-ansi-7.0.1.tgz. Extracting by manifest.
1117 silly tarball no local data for string-width@https://registry.npmjs.org/string-width/-/string-width-5.1.2.tgz. Extracting by manifest.
1118 silly tarball no local data for emoji-regex@https://registry.npmjs.org/emoji-regex/-/emoji-regex-9.2.2.tgz. Extracting by manifest.
1119 silly tarball no local data for chalk@https://registry.npmjs.org/chalk/-/chalk-5.0.1.tgz. Extracting by manifest.
1120 silly tarball no local data for camelcase@https://registry.npmjs.org/camelcase/-/camelcase-7.0.0.tgz. Extracting by manifest.
1121 silly tarball no local data for ansi-regex@https://registry.npmjs.org/ansi-regex/-/ansi-regex-6.0.1.tgz. Extracting by manifest.
1122 silly tarball no local data for semver@https://registry.npmjs.org/semver/-/semver-6.3.1.tgz. Extracting by manifest.
1123 silly tarball no local data for istanbul-lib-instrument@https://registry.npmjs.org/istanbul-lib-instrument/-/istanbul-lib-instrument-5.2.1.tgz. Extracting by manifest.
1124 silly tarball no local data for json-schema-traverse@https://registry.npmjs.org/json-schema-traverse/-/json-schema-traverse-1.0.0.tgz. Extracting by manifest.
1125 silly tarball no local data for type-fest@https://registry.npmjs.org/type-fest/-/type-fest-0.21.3.tgz. Extracting by manifest.
1126 silly tarball no local data for ajv@https://registry.npmjs.org/ajv/-/ajv-8.11.0.tgz. Extracting by manifest.
1127 silly tarball no local data for depd@https://registry.npmjs.org/depd/-/depd-1.1.2.tgz. Extracting by manifest.
1128 silly tarball no local data for minimatch@https://registry.npmjs.org/minimatch/-/minimatch-9.0.4.tgz. Extracting by manifest.
1129 silly tarball no local data for brace-expansion@https://registry.npmjs.org/brace-expansion/-/brace-expansion-2.0.1.tgz. Extracting by manifest.
1130 silly tarball no local data for which@https://registry.npmjs.org/which/-/which-3.0.1.tgz. Extracting by manifest.
1131 silly tarball no local data for which@https://registry.npmjs.org/which/-/which-3.0.1.tgz. Extracting by manifest.
1132 silly tarball no local data for which@https://registry.npmjs.org/which/-/which-3.0.1.tgz. Extracting by manifest.
1133 silly tarball no local data for lru-cache@https://registry.npmjs.org/lru-cache/-/lru-cache-7.18.3.tgz. Extracting by manifest.
1134 silly tarball no local data for p-limit@https://registry.npmjs.org/p-limit/-/p-limit-2.3.0.tgz. Extracting by manifest.
1135 silly tarball no local data for glob@https://registry.npmjs.org/glob/-/glob-7.2.3.tgz. Extracting by manifest.
1136 silly tarball no local data for p-locate@https://registry.npmjs.org/p-locate/-/p-locate-4.1.0.tgz. Extracting by manifest.
1137 silly tarball no local data for locate-path@https://registry.npmjs.org/locate-path/-/locate-path-5.0.0.tgz. Extracting by manifest.
1138 silly tarball no local data for js-yaml@https://registry.npmjs.org/js-yaml/-/js-yaml-3.14.1.tgz. Extracting by manifest.
1139 silly tarball no local data for find-up@https://registry.npmjs.org/find-up/-/find-up-4.1.0.tgz. Extracting by manifest.
1140 silly tarball no local data for argparse@https://registry.npmjs.org/argparse/-/argparse-1.0.10.tgz. Extracting by manifest.
1141 silly tarball no local data for strip-ansi@https://registry.npmjs.org/strip-ansi/-/strip-ansi-7.1.0.tgz. Extracting by manifest.
1142 silly tarball no local data for string-width@https://registry.npmjs.org/string-width/-/string-width-5.1.2.tgz. Extracting by manifest.
1143 silly tarball no local data for emoji-regex@https://registry.npmjs.org/emoji-regex/-/emoji-regex-9.2.2.tgz. Extracting by manifest.
1144 silly tarball no local data for ansi-regex@https://registry.npmjs.org/ansi-regex/-/ansi-regex-6.0.1.tgz. Extracting by manifest.
1145 silly tarball no local data for fastify-plugin@https://registry.npmjs.org/fastify-plugin/-/fastify-plugin-4.2.0.tgz. Extracting by manifest.
1146 silly tarball no local data for fastify-plugin@https://registry.npmjs.org/fastify-plugin/-/fastify-plugin-4.2.0.tgz. Extracting by manifest.
1147 silly tarball no local data for fastify-plugin@https://registry.npmjs.org/fastify-plugin/-/fastify-plugin-4.5.1.tgz. Extracting by manifest.
1148 silly tarball no local data for fastify-plugin@https://registry.npmjs.org/fastify-plugin/-/fastify-plugin-4.5.1.tgz. Extracting by manifest.
1149 silly tarball no local data for fastify-plugin@https://registry.npmjs.org/fastify-plugin/-/fastify-plugin-4.5.1.tgz. Extracting by manifest.
1150 silly tarball no local data for fastify-plugin@https://registry.npmjs.org/fastify-plugin/-/fastify-plugin-4.5.1.tgz. Extracting by manifest.
1151 silly tarball no local data for fastify-plugin@https://registry.npmjs.org/fastify-plugin/-/fastify-plugin-4.5.1.tgz. Extracting by manifest.
1152 silly tarball no local data for json-schema-traverse@https://registry.npmjs.org/json-schema-traverse/-/json-schema-traverse-1.0.0.tgz. Extracting by manifest.
1153 silly tarball no local data for ajv@https://registry.npmjs.org/ajv/-/ajv-8.12.0.tgz. Extracting by manifest.
1154 silly tarball no local data for globals@https://registry.npmjs.org/globals/-/globals-14.0.0.tgz. Extracting by manifest.
1155 silly tarball no local data for globals@https://registry.npmjs.org/globals/-/globals-11.12.0.tgz. Extracting by manifest.
1156 silly tarball no local data for has-flag@https://registry.npmjs.org/has-flag/-/has-flag-3.0.0.tgz. Extracting by manifest.
1157 silly tarball no local data for supports-color@https://registry.npmjs.org/supports-color/-/supports-color-5.5.0.tgz. Extracting by manifest.
1158 silly tarball no local data for color-name@https://registry.npmjs.org/color-name/-/color-name-1.1.3.tgz. Extracting by manifest.
1159 silly tarball no local data for chalk@https://registry.npmjs.org/chalk/-/chalk-2.4.2.tgz. Extracting by manifest.
1160 silly tarball no local data for color-convert@https://registry.npmjs.org/color-convert/-/color-convert-1.9.3.tgz. Extracting by manifest.
1161 silly tarball no local data for ansi-styles@https://registry.npmjs.org/ansi-styles/-/ansi-styles-3.2.1.tgz. Extracting by manifest.
1162 silly tarball no local data for semver@https://registry.npmjs.org/semver/-/semver-6.3.1.tgz. Extracting by manifest.
1163 silly tarball no local data for minipass@https://registry.npmjs.org/minipass/-/minipass-7.0.4.tgz. Extracting by manifest.
1164 silly tarball no local data for semver@https://registry.npmjs.org/semver/-/semver-6.3.1.tgz. Extracting by manifest.
1165 silly tarball no local data for json-schema-traverse@https://registry.npmjs.org/json-schema-traverse/-/json-schema-traverse-1.0.0.tgz. Extracting by manifest.
1166 http fetch POST 200 https://registry.npmjs.org/-/npm/v1/security/advisories/bulk 2493ms
1167 timing auditReport:getReport Completed in 2506ms
1168 silly audit report {
1168 silly audit report   '@babel/helpers': [
1168 silly audit report     {
1168 silly audit report       id: 1104001,
1168 silly audit report       url: 'https://github.com/advisories/GHSA-968p-4wvh-cqc8',
1168 silly audit report       title: 'Babel has inefficient RegExp complexity in generated code with .replace when transpiling named capturing groups',
1168 silly audit report       severity: 'moderate',
1168 silly audit report       vulnerable_versions: '<7.26.10',
1168 silly audit report       cwe: [Array],
1168 silly audit report       cvss: [Object]
1168 silly audit report     }
1168 silly audit report   ],
1168 silly audit report   '@babel/runtime': [
1168 silly audit report     {
1168 silly audit report       id: 1104000,
1168 silly audit report       url: 'https://github.com/advisories/GHSA-968p-4wvh-cqc8',
1168 silly audit report       title: 'Babel has inefficient RegExp complexity in generated code with .replace when transpiling named capturing groups',
1168 silly audit report       severity: 'moderate',
1168 silly audit report       vulnerable_versions: '<7.26.10',
1168 silly audit report       cwe: [Array],
1168 silly audit report       cvss: [Object]
1168 silly audit report     }
1168 silly audit report   ],
1168 silly audit report   ajv: [
1168 silly audit report     {
1168 silly audit report       id: 1113714,
1168 silly audit report       url: 'https://github.com/advisories/GHSA-2g4f-4pwh-qvx6',
1168 silly audit report       title: 'ajv has ReDoS when using `$data` option',
1168 silly audit report       severity: 'moderate',
1168 silly audit report       vulnerable_versions: '<6.14.0',
1168 silly audit report       cwe: [Array],
1168 silly audit report       cvss: [Object]
1168 silly audit report     },
1168 silly audit report     {
1168 silly audit report       id: 1113715,
1168 silly audit report       url: 'https://github.com/advisories/GHSA-2g4f-4pwh-qvx6',
1168 silly audit report       title: 'ajv has ReDoS when using `$data` option',
1168 silly audit report       severity: 'moderate',
1168 silly audit report       vulnerable_versions: '>=7.0.0-alpha.0 <8.18.0',
1168 silly audit report       cwe: [Array],
1168 silly audit report       cvss: [Object]
1168 silly audit report     }
1168 silly audit report   ],
1168 silly audit report   'js-yaml': [
1168 silly audit report     {
1168 silly audit report       id: 1112714,
1168 silly audit report       url: 'https://github.com/advisories/GHSA-mh29-5h37-fv8m',
1168 silly audit report       title: 'js-yaml has prototype pollution in merge (<<)',
1168 silly audit report       severity: 'moderate',
1168 silly audit report       vulnerable_versions: '<3.14.2',
1168 silly audit report       cwe: [Array],
1168 silly audit report       cvss: [Object]
1168 silly audit report     },
1168 silly audit report     {
1168 silly audit report       id: 1112715,
1168 silly audit report       url: 'https://github.com/advisories/GHSA-mh29-5h37-fv8m',
1168 silly audit report       title: 'js-yaml has prototype pollution in merge (<<)',
1168 silly audit report       severity: 'moderate',
1168 silly audit report       vulnerable_versions: '>=4.0.0 <4.1.1',
1168 silly audit report       cwe: [Array],
1168 silly audit report       cvss: [Object]
1168 silly audit report     }
1168 silly audit report   ],
1168 silly audit report   glob: [
1168 silly audit report     {
1168 silly audit report       id: 1109842,
1168 silly audit report       url: 'https://github.com/advisories/GHSA-5j98-mcp5-4vw2',
1168 silly audit report       title: 'glob CLI: Command injection via -c/--cmd executes matches with shell:true',
1168 silly audit report       severity: 'high',
1168 silly audit report       vulnerable_versions: '>=10.2.0 <10.5.0',
1168 silly audit report       cwe: [Array],
1168 silly audit report       cvss: [Object]
1168 silly audit report     }
1168 silly audit report   ],
1168 silly audit report   'brace-expansion': [
1168 silly audit report     {
1168 silly audit report       id: 1105443,
1168 silly audit report       url: 'https://github.com/advisories/GHSA-v6h2-p8h4-qcjw',
1168 silly audit report       title: 'brace-expansion Regular Expression Denial of Service vulnerability',
1168 silly audit report       severity: 'low',
1168 silly audit report       vulnerable_versions: '>=1.0.0 <=1.1.11',
1168 silly audit report       cwe: [Array],
1168 silly audit report       cvss: [Object]
1168 silly audit report     },
1168 silly audit report     {
1168 silly audit report       id: 1105444,
1168 silly audit report       url: 'https://github.com/advisories/GHSA-v6h2-p8h4-qcjw',
1168 silly audit report       title: 'brace-expansion Regular Expression Denial of Service vulnerability',
1168 silly audit report       severity: 'low',
1168 silly audit report       vulnerable_versions: '>=2.0.0 <=2.0.1',
1168 silly audit report       cwe: [Array],
1168 silly audit report       cvss: [Object]
1168 silly audit report     }
1168 silly audit report   ],
1168 silly audit report   minimatch: [
1168 silly audit report     {
1168 silly audit report       id: 1113459,
1168 silly audit report       url: 'https://github.com/advisories/GHSA-3ppc-4f35-3m26',
1168 silly audit report       title: 'minimatch has a ReDoS via repeated wildcards with non-matching literal in pattern',
1168 silly audit report       severity: 'high',
1168 silly audit report       vulnerable_versions: '<3.1.3',
1168 silly audit report       cwe: [Array],
1168 silly audit report       cvss: [Object]
1168 silly audit report     },
1168 silly audit report     {
1168 silly audit report       id: 1113461,
1168 silly audit report       url: 'https://github.com/advisories/GHSA-3ppc-4f35-3m26',
1168 silly audit report       title: 'minimatch has a ReDoS via repeated wildcards with non-matching literal in pattern',
1168 silly audit report       severity: 'high',
1168 silly audit report       vulnerable_versions: '>=5.0.0 <5.1.7',
1168 silly audit report       cwe: [Array],
1168 silly audit report       cvss: [Object]
1168 silly audit report     },
1168 silly audit report     {
1168 silly audit report       id: 1113465,
1168 silly audit report       url: 'https://github.com/advisories/GHSA-3ppc-4f35-3m26',
1168 silly audit report       title: 'minimatch has a ReDoS via repeated wildcards with non-matching literal in pattern',
1168 silly audit report       severity: 'high',
1168 silly audit report       vulnerable_versions: '>=9.0.0 <9.0.6',
1168 silly audit report       cwe: [Array],
1168 silly audit report       cvss: [Object]
1168 silly audit report     },
1168 silly audit report     {
1168 silly audit report       id: 1113538,
1168 silly audit report       url: 'https://github.com/advisories/GHSA-7r86-cg39-jmmj',
1168 silly audit report       title: 'minimatch has ReDoS: matchOne() combinatorial backtracking via multiple non-adjacent GLOBSTAR segments',
1168 silly audit report       severity: 'high',
1168 silly audit report       vulnerable_versions: '<3.1.3',
1168 silly audit report       cwe: [Array],
1168 silly audit report       cvss: [Object]
1168 silly audit report     },
1168 silly audit report     {
1168 silly audit report       id: 1113540,
1168 silly audit report       url: 'https://github.com/advisories/GHSA-7r86-cg39-jmmj',
1168 silly audit report       title: 'minimatch has ReDoS: matchOne() combinatorial backtracking via multiple non-adjacent GLOBSTAR segments',
1168 silly audit report       severity: 'high',
1168 silly audit report       vulnerable_versions: '>=5.0.0 <5.1.8',
1168 silly audit report       cwe: [Array],
1168 silly audit report       cvss: [Object]
1168 silly audit report     },
1168 silly audit report     {
1168 silly audit report       id: 1113544,
1168 silly audit report       url: 'https://github.com/advisories/GHSA-7r86-cg39-jmmj',
1168 silly audit report       title: 'minimatch has ReDoS: matchOne() combinatorial backtracking via multiple non-adjacent GLOBSTAR segments',
1168 silly audit report       severity: 'high',
1168 silly audit report       vulnerable_versions: '>=9.0.0 <9.0.7',
1168 silly audit report       cwe: [Array],
1168 silly audit report       cvss: [Object]
1168 silly audit report     },
1168 silly audit report     {
1168 silly audit report       id: 1113546,
1168 silly audit report       url: 'https://github.com/advisories/GHSA-23c5-xmqv-rm74',
1168 silly audit report       title: 'minimatch ReDoS: nested *() extglobs generate catastrophically backtracking regular expressions',
1168 silly audit report       severity: 'high',
1168 silly audit report       vulnerable_versions: '<3.1.4',
1168 silly audit report       cwe: [Array],
1168 silly audit report       cvss: [Object]
1168 silly audit report     },
1168 silly audit report     {
1168 silly audit report       id: 1113548,
1168 silly audit report       url: 'https://github.com/advisories/GHSA-23c5-xmqv-rm74',
1168 silly audit report       title: 'minimatch ReDoS: nested *() extglobs generate catastrophically backtracking regular expressions',
1168 silly audit report       severity: 'high',
1168 silly audit report       vulnerable_versions: '>=5.0.0 <5.1.8',
1168 silly audit report       cwe: [Array],
1168 silly audit report       cvss: [Object]
1168 silly audit report     },
1168 silly audit report     {
1168 silly audit report       id: 1113552,
1168 silly audit report       url: 'https://github.com/advisories/GHSA-23c5-xmqv-rm74',
1168 silly audit report       title: 'minimatch ReDoS: nested *() extglobs generate catastrophically backtracking regular expressions',
1168 silly audit report       severity: 'high',
1168 silly audit report       vulnerable_versions: '>=9.0.0 <9.0.7',
1168 silly audit report       cwe: [Array],
1168 silly audit report       cvss: [Object]
1168 silly audit report     }
1168 silly audit report   ],
1168 silly audit report   braces: [
1168 silly audit report     {
1168 silly audit report       id: 1098094,
1168 silly audit report       url: 'https://github.com/advisories/GHSA-grv7-fg5c-xmjg',
1168 silly audit report       title: 'Uncontrolled resource consumption in braces',
1168 silly audit report       severity: 'high',
1168 silly audit report       vulnerable_versions: '<3.0.3',
1168 silly audit report       cwe: [Array],
1168 silly audit report       cvss: [Object]
1168 silly audit report     }
1168 silly audit report   ],
1168 silly audit report   cookie: [
1168 silly audit report     {
1168 silly audit report       id: 1103907,
1168 silly audit report       url: 'https://github.com/advisories/GHSA-pxg6-pf52-xh8x',
1168 silly audit report       title: 'cookie accepts cookie name, path, and domain with out of bounds characters',
1168 silly audit report       severity: 'low',
1168 silly audit report       vulnerable_versions: '<0.7.0',
1168 silly audit report       cwe: [Array],
1168 silly audit report       cvss: [Object]
1168 silly audit report     }
1168 silly audit report   ],
1168 silly audit report   'cross-spawn': [
1168 silly audit report     {
1168 silly audit report       id: 1104664,
1168 silly audit report       url: 'https://github.com/advisories/GHSA-3xgq-45jj-v275',
1168 silly audit report       title: 'Regular Expression Denial of Service (ReDoS) in cross-spawn',
1168 silly audit report       severity: 'high',
1168 silly audit report       vulnerable_versions: '>=7.0.0 <7.0.5',
1168 silly audit report       cwe: [Array],
1168 silly audit report       cvss: [Object]
1168 silly audit report     }
1168 silly audit report   ],
1168 silly audit report   dottie: [
1168 silly audit report     {
1168 silly audit report       id: 1113536,
1168 silly audit report       url: 'https://github.com/advisories/GHSA-r5mx-6wc6-7h9w',
1168 silly audit report       title: 'dottie is vulnerable to Prototype Pollution bypass via non-first path segments in set() and transform()',
1168 silly audit report       severity: 'moderate',
1168 silly audit report       vulnerable_versions: '>=2.0.4 <=2.0.6',
1168 silly audit report       cwe: [Array],
1168 silly audit report       cvss: [Object]
1168 silly audit report     }
1168 silly audit report   ],
1168 silly audit report   fastify: [
1168 silly audit report     {
1168 silly audit report       id: 1112876,
1168 silly audit report       url: 'https://github.com/advisories/GHSA-mrq3-vjjr-p77c',
1168 silly audit report       title: 'Fastify Vulnerable to DoS via Unbounded Memory Allocation in sendWebStream',
1168 silly audit report       severity: 'low',
1168 silly audit report       vulnerable_versions: '<=5.7.2',
1168 silly audit report       cwe: [Array],
1168 silly audit report       cvss: [Object]
1168 silly audit report     },
1168 silly audit report     {
1168 silly audit report       id: 1112877,
1168 silly audit report       url: 'https://github.com/advisories/GHSA-jx2c-rxcm-jvmq',
1168 silly audit report       title: "Fastify's Content-Type header tab character allows body validation bypass",
1168 silly audit report       severity: 'high',
1168 silly audit report       vulnerable_versions: '<5.7.2',
1168 silly audit report       cwe: [Array],
1168 silly audit report       cvss: [Object]
1168 silly audit report     }
1168 silly audit report   ],
1168 silly audit report   'find-my-way': [
1168 silly audit report     {
1168 silly audit report       id: 1099853,
1168 silly audit report       url: 'https://github.com/advisories/GHSA-rrr8-f88r-h8q6',
1168 silly audit report       title: 'find-my-way has a ReDoS vulnerability in multiparametric routes',
1168 silly audit report       severity: 'high',
1168 silly audit report       vulnerable_versions: '>=5.5.0 <8.2.2',
1168 silly audit report       cwe: [Array],
1168 silly audit report       cvss: [Object]
1168 silly audit report     }
1168 silly audit report   ],
1168 silly audit report   ip: [
1168 silly audit report     {
1168 silly audit report       id: 1101851,
1168 silly audit report       url: 'https://github.com/advisories/GHSA-2p57-rm9w-gvfp',
1168 silly audit report       title: 'ip SSRF improper categorization in isPublic',
1168 silly audit report       severity: 'high',
1168 silly audit report       vulnerable_versions: '<=2.0.1',
1168 silly audit report       cwe: [Array],
1168 silly audit report       cvss: [Object]
1168 silly audit report     },
1168 silly audit report     {
1168 silly audit report       id: 1097721,
1168 silly audit report       url: 'https://github.com/advisories/GHSA-78xj-cgh5-2h22',
1168 silly audit report       title: 'NPM IP package incorrectly identifies some private IP addresses as public',
1168 silly audit report       severity: 'low',
1168 silly audit report       vulnerable_versions: '=2.0.0',
1168 silly audit report       cwe: [Array],
1168 silly audit report       cvss: [Object]
1168 silly audit report     }
1168 silly audit report   ],
1168 silly audit report   lodash: [
1168 silly audit report     {
1168 silly audit report       id: 1112455,
1168 silly audit report       url: 'https://github.com/advisories/GHSA-xxjr-mmjv-4gpg',
1168 silly audit report       title: 'Lodash has Prototype Pollution Vulnerability in `_.unset` and `_.omit` functions',
1168 silly audit report       severity: 'moderate',
1168 silly audit report       vulnerable_versions: '>=4.0.0 <=4.17.22',
1168 silly audit report       cwe: [Array],
1168 silly audit report       cvss: [Object]
1168 silly audit report     }
1168 silly audit report   ],
1168 silly audit report   'markdown-it': [
1168 silly audit report     {
1168 silly audit report       id: 1113190,
1168 silly audit report       url: 'https://github.com/advisories/GHSA-38c4-r59v-3vqw',
1168 silly audit report       title: 'markdown-it is has a Regular Expression Denial of Service (ReDoS)',
1168 silly audit report       severity: 'moderate',
1168 silly audit report       vulnerable_versions: '>=13.0.0 <14.1.1',
1168 silly audit report       cwe: [Array],
1168 silly audit report       cvss: [Object]
1168 silly audit report     }
1168 silly audit report   ],
1168 silly audit report   micromatch: [
1168 silly audit report     {
1168 silly audit report       id: 1098681,
1168 silly audit report       url: 'https://github.com/advisories/GHSA-952p-6rrq-rcjv',
1168 silly audit report       title: 'Regular Expression Denial of Service (ReDoS) in micromatch',
1168 silly audit report       severity: 'moderate',
1168 silly audit report       vulnerable_versions: '<4.0.8',
1168 silly audit report       cwe: [Array],
1168 silly audit report       cvss: [Object]
1168 silly audit report     }
1168 silly audit report   ],
1168 silly audit report   nanoid: [
1168 silly audit report     {
1168 silly audit report       id: 1109563,
1168 silly audit report       url: 'https://github.com/advisories/GHSA-mwcw-c2x4-8c55',
1168 silly audit report       title: 'Predictable results in nanoid generation when given non-integer values',
1168 silly audit report       severity: 'moderate',
1168 silly audit report       vulnerable_versions: '<3.3.8',
1168 silly audit report       cwe: [Array],
1168 silly audit report       cvss: [Object]
1168 silly audit report     }
1168 silly audit report   ],
1168 silly audit report   'path-to-regexp': [
1168 silly audit report     {
1168 silly audit report       id: 1101846,
1168 silly audit report       url: 'https://github.com/advisories/GHSA-9wv6-86v2-598j',
1168 silly audit report       title: 'path-to-regexp outputs backtracking regular expressions',
1168 silly audit report       severity: 'high',
1168 silly audit report       vulnerable_versions: '>=4.0.0 <6.3.0',
1168 silly audit report       cwe: [Array],
1168 silly audit report       cvss: [Object]
1168 silly audit report     }
1168 silly audit report   ],
1168 silly audit report   pug: [
1168 silly audit report     {
1168 silly audit report       id: 1104111,
1168 silly audit report       url: 'https://github.com/advisories/GHSA-3965-hpx2-q597',
1168 silly audit report       title: 'Pug allows JavaScript code execution if an application accepts untrusted input',
1168 silly audit report       severity: 'moderate',
1168 silly audit report       vulnerable_versions: '<=3.0.2',
1168 silly audit report       cwe: [Array],
1168 silly audit report       cvss: [Object]
1168 silly audit report     }
1168 silly audit report   ],
1168 silly audit report   'pug-code-gen': [
1168 silly audit report     {
1168 silly audit report       id: 1104107,
1168 silly audit report       url: 'https://github.com/advisories/GHSA-3965-hpx2-q597',
1168 silly audit report       title: 'Pug allows JavaScript code execution if an application accepts untrusted input',
1168 silly audit report       severity: 'moderate',
1168 silly audit report       vulnerable_versions: '<=3.0.2',
1168 silly audit report       cwe: [Array],
1168 silly audit report       cvss: [Object]
1168 silly audit report     }
1168 silly audit report   ],
1168 silly audit report   qs: [
1168 silly audit report     {
1168 silly audit report       id: 1113161,
1168 silly audit report       url: 'https://github.com/advisories/GHSA-w7fw-mjwx-w883',
1168 silly audit report       title: "qs's arrayLimit bypass in comma parsing allows denial of service",
1168 silly audit report       severity: 'low',
1168 silly audit report       vulnerable_versions: '>=6.7.0 <=6.14.1',
1168 silly audit report       cwe: [Array],
1168 silly audit report       cvss: [Object]
1168 silly audit report     },
1168 silly audit report     {
1168 silly audit report       id: 1113719,
1168 silly audit report       url: 'https://github.com/advisories/GHSA-6rw7-vpxm-498p',
1168 silly audit report       title: "qs's arrayLimit bypass in its bracket notation allows DoS via memory exhaustion",
1168 silly audit report       severity: 'moderate',
1168 silly audit report       vulnerable_versions: '<6.14.1',
1168 silly audit report       cwe: [Array],
1168 silly audit report       cvss: [Object]
1168 silly audit report     }
1168 silly audit report   ],
1168 silly audit report   'serialize-javascript': [
1168 silly audit report     {
1168 silly audit report       id: 1113686,
1168 silly audit report       url: 'https://github.com/advisories/GHSA-5c6j-r48x-rmvq',
1168 silly audit report       title: 'Serialize JavaScript is Vulnerable to RCE via RegExp.flags and Date.prototype.toISOString()',
1168 silly audit report       severity: 'high',
1168 silly audit report       vulnerable_versions: '<=7.0.2',
1168 silly audit report       cwe: [Array],
1168 silly audit report       cvss: [Object]
1168 silly audit report     }
1168 silly audit report   ],
1168 silly audit report   tar: [
1168 silly audit report     {
1168 silly audit report       id: 1112329,
1168 silly audit report       url: 'https://github.com/advisories/GHSA-r6q2-hw4h-h46w',
1168 silly audit report       title: 'Race Condition in node-tar Path Reservations via Unicode Ligature Collisions on macOS APFS',
1168 silly audit report       severity: 'high',
1168 silly audit report       vulnerable_versions: '<=7.5.3',
1168 silly audit report       cwe: [Array],
1168 silly audit report       cvss: [Object]
1168 silly audit report     },
1168 silly audit report     {
1168 silly audit report       id: 1112659,
1168 silly audit report       url: 'https://github.com/advisories/GHSA-34x7-hfp2-rc4v',
1168 silly audit report       title: 'node-tar Vulnerable to Arbitrary File Creation/Overwrite via Hardlink Path Traversal',
1168 silly audit report       severity: 'high',
1168 silly audit report       vulnerable_versions: '<7.5.7',
1168 silly audit report       cwe: [Array],
1168 silly audit report       cvss: [Object]
1168 silly audit report     },
1168 silly audit report     {
1168 silly audit report       id: 1113300,
1168 silly audit report       url: 'https://github.com/advisories/GHSA-8qq5-rm4j-mr97',
1168 silly audit report       title: 'node-tar is Vulnerable to Arbitrary File Overwrite and Symlink Poisoning via Insufficient Path Sanitization',
1168 silly audit report       severity: 'high',
1168 silly audit report       vulnerable_versions: '<=7.5.2',
1168 silly audit report       cwe: [Array],
1168 silly audit report       cvss: [Object]
1168 silly audit report     },
1168 silly audit report     {
1168 silly audit report       id: 1113375,
1168 silly audit report       url: 'https://github.com/advisories/GHSA-83g3-92jg-28cx',
1168 silly audit report       title: 'Arbitrary File Read/Write via Hardlink Target Escape Through Symlink Chain in node-tar Extraction',
1168 silly audit report       severity: 'high',
1168 silly audit report       vulnerable_versions: '<7.5.8',
1168 silly audit report       cwe: [Array],
1168 silly audit report       cvss: [Object]
1168 silly audit report     },
1168 silly audit report     {
1168 silly audit report       id: 1097493,
1168 silly audit report       url: 'https://github.com/advisories/GHSA-f5x3-32g6-xq36',
1168 silly audit report       title: 'Denial of service while parsing a tar file due to lack of folders count validation',
1168 silly audit report       severity: 'moderate',
1168 silly audit report       vulnerable_versions: '<6.2.1',
1168 silly audit report       cwe: [Array],
1168 silly audit report       cvss: [Object]
1168 silly audit report     }
1168 silly audit report   ],
1168 silly audit report   'tar-fs': [
1168 silly audit report     {
1168 silly audit report       id: 1109532,
1168 silly audit report       url: 'https://github.com/advisories/GHSA-vj76-c3g6-qr5v',
1168 silly audit report       title: 'tar-fs has a symlink validation bypass if destination directory is predictable with a specific tarball',
1168 silly audit report       severity: 'high',
1168 silly audit report       vulnerable_versions: '>=2.0.0 <2.1.4',
1168 silly audit report       cwe: [Array],
1168 silly audit report       cvss: [Object]
1168 silly audit report     },
1168 silly audit report     {
1168 silly audit report       id: 1109543,
1168 silly audit report       url: 'https://github.com/advisories/GHSA-8cj5-5rvv-wf4v',
1168 silly audit report       title: 'tar-fs can extract outside the specified dir with a specific tarball',
1168 silly audit report       severity: 'high',
1168 silly audit report       vulnerable_versions: '>=2.0.0 <2.1.3',
1168 silly audit report       cwe: [Array],
1168 silly audit report       cvss: [Object]
1168 silly audit report     },
1168 silly audit report     {
1168 silly audit report       id: 1109552,
1168 silly audit report       url: 'https://github.com/advisories/GHSA-pq67-2wwv-3xjx',
1168 silly audit report       title: 'tar-fs Vulnerable to Link Following and Path Traversal via Extracting a Crafted tar File',
1168 silly audit report       severity: 'high',
1168 silly audit report       vulnerable_versions: '>=2.0.0 <2.1.2',
1168 silly audit report       cwe: [Array],
1168 silly audit report       cvss: [Object]
1168 silly audit report     }
1168 silly audit report   ],
1168 silly audit report   validator: [
1168 silly audit report     {
1168 silly audit report       id: 1109241,
1168 silly audit report       url: 'https://github.com/advisories/GHSA-9965-vmph-33xx',
1168 silly audit report       title: 'validator.js has a URL validation bypass vulnerability in its isURL function',
1168 silly audit report       severity: 'moderate',
1168 silly audit report       vulnerable_versions: '<13.15.20',
1168 silly audit report       cwe: [Array],
1168 silly audit report       cvss: [Object]
1168 silly audit report     },
1168 silly audit report     {
1168 silly audit report       id: 1112713,
1168 silly audit report       url: 'https://github.com/advisories/GHSA-vghf-hv5q-vc2g',
1168 silly audit report       title: 'Validator is Vulnerable to Incomplete Filtering of One or More Instances of Special Elements',
1168 silly audit report       severity: 'high',
1168 silly audit report       vulnerable_versions: '<13.15.22',
1168 silly audit report       cwe: [Array],
1168 silly audit report       cvss: [Object]
1168 silly audit report     }
1168 silly audit report   ],
1168 silly audit report   webpack: [
1168 silly audit report     {
1168 silly audit report       id: 1113041,
1168 silly audit report       url: 'https://github.com/advisories/GHSA-8fgc-7cc6-rx7x',
1168 silly audit report       title: 'webpack buildHttp: allowedUris allow-list bypass via URL userinfo (@) leading to build-time SSRF behavior',
1168 silly audit report       severity: 'low',
1168 silly audit report       vulnerable_versions: '>=5.49.0 <=5.104.0',
1168 silly audit report       cwe: [Array],
1168 silly audit report       cvss: [Object]
1168 silly audit report     },
1168 silly audit report     {
1168 silly audit report       id: 1113042,
1168 silly audit report       url: 'https://github.com/advisories/GHSA-38r7-794h-5758',
1168 silly audit report       title: 'webpack buildHttp HttpUriPlugin allowedUris bypass via HTTP redirects → SSRF + cache persistence',
1168 silly audit report       severity: 'low',
1168 silly audit report       vulnerable_versions: '>=5.49.0 <5.104.0',
1168 silly audit report       cwe: [Array],
1168 silly audit report       cvss: [Object]
1168 silly audit report     },
1168 silly audit report     {
1168 silly audit report       id: 1099351,
1168 silly audit report       url: 'https://github.com/advisories/GHSA-4vvj-4cpr-p986',
1168 silly audit report       title: "Webpack's AutoPublicPathRuntimeModule has a DOM Clobbering Gadget that leads to XSS",
1168 silly audit report       severity: 'moderate',
1168 silly audit report       vulnerable_versions: '>=5.0.0-alpha.0 <5.94.0',
1168 silly audit report       cwe: [Array],
1168 silly audit report       cvss: [Object]
1168 silly audit report     }
1168 silly audit report   ]
1168 silly audit report }
1169 timing metavuln:cache:get:security-advisory:@babel/helpers:+NsF1flAI8VENgJn0XVIWaC4lCe3b89AZgBOx219qXn/BdXH1EWl/yD49aHbhQimIG4kna8zgkunsmpiAVwNPQ== Completed in 923ms
1170 timing metavuln:cache:get:security-advisory:@babel/runtime:xDaNmlS3J8LRk7IfDb7e9Gp3gcy/xDr1QZXCKC997SMkqKVemm2guY9vQpRI6omD11L5cfCI+STpoAdxUgnVsA== Completed in 923ms
1171 timing metavuln:cache:get:security-advisory:ajv:u4HOZ0QFYFTDLqnZ5TPSC8VEvP+HMuGcZACJuTqG8bm/gunrgkQwsiiH2pbF9tNIl45RK0sW2ccPzEojb1k0xQ== Completed in 923ms
1172 timing metavuln:cache:get:security-advisory:ajv:URErmxoyazZWR5lFcXpgTkGsbkrUBDlzD8W6txjBw2wZoOC7oHjHFfCrRr/VnGeJvbyUY9E2jxrL8p2XbwfP8g== Completed in 922ms
1173 timing metavuln:cache:get:security-advisory:js-yaml:MQ5RokLIvrWmT8/NQU0dD+jQ+6pFslHlaXx1Z5q7mESITohR8AwLT525ddIc2KvKZYbB1p5yclW3kV4xeRYXEg== Completed in 922ms
1174 timing metavuln:cache:get:security-advisory:js-yaml:621IdjBdZEeVoUcjWGl1jXN0jFDGaf7dIQMeaPVKf5MxqYprJztiOC0OHOUPVoayh7Cq/fTC8L5CqEb98qlE7w== Completed in 922ms
1175 timing metavuln:cache:get:security-advisory:glob:NTB2XjbDOgk4lkd8PZ3tUAm1F3E/ohGF6rl9/3LEO7Z0FDzSR5nWwzd3nUENA3NCNdyeR+35DOC12wPml2IV+g== Completed in 922ms
1176 timing metavuln:cache:get:security-advisory:brace-expansion:7IQMvcVTr+svbh5KCx4Kl6FQKJ1GciM03BnJAve/5WYJjUeRzKAIrStVpfachbl3T6a7o8nYlQEVG6Ih0TNXRg== Completed in 921ms
1177 timing metavuln:cache:get:security-advisory:brace-expansion:mClmYqWawCNXseeTBHWiIwZH/2CmFUqPCmosJIeOhAgD9z1v3SayhHAwaWVo8wmeKU/JN9VP4zDBeXaqy3Ay2A== Completed in 922ms
1178 timing metavuln:cache:get:security-advisory:minimatch:V/3cIcyAQcG1bwuH0e0PI9Qt5WRtbvb/WOz2mBxAfNzXf+Dvs9G1X05eHjnPq2b0TJY4zXXpqhCAkRAipgk3iQ== Completed in 922ms
1179 timing metavuln:cache:get:security-advisory:minimatch:/utMkAt3a6jSPsaWIJ1J7tAb7G+ccGxNsymbhFTVWOMIyhRZOJ9QR0zn1SNtejrdUO5fsO4RDJKDMI6C5/bkuw== Completed in 921ms
1180 timing metavuln:cache:get:security-advisory:minimatch:B00WbbnnDNaFGA7l9BgrTioYpRMzU4+U8SUF8cn65LwArJAK0O380QwyP/UyxPr7i9XUjX9/AADC41/edu9OrA== Completed in 921ms
1181 timing metavuln:cache:get:security-advisory:minimatch:kx7kRjUmjSYmgQBpfsU82Na4xORZqvqpRRSlOyPLadasPBl0YfFJCjIETC00BG7Gd2omQLizgz8/GnnE/hk+Jw== Completed in 921ms
1182 timing metavuln:cache:get:security-advisory:minimatch:txOieOIAfgHfBPiN09+pYAjPLRzgUOz3D3illtf9vTzeqs41QJZjfj5jVXCi/3ICpBX0YlJi/ghdWSjCJwNtwA== Completed in 921ms
1183 timing metavuln:cache:get:security-advisory:minimatch:tJ9Z2VGWqiQfLaVKxc9K/6Rz1g70Mpl3An4UK+K1lyHdz27vYPzhMIkC4jRGAN2wpssY+8l13Ql259B6zkaX/Q== Completed in 921ms
1184 timing metavuln:cache:get:security-advisory:minimatch:tdaAHfWGUw/nl/W8ALWVH+LvG2E3gvo3P2FI/fVPxm3aZteLxWMOEuk/9iDk5O0/cZN/GRXnabt/mW/bfUoL/g== Completed in 921ms
1185 timing metavuln:cache:get:security-advisory:minimatch:d1vHbFmApmPZ8D7tU5wibuYDk+ODEPdqBqmhQYykwFs/yMixetMkwY01zYVdWNOsg0NvkvSTlNgJ2ddzclruSA== Completed in 921ms
1186 timing metavuln:cache:get:security-advisory:minimatch:IBqefxF0lKwSFXzwGHp5L8khqSaPYY99x0GHtXNH4YxtdIexeL4FFPzrnnBvkhgmGDEWHo3XAgpPYGyM1jidQQ== Completed in 922ms
1187 timing metavuln:cache:get:security-advisory:braces:JiXBFkEDkUnBQLw3PO6emUmmm2JXqgEbh+FhB3SNDS8k6Z0wM20irrfaOjjxYuMxZaKaDudvR037mtEoeqZzXw== Completed in 922ms
1188 timing metavuln:cache:get:security-advisory:cookie:EFt7h/FZLeopARa06+F2CBY5ItUm007mP/cHgZjTJZX1MeIwg3JD7toSioRoDeE8wm5VdkimqlS+CnuPhZqbIg== Completed in 921ms
1189 timing metavuln:cache:get:security-advisory:cross-spawn:PBcc/5P1UEO/1Ba/jUNR65wOzs1wU0Y+m+OOSfB57dG5EajzjbqRMRm0l7MWqcJgHDYM5GoZ36Hm7qAYFlIH3A== Completed in 921ms
1190 timing metavuln:cache:get:security-advisory:dottie:0ACVlgh2XixrZ76V6Aw4AGmXe/vScI8AGIUQKFGZaYZxp4MyNabKSDBfLcT9XlERSFeHYQ9hiMRtZaHo1b3mTw== Completed in 920ms
1191 timing metavuln:cache:get:security-advisory:fastify:5OdrwYv5Xzq+rI3bchsuaHIz85Yyo5gTdhOrQGf2Em7pRhXXR2ur0R7W7qQ6UpWsSxuRBW8Fdp57dyqUhR5/yw== Completed in 920ms
1192 timing metavuln:cache:get:security-advisory:fastify:Mu3bbsgGIQMzQU+JUqKbxbOdmJ9sahc+8jmwkzzm3/7BqYYzReNvhjLjZ9XT5ElUjr+2gUCz/6X6tV16iM+obQ== Completed in 920ms
1193 timing metavuln:cache:get:security-advisory:find-my-way:ncPGiupWBmuLy3osYbi6NeA3zAkV0H2ETbz204QySGfjGMvhOUrckXpvAqjVyzsYU9NNJZrPHuMSulTPi+/bfw== Completed in 920ms
1194 timing metavuln:cache:get:security-advisory:ip:FcMhhitnipE8n5zCPiVRq2NLRNmu7UZkoO9lrM5CRC/emGwY5wSoa1+q1Q1Z8SPpfXO9tzox/MNRv7luhyJvqg== Completed in 919ms
1195 timing metavuln:cache:get:security-advisory:ip:b30c5XyTTW4mB+FTN7C/h1vhoJFO9OI8Q+LTllMkSK3uH9C7IrxRvaSJh85+QHMX79NvRWdtpRRPVOFX+5JL7A== Completed in 919ms
1196 timing metavuln:cache:get:security-advisory:lodash:OGNA5lR8rR8aeucWHqvJLBV5oaroI/lF2JfG9J2l63dx9uiGUyHuI4ymC6nv+dqWwxtqCIMcqBukiWYEiF5/RQ== Completed in 919ms
1197 timing metavuln:cache:get:security-advisory:markdown-it:745Vt4mrHCdT8gFHVh7oHROmP4aH4fErXXhbpeVBhtIHmsxTVI7P3rJSdfXZ1iZTBS6GEnTERL4OWUfc4Co9jQ== Completed in 918ms
1198 timing metavuln:cache:get:security-advisory:micromatch:TlYHmS8BZBwkbsPHbTfH2/e91KJnOnqfC63ZoKdiRy+yt6biPd8BwjBdyfPUht1+ZO675I3Gg00RQPYaWiOm8Q== Completed in 919ms
1199 timing metavuln:cache:get:security-advisory:nanoid:SvMVdtEUVO5ESues2DL9aEFMy6oMG+saOn/tNitKJcx7q7CvMfC5ZcstpC8dbnZl5KL/q/3pYBvQrAPBFsC+nQ== Completed in 918ms
1200 timing metavuln:cache:get:security-advisory:path-to-regexp:TmkHz1g6xKc2pnDD1h6+ZDKMikxz0M1BBY/wyR9ER8446AKOUk6gXjoSR2douZ5enAllzNSKaynTW1H+LBi1CA== Completed in 918ms
1201 timing metavuln:cache:get:security-advisory:pug:q1QCNIb5doZm6I3eRGcu7TI0K8fyc7dAf2McLW9B8u9n+aVFF2mdYrDZecswkGEqvp/OYAJdtseKaRANUQq8pQ== Completed in 918ms
1202 timing metavuln:cache:get:security-advisory:pug-code-gen:jYtA+ua4XfswkuObBtnwWn2fYvQUK4ca+Iv1+bqgs4mXRLiX4zUdwwNSawL0T4CvKtEq8q6TFgvFydQ8OKg+/Q== Completed in 917ms
1203 timing metavuln:cache:get:security-advisory:qs:vVSN+MRVpdux32gCUfPGidHUGmS/0G5Ziwtmb1YXw3NARw1r47LtySeR7yFf/LZ4sKzi41443WWDDZzPHuCh9g== Completed in 917ms
1204 timing metavuln:cache:get:security-advisory:qs:iChjlXxtVMTpyXsUse674XoeCayLW4gF6rE7sQcXvHRFegwpM44fUr9Eqlmsmu+S9udu9w9eZmpzcAcyiUJMIQ== Completed in 916ms
1205 timing metavuln:cache:get:security-advisory:serialize-javascript:VNhzhjSQJJPSfVWQUXMpEy6hsW23faurQllLlGbSJ7QrUHjncb9PKDTQYw8APRVBzMug+7YJc5EWXV6SYvPIiw== Completed in 916ms
1206 timing metavuln:cache:get:security-advisory:tar:a2Rq633Fb450KrL5I+PBBip9RehJ6FtWDjNsehiUQQhfKxytiNr8LSDlXjQgxefFIJVCdcIimTEzMjwUrv3mRQ== Completed in 916ms
1207 timing metavuln:cache:get:security-advisory:tar:qPQeYPFDBIedTWfYK3sbnScF6Ha7ouTs+wgndnz4PT5P+/K+GBD4epoPcYpXlu6AC7gSJlCJTJeuKbYAFoK9PA== Completed in 916ms
1208 timing metavuln:cache:get:security-advisory:tar:cbwMpzkxWE086TmEbj2aUk80Z6hlvP0jzlWS+XiX15JwqEtFzUgHyHj3QX4I6EZYk8tgcYPuNr3hYFVCQY6e3Q== Completed in 915ms
1209 timing metavuln:cache:get:security-advisory:tar:Bbf0Br7FJ1lJBIJDoLLFwjsDrbaYgLVqfrwr0ATzSQWEKW7Xp073S+5zxU9imRf4OqRJHo2MsCDeyKR0KRVsdA== Completed in 916ms
1210 timing metavuln:cache:get:security-advisory:tar:xsfciMtNhQn+Vb692L8h5HEYBYUJ5Lhjy3bF//LOsKSn8tp0f1hbuDX26k9UtKJNPZjM5uuq2Cxlz3KwL19oJg== Completed in 916ms
1211 timing metavuln:cache:get:security-advisory:tar-fs:cvuUIK3mvYU/u7TShVqDjuuoWy7Jgl2iyysqZzndeGLLwvbCDiePQ/rot9wwSNqpYc8yRaszF/7dU1Uelp1dUw== Completed in 916ms
1212 timing metavuln:cache:get:security-advisory:tar-fs:Ix/Js08sk80rCM814qr/o6ab9zjh7+H8VVJui+xRbBltVjhzX21eodMzpIt77aC2gIFcrK8EEBkOSiDgsanD1w== Completed in 916ms
1213 timing metavuln:cache:get:security-advisory:tar-fs:1dRVXY1/KAgNRzluJejkcnnY74RNVCtUBdSLW4DLR6KPpPmll6CDT96fyxIYOX7Nsq4AChUF8ivPlQmppqQqYw== Completed in 916ms
1214 timing metavuln:cache:get:security-advisory:validator:IkyJOqfhkev0E9tRX4zbgkqtsxJX67cd4upO2f1EheDpncnx522qyf9oLyXwjDcWGeZOQHSqJUAh/kUyYH60qQ== Completed in 916ms
1215 timing metavuln:cache:get:security-advisory:validator:K8tnmsGw+QkTexUmTWxKwuHjWuT7Hea3z5nNI9JdW3F0rI0+n7L2rpU8PIPJJVMbPs2Qmf97TEHw10QorOnMzQ== Completed in 915ms
1216 timing metavuln:cache:get:security-advisory:webpack:IzHFkMfHDC+SV3IL23ZHngntgLDUgyESA9Ge8Mh5rKNVcDpaWLuTZIcoUJg4/bAH+BQlnDzJ4nLfJCy6fOIM0A== Completed in 915ms
1217 timing metavuln:cache:get:security-advisory:webpack:s8eUYzfoKCRSDroeyV91F0huXvDaY4W8tlhzcL2BszFV9dolZHIAn/UZ/7LVU12F35esXqY1PqnhYKHfHcDozQ== Completed in 915ms
1218 timing metavuln:cache:get:security-advisory:webpack:7Pl1j4sHKhCQAEccTmt3XZIEEazRzvyC0TOx07N0G7o5OIhhZ0j0Ji3KSCbTwfmCR/2OHJ3Mx5ZmedDQEQeBbg== Completed in 915ms
1219 http fetch GET 200 https://registry.npmjs.org/http-errors/-/http-errors-2.0.0.tgz 9410ms (cache miss)
1220 timing reifyNode:node_modules/http-errors Completed in 10083ms
1221 http fetch GET 200 https://registry.npmjs.org/forwarded/-/forwarded-0.2.0.tgz 9390ms (cache miss)
1222 timing reifyNode:node_modules/forwarded Completed in 10090ms
1223 http fetch GET 200 https://registry.npmjs.org/env-paths/-/env-paths-2.2.1.tgz 9360ms (cache miss)
1224 timing reifyNode:node_modules/env-paths Completed in 10093ms
1225 http fetch GET 200 https://registry.npmjs.org/doctypes/-/doctypes-1.1.0.tgz 9356ms (cache miss)
1226 timing reifyNode:node_modules/doctypes Completed in 10096ms
1227 http fetch GET 200 https://registry.npmjs.org/encoding/-/encoding-0.1.13.tgz 9364ms (cache miss)
1228 timing reifyNode:node_modules/encoding Completed in 10098ms
1229 http fetch GET 200 https://registry.npmjs.org/color-name/-/color-name-1.1.4.tgz 9336ms (cache miss)
1230 timing reifyNode:node_modules/color-name Completed in 10095ms
1231 http fetch GET 200 https://registry.npmjs.org/clone-deep/-/clone-deep-4.0.1.tgz 9334ms (cache miss)
1232 timing reifyNode:node_modules/clone-deep Completed in 10095ms
1233 http fetch GET 200 https://registry.npmjs.org/babel-jest/-/babel-jest-29.7.0.tgz 9309ms (cache miss)
1234 timing reifyNode:node_modules/babel-jest Completed in 10094ms
1235 http fetch GET 200 https://registry.npmjs.org/@types/semver-utils/-/semver-utils-1.1.3.tgz 9274ms (cache miss)
1236 timing reifyNode:node_modules/@types/semver-utils Completed in 10095ms
1237 http fetch GET 200 https://registry.npmjs.org/p-limit/-/p-limit-2.3.0.tgz 9160ms (cache miss)
1238 timing reifyNode:node_modules/pkg-up/node_modules/p-limit Completed in 10155ms
1239 http fetch GET 200 https://registry.npmjs.org/@babel/helper-hoist-variables/-/helper-hoist-variables-7.22.5.tgz 9217ms (cache miss)
1240 timing reifyNode:node_modules/@babel/helper-hoist-variables Completed in 10099ms
1241 http fetch GET 200 https://registry.npmjs.org/@types/keyv/-/keyv-3.1.4.tgz 9296ms (cache miss)
1242 timing reifyNode:node_modules/@types/keyv Completed in 10118ms
1243 http fetch GET 200 https://registry.npmjs.org/@babel/plugin-syntax-typescript/-/plugin-syntax-typescript-7.24.1.tgz 9240ms (cache miss)
1244 timing reifyNode:node_modules/@babel/plugin-syntax-typescript Completed in 10107ms
1245 http fetch GET 200 https://registry.npmjs.org/has-flag/-/has-flag-3.0.0.tgz 9085ms (cache miss)
1246 timing reifyNode:node_modules/@babel/highlight/node_modules/has-flag Completed in 10113ms
1247 http fetch GET 200 https://registry.npmjs.org/lru-cache/-/lru-cache-6.0.0.tgz 9202ms (cache miss)
1248 timing reifyNode:node_modules/sqlite3/node_modules/lru-cache Completed in 10203ms
1249 http fetch GET 200 https://registry.npmjs.org/vary/-/vary-1.1.2.tgz 9822ms (cache miss)
1250 timing reifyNode:node_modules/vary Completed in 10214ms
1251 http fetch GET 200 https://registry.npmjs.org/tmpl/-/tmpl-1.0.5.tgz 9800ms (cache miss)
1252 timing reifyNode:node_modules/tmpl Completed in 10214ms
1253 http fetch GET 200 https://registry.npmjs.org/statuses/-/statuses-2.0.1.tgz 9783ms (cache miss)
1254 timing reifyNode:node_modules/statuses Completed in 10217ms
1255 http fetch GET 200 https://registry.npmjs.org/shebang-command/-/shebang-command-2.0.0.tgz 9765ms (cache miss)
1256 timing reifyNode:node_modules/shebang-command Completed in 10211ms
1257 http fetch GET 200 https://registry.npmjs.org/registry-url/-/registry-url-6.0.1.tgz 9741ms (cache miss)
1258 timing reifyNode:node_modules/registry-url Completed in 10209ms
1259 http fetch GET 200 https://registry.npmjs.org/pug-parser/-/pug-parser-6.0.0.tgz 9728ms (cache miss)
1260 timing reifyNode:node_modules/pug-parser Completed in 10208ms
1261 http fetch GET 200 https://registry.npmjs.org/proto-list/-/proto-list-1.2.4.tgz 9724ms (cache miss)
1262 timing reifyNode:node_modules/proto-list Completed in 10211ms
1263 http fetch GET 200 https://registry.npmjs.org/path-type/-/path-type-4.0.0.tgz 9704ms (cache miss)
1264 timing reifyNode:node_modules/path-type Completed in 10209ms
1265 http fetch GET 200 https://registry.npmjs.org/package-json/-/package-json-8.1.0.tgz 9699ms (cache miss)
1266 timing reifyNode:node_modules/package-json Completed in 10210ms
1267 http fetch GET 200 https://registry.npmjs.org/p-limit/-/p-limit-3.1.0.tgz 9691ms (cache miss)
1268 timing reifyNode:node_modules/p-limit Completed in 10210ms
1269 http fetch GET 200 https://registry.npmjs.org/node-int64/-/node-int64-0.4.0.tgz 9664ms (cache miss)
1270 timing reifyNode:node_modules/node-int64 Completed in 10205ms
1271 http fetch GET 200 https://registry.npmjs.org/node-abi/-/node-abi-3.60.0.tgz 9658ms (cache miss)
1272 timing reifyNode:node_modules/node-abi Completed in 10205ms
1273 http fetch GET 200 https://registry.npmjs.org/npm-run-path/-/npm-run-path-4.0.1.tgz 9681ms (cache miss)
1274 timing reifyNode:node_modules/npm-run-path Completed in 10211ms
1275 http fetch GET 200 https://registry.npmjs.org/object-assign/-/object-assign-4.1.1.tgz 9682ms (cache miss)
1276 timing reifyNode:node_modules/object-assign Completed in 10211ms
1277 http fetch GET 200 https://registry.npmjs.org/normalize-url/-/normalize-url-6.1.0.tgz 9676ms (cache miss)
1278 timing reifyNode:node_modules/normalize-url Completed in 10208ms
1279 http fetch GET 200 https://registry.npmjs.org/napi-build-utils/-/napi-build-utils-1.0.2.tgz 9653ms (cache miss)
1280 timing reifyNode:node_modules/napi-build-utils Completed in 10206ms
1281 http fetch GET 200 https://registry.npmjs.org/p-locate/-/p-locate-5.0.0.tgz 9702ms (cache miss)
1282 timing reifyNode:node_modules/p-locate Completed in 10215ms
1283 http fetch GET 200 https://registry.npmjs.org/npm-install-checks/-/npm-install-checks-6.3.0.tgz 9678ms (cache miss)
1284 timing reifyNode:node_modules/npm-install-checks Completed in 10210ms
1285 http fetch GET 200 https://registry.npmjs.org/minizlib/-/minizlib-2.1.2.tgz 9645ms (cache miss)
1286 timing reifyNode:node_modules/minizlib Completed in 10207ms
1287 http fetch GET 200 https://registry.npmjs.org/minipass-json-stream/-/minipass-json-stream-1.0.1.tgz 9638ms (cache miss)
1288 timing reifyNode:node_modules/minipass-json-stream Completed in 10207ms
1289 http fetch GET 200 https://registry.npmjs.org/minipass-pipeline/-/minipass-pipeline-1.2.4.tgz 9641ms (cache miss)
1290 timing reifyNode:node_modules/minipass-pipeline Completed in 10207ms
1291 http fetch GET 200 https://registry.npmjs.org/mimic-response/-/mimic-response-1.0.1.tgz 9623ms (cache miss)
1292 timing reifyNode:node_modules/mimic-response Completed in 10207ms
1293 http fetch GET 200 https://registry.npmjs.org/ms/-/ms-2.1.3.tgz 9653ms (cache miss)
1294 timing reifyNode:node_modules/ms Completed in 10210ms
1295 http fetch GET 200 https://registry.npmjs.org/makeerror/-/makeerror-1.0.12.tgz 9613ms (cache miss)
1296 timing reifyNode:node_modules/makeerror Completed in 10208ms
1297 http fetch GET 200 https://registry.npmjs.org/npmlog/-/npmlog-6.0.2.tgz 9689ms (cache miss)
1298 timing reifyNode:node_modules/npmlog Completed in 10217ms
1299 http fetch GET 200 https://registry.npmjs.org/merge-stream/-/merge-stream-2.0.0.tgz 9618ms (cache miss)
1300 timing reifyNode:node_modules/merge-stream Completed in 10209ms
1301 http fetch GET 200 https://registry.npmjs.org/merge2/-/merge2-1.4.1.tgz 9620ms (cache miss)
1302 timing reifyNode:node_modules/merge2 Completed in 10210ms
1303 http fetch GET 200 https://registry.npmjs.org/make-promises-safe/-/make-promises-safe-5.1.0.tgz 9614ms (cache miss)
1304 timing reifyNode:node_modules/make-promises-safe Completed in 10209ms
1305 http fetch GET 200 https://registry.npmjs.org/lodash.compact/-/lodash.compact-3.0.1.tgz 9609ms (cache miss)
1306 timing reifyNode:node_modules/lodash.compact Completed in 10210ms
1307 http fetch GET 200 https://registry.npmjs.org/loader-runner/-/loader-runner-4.3.0.tgz 9607ms (cache miss)
1308 timing reifyNode:node_modules/loader-runner Completed in 10209ms
1309 http fetch GET 200 https://registry.npmjs.org/lru-queue/-/lru-queue-0.1.0.tgz 9613ms (cache miss)
1310 timing reifyNode:node_modules/lru-queue Completed in 10211ms
1311 http fetch GET 200 https://registry.npmjs.org/keyv/-/keyv-4.5.4.tgz 9601ms (cache miss)
1312 timing reifyNode:node_modules/keyv Completed in 10210ms
1313 http fetch GET 200 https://registry.npmjs.org/natural-compare/-/natural-compare-1.4.0.tgz 9663ms (cache miss)
1314 timing reifyNode:node_modules/natural-compare Completed in 10215ms
1315 http fetch GET 200 https://registry.npmjs.org/jstransformer-markdown-it/-/jstransformer-markdown-it-3.0.0.tgz 9602ms (cache miss)
1316 timing reifyNode:node_modules/jstransformer-markdown-it Completed in 10211ms
1317 http fetch GET 200 https://registry.npmjs.org/locate-path/-/locate-path-6.0.0.tgz 9611ms (cache miss)
1318 timing reifyNode:node_modules/locate-path Completed in 10213ms
1319 http fetch GET 200 https://registry.npmjs.org/lines-and-columns/-/lines-and-columns-1.2.4.tgz 9609ms (cache miss)
1320 timing reifyNode:node_modules/lines-and-columns Completed in 10212ms
1321 http fetch GET 200 https://registry.npmjs.org/json-parse-helpfulerror/-/json-parse-helpfulerror-1.0.3.tgz 9598ms (cache miss)
1322 timing reifyNode:node_modules/json-parse-helpfulerror Completed in 10212ms
1323 http fetch GET 200 https://registry.npmjs.org/js-stringify/-/js-stringify-1.0.2.tgz 9596ms (cache miss)
1324 timing reifyNode:node_modules/js-stringify Completed in 10213ms
1325 http fetch GET 200 https://registry.npmjs.org/jsonlines/-/jsonlines-0.1.1.tgz 9603ms (cache miss)
1326 timing reifyNode:node_modules/jsonlines Completed in 10214ms
1327 http fetch GET 200 https://registry.npmjs.org/json-buffer/-/json-buffer-3.0.1.tgz 9600ms (cache miss)
1328 timing reifyNode:node_modules/json-buffer Completed in 10214ms
1329 http fetch GET 200 https://registry.npmjs.org/jest-resolve-dependencies/-/jest-resolve-dependencies-29.7.0.tgz 9586ms (cache miss)
1330 timing reifyNode:node_modules/jest-resolve-dependencies Completed in 10213ms
1331 http fetch GET 200 https://registry.npmjs.org/lru-cache/-/lru-cache-5.1.1.tgz 9621ms (cache miss)
1332 timing reifyNode:node_modules/lru-cache Completed in 10218ms
1333 http fetch GET 200 https://registry.npmjs.org/jest-environment-node/-/jest-environment-node-29.7.0.tgz 9578ms (cache miss)
1334 timing reifyNode:node_modules/jest-environment-node Completed in 10215ms
1335 http fetch GET 200 https://registry.npmjs.org/jest/-/jest-29.7.0.tgz 9576ms (cache miss)
1336 timing reifyNode:node_modules/jest Completed in 10215ms
1337 http fetch GET 200 https://registry.npmjs.org/isarray/-/isarray-2.0.5.tgz 9573ms (cache miss)
1338 timing reifyNode:node_modules/isarray Completed in 10215ms
1339 http fetch GET 200 https://registry.npmjs.org/is-stream/-/is-stream-2.0.1.tgz 9569ms (cache miss)
1340 timing reifyNode:node_modules/is-stream Completed in 10216ms
1341 http fetch GET 200 https://registry.npmjs.org/is-plain-object/-/is-plain-object-2.0.4.tgz 9570ms (cache miss)
1342 timing reifyNode:node_modules/is-plain-object Completed in 10217ms
1343 http fetch GET 200 https://registry.npmjs.org/is-extglob/-/is-extglob-2.1.1.tgz 9562ms (cache miss)
1344 timing reifyNode:node_modules/is-extglob Completed in 10216ms
1345 http fetch GET 200 https://registry.npmjs.org/is-ci/-/is-ci-3.0.1.tgz 9558ms (cache miss)
1346 timing reifyNode:node_modules/is-ci Completed in 10216ms
1347 http fetch GET 200 https://registry.npmjs.org/is-docker/-/is-docker-2.2.1.tgz 9560ms (cache miss)
1348 timing reifyNode:node_modules/is-docker Completed in 10218ms
1349 http fetch GET 200 https://registry.npmjs.org/ieee754/-/ieee754-1.2.1.tgz 9548ms (cache miss)
1350 timing reifyNode:node_modules/ieee754 Completed in 10215ms
1351 http fetch GET 200 https://registry.npmjs.org/global-dirs/-/global-dirs-3.0.0.tgz 9529ms (cache miss)
1352 timing reifyNode:node_modules/global-dirs Completed in 10216ms
1353 http fetch GET 200 https://registry.npmjs.org/glob-parent/-/glob-parent-6.0.2.tgz 9528ms (cache miss)
1354 timing reifyNode:node_modules/glob-parent Completed in 10215ms
1355 http fetch GET 200 https://registry.npmjs.org/has-flag/-/has-flag-4.0.0.tgz 9536ms (cache miss)
1356 timing reifyNode:node_modules/has-flag Completed in 10217ms
1357 http fetch GET 200 https://registry.npmjs.org/get-package-type/-/get-package-type-0.1.0.tgz 9526ms (cache miss)
1358 timing reifyNode:node_modules/get-package-type Completed in 10217ms
1359 http fetch GET 200 https://registry.npmjs.org/fill-range/-/fill-range-7.0.1.tgz 9513ms (cache miss)
1360 timing reifyNode:node_modules/fill-range Completed in 10215ms
1361 http fetch GET 200 https://registry.npmjs.org/fastify-method-override/-/fastify-method-override-1.5.10.tgz 9508ms (cache miss)
1362 timing reifyNode:node_modules/fastify-method-override Completed in 10215ms
1363 http fetch GET 200 https://registry.npmjs.org/expand-template/-/expand-template-2.0.3.tgz 9497ms (cache miss)
1364 timing reifyNode:node_modules/expand-template Completed in 10214ms
1365 http fetch GET 200 https://registry.npmjs.org/fb-watchman/-/fb-watchman-2.0.2.tgz 9514ms (cache miss)
1366 timing reifyNode:node_modules/fb-watchman Completed in 10218ms
1367 http fetch GET 200 https://registry.npmjs.org/esrecurse/-/esrecurse-4.3.0.tgz 9500ms (cache miss)
1368 timing reifyNode:node_modules/esrecurse Completed in 10218ms
1369 http fetch GET 200 https://registry.npmjs.org/escape-html/-/escape-html-1.0.3.tgz 9493ms (cache miss)
1370 timing reifyNode:node_modules/escape-html Completed in 10219ms
1371 http fetch GET 200 https://registry.npmjs.org/es-shim-unscopables/-/es-shim-unscopables-1.0.2.tgz 9490ms (cache miss)
1372 timing reifyNode:node_modules/es-shim-unscopables Completed in 10220ms
1373 http fetch GET 200 https://registry.npmjs.org/dottie/-/dottie-2.0.6.tgz 9484ms (cache miss)
1374 timing reifyNode:node_modules/dottie Completed in 10219ms
1375 http fetch GET 200 https://registry.npmjs.org/detect-newline/-/detect-newline-3.1.0.tgz 9479ms (cache miss)
1376 timing reifyNode:node_modules/detect-newline Completed in 10220ms
1377 http fetch GET 200 https://registry.npmjs.org/content-disposition/-/content-disposition-0.5.4.tgz 9466ms (cache miss)
1378 timing reifyNode:node_modules/content-disposition Completed in 10220ms
1379 http fetch GET 200 https://registry.npmjs.org/console-control-strings/-/console-control-strings-1.1.0.tgz 9468ms (cache miss)
1380 timing reifyNode:node_modules/console-control-strings Completed in 10222ms
1381 http fetch GET 200 https://registry.npmjs.org/clone-response/-/clone-response-1.0.3.tgz 9459ms (cache miss)
1382 timing reifyNode:node_modules/clone-response Completed in 10220ms
1383 http fetch GET 200 https://registry.npmjs.org/callsites/-/callsites-3.1.0.tgz 9449ms (cache miss)
1384 timing reifyNode:node_modules/callsites Completed in 10220ms
1385 http fetch GET 200 https://registry.npmjs.org/buffer-from/-/buffer-from-1.1.2.tgz 9446ms (cache miss)
1386 timing reifyNode:node_modules/buffer-from Completed in 10219ms
1387 http fetch GET 200 https://registry.npmjs.org/at-least-node/-/at-least-node-1.0.0.tgz 9433ms (cache miss)
1388 timing reifyNode:node_modules/at-least-node Completed in 10219ms
1389 http fetch GET 200 https://registry.npmjs.org/binary-extensions/-/binary-extensions-2.2.0.tgz 9444ms (cache miss)
1390 timing reifyNode:node_modules/binary-extensions Completed in 10222ms
1391 http fetch GET 200 https://registry.npmjs.org/archy/-/archy-1.0.0.tgz 9428ms (cache miss)
1392 timing reifyNode:node_modules/archy Completed in 10220ms
1393 http fetch GET 200 https://registry.npmjs.org/ansi-styles/-/ansi-styles-4.3.0.tgz 9428ms (cache miss)
1394 timing reifyNode:node_modules/ansi-styles Completed in 10221ms
1395 http fetch GET 200 https://registry.npmjs.org/ansi-regex/-/ansi-regex-5.0.1.tgz 9427ms (cache miss)
1396 timing reifyNode:node_modules/ansi-regex Completed in 10221ms
1397 http fetch GET 200 https://registry.npmjs.org/@webassemblyjs/wasm-opt/-/wasm-opt-1.12.1.tgz 9415ms (cache miss)
1398 timing reifyNode:node_modules/@webassemblyjs/wasm-opt Completed in 10221ms
1399 http fetch GET 200 https://registry.npmjs.org/@types/istanbul-reports/-/istanbul-reports-3.0.4.tgz 9397ms (cache miss)
1400 timing reifyNode:node_modules/@types/istanbul-reports Completed in 10220ms
1401 http fetch GET 200 https://registry.npmjs.org/@types/yargs-parser/-/yargs-parser-21.0.3.tgz 9404ms (cache miss)
1402 timing reifyNode:node_modules/@types/yargs-parser Completed in 10221ms
1403 http fetch GET 200 https://registry.npmjs.org/@types/debug/-/debug-4.1.12.tgz 9393ms (cache miss)
1404 timing reifyNode:node_modules/@types/debug Completed in 10218ms
1405 http fetch GET 200 https://registry.npmjs.org/@types/istanbul-lib-coverage/-/istanbul-lib-coverage-2.0.6.tgz 9397ms (cache miss)
1406 timing reifyNode:node_modules/@types/istanbul-lib-coverage Completed in 10220ms
1407 http fetch GET 200 https://registry.npmjs.org/@webassemblyjs/floating-point-hex-parser/-/floating-point-hex-parser-1.11.6.tgz 9412ms (cache miss)
1408 timing reifyNode:node_modules/@webassemblyjs/floating-point-hex-parser Completed in 10225ms
1409 http fetch GET 200 https://registry.npmjs.org/@jest/schemas/-/schemas-29.6.3.tgz 9368ms (cache miss)
1410 timing reifyNode:node_modules/@jest/schemas Completed in 10216ms
1411 http fetch GET 200 https://registry.npmjs.org/@types/istanbul-lib-report/-/istanbul-lib-report-3.0.3.tgz 9400ms (cache miss)
1412 timing reifyNode:node_modules/@types/istanbul-lib-report Completed in 10222ms
1413 http fetch GET 200 https://registry.npmjs.org/@types/babel__template/-/babel__template-7.4.4.tgz 9395ms (cache miss)
1414 timing reifyNode:node_modules/@types/babel__template Completed in 10221ms
1415 http fetch GET 200 https://registry.npmjs.org/@types/eslint-scope/-/eslint-scope-3.7.4.tgz 9398ms (cache miss)
1416 timing reifyNode:node_modules/@types/eslint-scope Completed in 10224ms
1417 http fetch GET 200 https://registry.npmjs.org/strip-ansi/-/strip-ansi-7.0.1.tgz 9323ms (cache miss)
1418 timing reifyNode:node_modules/widest-line/node_modules/strip-ansi Completed in 10309ms
1419 http fetch GET 200 https://registry.npmjs.org/json-parse-even-better-errors/-/json-parse-even-better-errors-3.0.1.tgz 9292ms (cache miss)
1420 timing reifyNode:node_modules/read-package-json/node_modules/json-parse-even-better-errors Completed in 10289ms
1421 http fetch GET 200 https://registry.npmjs.org/path-exists/-/path-exists-3.0.0.tgz 9290ms (cache miss)
1422 timing reifyNode:node_modules/pkg-up/node_modules/path-exists Completed in 10285ms
1423 http fetch GET 200 https://registry.npmjs.org/fs-minipass/-/fs-minipass-3.0.3.tgz 9280ms (cache miss)
1424 timing reifyNode:node_modules/pacote/node_modules/fs-minipass Completed in 10282ms
1425 http fetch GET 200 https://registry.npmjs.org/unique-filename/-/unique-filename-2.0.1.tgz 9272ms (cache miss)
1426 timing reifyNode:node_modules/node-gyp/node_modules/unique-filename Completed in 10277ms
1427 http fetch GET 200 https://registry.npmjs.org/@babel/plugin-syntax-optional-catch-binding/-/plugin-syntax-optional-catch-binding-7.8.3.tgz 9359ms (cache miss)
1428 timing reifyNode:node_modules/@babel/plugin-syntax-optional-catch-binding Completed in 10229ms
1429 http fetch GET 200 https://registry.npmjs.org/@babel/plugin-syntax-bigint/-/plugin-syntax-bigint-7.8.3.tgz 9355ms (cache miss)
1430 timing reifyNode:node_modules/@babel/plugin-syntax-bigint Completed in 10229ms
1431 http fetch GET 200 https://registry.npmjs.org/@webpack-cli/serve/-/serve-2.0.5.tgz 9440ms (cache miss)
1432 timing reifyNode:node_modules/@webpack-cli/serve Completed in 10245ms
1433 http fetch GET 200 https://registry.npmjs.org/@gar/promisify/-/promisify-1.1.3.tgz 9381ms (cache miss)
1434 timing reifyNode:node_modules/@gar/promisify Completed in 10235ms
1435 http fetch GET 200 https://registry.npmjs.org/@aashutoshrathi/word-wrap/-/word-wrap-1.2.6.tgz 9346ms (cache miss)
1436 timing reifyNode:node_modules/@aashutoshrathi/word-wrap Completed in 10231ms
1437 http fetch GET 200 https://registry.npmjs.org/@babel/helper-plugin-utils/-/helper-plugin-utils-7.24.0.tgz 9356ms (cache miss)
1438 timing reifyNode:node_modules/@babel/helper-plugin-utils Completed in 10236ms
1439 http fetch GET 200 https://registry.npmjs.org/ms/-/ms-2.1.2.tgz 9249ms (cache miss)
1440 timing reifyNode:node_modules/debug/node_modules/ms Completed in 10268ms
1441 http fetch GET 200 https://registry.npmjs.org/@jest/expect/-/expect-29.7.0.tgz 9412ms (cache miss)
1442 timing reifyNode:node_modules/@jest/expect Completed in 10263ms
1443 http fetch GET 200 https://registry.npmjs.org/y18n/-/y18n-5.0.8.tgz 9975ms (cache miss)
1444 timing reifyNode:node_modules/y18n Completed in 10361ms
1445 http fetch GET 200 https://registry.npmjs.org/typedarray-to-buffer/-/typedarray-to-buffer-3.1.5.tgz 9954ms (cache miss)
1446 timing reifyNode:node_modules/typedarray-to-buffer Completed in 10359ms
1447 http fetch GET 200 https://registry.npmjs.org/type-is/-/type-is-1.6.18.tgz 9952ms (cache miss)
1448 timing reifyNode:node_modules/type-is Completed in 10360ms
1449 http fetch GET 200 https://registry.npmjs.org/tildify/-/tildify-2.0.0.tgz 9944ms (cache miss)
1450 timing reifyNode:node_modules/tildify Completed in 10359ms
1451 http fetch GET 200 https://registry.npmjs.org/text-table/-/text-table-0.2.0.tgz 9938ms (cache miss)
1452 http fetch GET 200 https://registry.npmjs.org/stack-trace/-/stack-trace-0.0.10.tgz 9925ms (cache miss)
1453 timing reifyNode:node_modules/stack-trace Completed in 10359ms
1454 http fetch GET 200 https://registry.npmjs.org/spdx-expression-parse/-/spdx-expression-parse-3.0.1.tgz 9919ms (cache miss)
1455 timing reifyNode:node_modules/spdx-expression-parse Completed in 10359ms
1456 http fetch GET 200 https://registry.npmjs.org/string-width/-/string-width-4.2.3.tgz 9679ms (cache miss)
1457 timing reifyNode:node_modules/string-width-cjs Completed in 10362ms
1458 http fetch GET 200 https://registry.npmjs.org/yallist/-/yallist-4.0.0.tgz 9988ms (cache miss)
1459 timing reifyNode:node_modules/yallist Completed in 10373ms
1460 http fetch GET 200 https://registry.npmjs.org/string-length/-/string-length-4.0.2.tgz 9931ms (cache miss)
1461 timing reifyNode:node_modules/string-length Completed in 10364ms
1462 http fetch GET 200 https://registry.npmjs.org/simple-concat/-/simple-concat-1.0.1.tgz 9914ms (cache miss)
1463 timing reifyNode:node_modules/simple-concat Completed in 10356ms
1464 http fetch GET 200 https://registry.npmjs.org/require-from-string/-/require-from-string-2.0.2.tgz 9893ms (cache miss)
1465 timing reifyNode:node_modules/require-from-string Completed in 10355ms
1466 http fetch GET 200 https://registry.npmjs.org/semver-utils/-/semver-utils-1.1.4.tgz 9906ms (cache miss)
1467 timing reifyNode:node_modules/semver-utils Completed in 10361ms
1468 http fetch GET 200 https://registry.npmjs.org/readdirp/-/readdirp-3.6.0.tgz 9885ms (cache miss)
1469 timing reifyNode:node_modules/readdirp Completed in 10356ms
1470 http fetch GET 200 https://registry.npmjs.org/read-package-json-fast/-/read-package-json-fast-3.0.2.tgz 9884ms (cache miss)
1471 timing reifyNode:node_modules/read-package-json-fast Completed in 10356ms
1472 http fetch GET 200 https://registry.npmjs.org/quick-format-unescaped/-/quick-format-unescaped-4.0.4.tgz 9883ms (cache miss)
1473 timing reifyNode:node_modules/quick-format-unescaped Completed in 10356ms
1474 http fetch GET 200 https://registry.npmjs.org/pump/-/pump-3.0.0.tgz 9879ms (cache miss)
1475 timing reifyNode:node_modules/pump Completed in 10356ms
1476 http fetch GET 200 https://registry.npmjs.org/pug-walk/-/pug-walk-2.0.0.tgz 9879ms (cache miss)
1477 timing reifyNode:node_modules/pug-walk Completed in 10357ms
1478 http fetch GET 200 https://registry.npmjs.org/promise-retry/-/promise-retry-2.0.1.tgz 9868ms (cache miss)
1479 timing reifyNode:node_modules/promise-retry Completed in 10356ms
1480 http fetch GET 200 https://registry.npmjs.org/read-package-json/-/read-package-json-6.0.4.tgz 9889ms (cache miss)
1481 timing reifyNode:node_modules/read-package-json Completed in 10360ms
1482 http fetch GET 200 https://registry.npmjs.org/postgres-bytea/-/postgres-bytea-1.0.0.tgz 9866ms (cache miss)
1483 timing reifyNode:node_modules/postgres-bytea Completed in 10357ms
1484 http fetch GET 200 https://registry.npmjs.org/pgpass/-/pgpass-1.0.5.tgz 9852ms (cache miss)
1485 timing reifyNode:node_modules/pgpass Completed in 10354ms
1486 http fetch GET 200 https://registry.npmjs.org/pg-connection-string/-/pg-connection-string-2.6.2.tgz 9851ms (cache miss)
1487 timing reifyNode:node_modules/pg-connection-string Completed in 10355ms
1488 http fetch GET 200 https://registry.npmjs.org/pg-int8/-/pg-int8-1.0.1.tgz 9852ms (cache miss)
1489 timing reifyNode:node_modules/pg-int8 Completed in 10356ms
1490 http fetch GET 200 https://registry.npmjs.org/p-cancelable/-/p-cancelable-3.0.0.tgz 9834ms (cache miss)
1491 timing reifyNode:node_modules/p-cancelable Completed in 10353ms
1492 http fetch GET 200 https://registry.npmjs.org/once/-/once-1.4.0.tgz 9833ms (cache miss)
1493 timing reifyNode:node_modules/once Completed in 10354ms
1494 http fetch GET 200 https://registry.npmjs.org/path-parse/-/path-parse-1.0.7.tgz 9849ms (cache miss)
1495 timing reifyNode:node_modules/path-parse Completed in 10356ms
1496 http fetch GET 200 https://registry.npmjs.org/parse-json/-/parse-json-5.2.0.tgz 9848ms (cache miss)
1497 timing reifyNode:node_modules/parse-json Completed in 10356ms
1498 http fetch GET 200 https://registry.npmjs.org/npm-normalize-package-bin/-/npm-normalize-package-bin-3.0.1.tgz 9822ms (cache miss)
1499 timing reifyNode:node_modules/npm-normalize-package-bin Completed in 10352ms
1500 http fetch GET 200 https://registry.npmjs.org/node-gyp-build/-/node-gyp-build-4.8.0.tgz 9808ms (cache miss)
1501 timing reifyNode:node_modules/node-gyp-build Completed in 10351ms
1502 http fetch GET 200 https://registry.npmjs.org/progress/-/progress-2.0.3.tgz 9877ms (cache miss)
1503 timing reifyNode:node_modules/progress Completed in 10366ms
1504 http fetch GET 200 https://registry.npmjs.org/postgres-date/-/postgres-date-1.0.7.tgz 9874ms (cache miss)
1505 timing reifyNode:node_modules/postgres-date Completed in 10366ms
1506 http fetch GET 200 https://registry.npmjs.org/npm-pick-manifest/-/npm-pick-manifest-8.0.2.tgz 9826ms (cache miss)
1507 timing reifyNode:node_modules/npm-pick-manifest Completed in 10357ms
1508 http fetch GET 200 https://registry.npmjs.org/media-typer/-/media-typer-0.3.0.tgz 9759ms (cache miss)
1509 timing reifyNode:node_modules/media-typer Completed in 10351ms
1510 http fetch GET 200 https://registry.npmjs.org/make-dir/-/make-dir-4.0.0.tgz 9754ms (cache miss)
1511 timing reifyNode:node_modules/make-dir Completed in 10351ms
1512 http fetch GET 200 https://registry.npmjs.org/minipass-collect/-/minipass-collect-1.0.2.tgz 9781ms (cache miss)
1513 timing reifyNode:node_modules/minipass-collect Completed in 10353ms
1514 http fetch GET 200 https://registry.npmjs.org/minipass-flush/-/minipass-flush-1.0.5.tgz 9786ms (cache miss)
1515 timing reifyNode:node_modules/minipass-flush Completed in 10353ms
1516 http fetch GET 200 https://registry.npmjs.org/lodash.castarray/-/lodash.castarray-4.4.0.tgz 9751ms (cache miss)
1517 timing reifyNode:node_modules/lodash.castarray Completed in 10352ms
1518 http fetch GET 200 https://registry.npmjs.org/lodash.isempty/-/lodash.isempty-4.4.0.tgz 9753ms (cache miss)
1519 timing reifyNode:node_modules/lodash.isempty Completed in 10353ms
1520 http fetch GET 200 https://registry.npmjs.org/leven/-/leven-3.1.0.tgz 9747ms (cache miss)
1521 timing reifyNode:node_modules/leven Completed in 10352ms
1522 http fetch GET 200 https://registry.npmjs.org/json-schema-traverse/-/json-schema-traverse-0.4.1.tgz 9740ms (cache miss)
1523 timing reifyNode:node_modules/json-schema-traverse Completed in 10352ms
1524 http fetch GET 200 https://registry.npmjs.org/latest-version/-/latest-version-7.0.0.tgz 9748ms (cache miss)
1525 timing reifyNode:node_modules/latest-version Completed in 10354ms
1526 http fetch GET 200 https://registry.npmjs.org/kleur/-/kleur-3.0.3.tgz 9747ms (cache miss)
1527 timing reifyNode:node_modules/kleur Completed in 10354ms
1528 http fetch GET 200 https://registry.npmjs.org/postcss-modules-local-by-default/-/postcss-modules-local-by-default-4.0.5.tgz 9878ms (cache miss)
1529 timing reifyNode:node_modules/postcss-modules-local-by-default Completed in 10372ms
1530 http fetch GET 200 https://registry.npmjs.org/json-parse-even-better-errors/-/json-parse-even-better-errors-2.3.1.tgz 9739ms (cache miss)
1531 timing reifyNode:node_modules/json-parse-even-better-errors Completed in 10354ms
1532 http fetch GET 200 https://registry.npmjs.org/jest-regex-util/-/jest-regex-util-29.6.3.tgz 9724ms (cache miss)
1533 timing reifyNode:node_modules/jest-regex-util Completed in 10353ms
1534 http fetch GET 200 https://registry.npmjs.org/jest-pnp-resolver/-/jest-pnp-resolver-1.2.3.tgz 9725ms (cache miss)
1535 timing reifyNode:node_modules/jest-pnp-resolver Completed in 10354ms
1536 http fetch GET 200 https://registry.npmjs.org/mimic-fn/-/mimic-fn-2.1.0.tgz 9774ms (cache miss)
1537 timing reifyNode:node_modules/mimic-fn Completed in 10359ms
1538 http fetch GET 200 https://registry.npmjs.org/jest-leak-detector/-/jest-leak-detector-29.7.0.tgz 9721ms (cache miss)
1539 timing reifyNode:node_modules/jest-leak-detector Completed in 10355ms
1540 http fetch GET 200 https://registry.npmjs.org/jstransformer/-/jstransformer-1.0.0.tgz 9749ms (cache miss)
1541 timing reifyNode:node_modules/jstransformer Completed in 10359ms
1542 http fetch GET 200 https://registry.npmjs.org/jest-docblock/-/jest-docblock-29.7.0.tgz 9721ms (cache miss)
1543 timing reifyNode:node_modules/jest-docblock Completed in 10357ms
1544 http fetch GET 200 https://registry.npmjs.org/isobject/-/isobject-3.0.1.tgz 9715ms (cache miss)
1545 timing reifyNode:node_modules/isobject Completed in 10357ms
1546 http fetch GET 200 https://registry.npmjs.org/is-promise/-/is-promise-2.2.2.tgz 9710ms (cache miss)
1547 timing reifyNode:node_modules/is-promise Completed in 10357ms
1548 http fetch GET 200 https://registry.npmjs.org/is-lambda/-/is-lambda-1.0.1.tgz 9705ms (cache miss)
1549 timing reifyNode:node_modules/is-lambda Completed in 10357ms
1550 http fetch GET 200 https://registry.npmjs.org/is-generator-fn/-/is-generator-fn-2.1.0.tgz 9703ms (cache miss)
1551 timing reifyNode:node_modules/is-generator-fn Completed in 10358ms
1552 http fetch GET 200 https://registry.npmjs.org/is-fullwidth-code-point/-/is-fullwidth-code-point-3.0.0.tgz 9703ms (cache miss)
1553 timing reifyNode:node_modules/is-fullwidth-code-point Completed in 10358ms
1554 http fetch GET 200 https://registry.npmjs.org/string_decoder/-/string_decoder-1.3.0.tgz 9721ms (cache miss)
1555 timing reifyNode:node_modules/string_decoder Completed in 10402ms
1556 http fetch GET 200 https://registry.npmjs.org/is-binary-path/-/is-binary-path-2.1.0.tgz 9699ms (cache miss)
1557 timing reifyNode:node_modules/is-binary-path Completed in 10357ms
1558 http fetch GET 200 https://registry.npmjs.org/ip/-/ip-2.0.0.tgz 9696ms (cache miss)
1559 timing reifyNode:node_modules/ip Completed in 10357ms
1560 http fetch GET 200 https://registry.npmjs.org/inflight/-/inflight-1.0.6.tgz 9694ms (cache miss)
1561 timing reifyNode:node_modules/inflight Completed in 10357ms
1562 http fetch GET 200 https://registry.npmjs.org/is-expression/-/is-expression-4.0.0.tgz 9705ms (cache miss)
1563 timing reifyNode:node_modules/is-expression Completed in 10361ms
1564 http fetch GET 200 https://registry.npmjs.org/indent-string/-/indent-string-4.0.0.tgz 9693ms (cache miss)
1565 timing reifyNode:node_modules/indent-string Completed in 10358ms
1566 http fetch GET 200 https://registry.npmjs.org/import-local/-/import-local-3.1.0.tgz 9693ms (cache miss)
1567 timing reifyNode:node_modules/import-local Completed in 10359ms
1568 http fetch GET 200 https://registry.npmjs.org/ini/-/ini-2.0.0.tgz 9696ms (cache miss)
1569 timing reifyNode:node_modules/ini Completed in 10359ms
1570 http fetch GET 200 https://registry.npmjs.org/is-number/-/is-number-7.0.0.tgz 9712ms (cache miss)
1571 timing reifyNode:node_modules/is-number Completed in 10363ms
1572 http fetch GET 200 https://registry.npmjs.org/ignore-walk/-/ignore-walk-6.0.4.tgz 9692ms (cache miss)
1573 timing reifyNode:node_modules/ignore-walk Completed in 10359ms
1574 http fetch GET 200 https://registry.npmjs.org/hasown/-/hasown-2.0.2.tgz 9685ms (cache miss)
1575 timing reifyNode:node_modules/hasown Completed in 10360ms
1576 http fetch GET 200 https://registry.npmjs.org/is-arrayish/-/is-arrayish-0.2.1.tgz 9704ms (cache miss)
1577 timing reifyNode:node_modules/is-arrayish Completed in 10363ms
1578 http fetch GET 200 https://registry.npmjs.org/html-escaper/-/html-escaper-2.0.2.tgz 9688ms (cache miss)
1579 http fetch GET 200 https://registry.npmjs.org/fp-and-or/-/fp-and-or-0.1.4.tgz 9661ms (cache miss)
1580 timing reifyNode:node_modules/fp-and-or Completed in 10360ms
1581 http fetch GET 200 https://registry.npmjs.org/functions-have-names/-/functions-have-names-1.2.3.tgz 9669ms (cache miss)
1582 timing reifyNode:node_modules/functions-have-names Completed in 10361ms
1583 http fetch GET 200 https://registry.npmjs.org/file-uri-to-path/-/file-uri-to-path-1.0.0.tgz 9659ms (cache miss)
1584 timing reifyNode:node_modules/file-uri-to-path Completed in 10362ms
1585 http fetch GET 200 https://registry.npmjs.org/find-up/-/find-up-5.0.0.tgz 9661ms (cache miss)
1586 timing reifyNode:node_modules/find-up Completed in 10363ms
1587 http fetch GET 200 https://registry.npmjs.org/fs-minipass/-/fs-minipass-2.1.0.tgz 9669ms (cache miss)
1588 timing reifyNode:node_modules/fs-minipass Completed in 10366ms
1589 http fetch GET 200 https://registry.npmjs.org/fast-levenshtein/-/fast-levenshtein-2.0.6.tgz 9654ms (cache miss)
1590 timing reifyNode:node_modules/fast-levenshtein Completed in 10363ms
1591 http fetch GET 200 https://registry.npmjs.org/get-caller-file/-/get-caller-file-2.0.5.tgz 9676ms (cache miss)
1592 timing reifyNode:node_modules/get-caller-file Completed in 10368ms
1593 http fetch GET 200 https://registry.npmjs.org/fast-decode-uri-component/-/fast-decode-uri-component-1.0.1.tgz 9650ms (cache miss)
1594 timing reifyNode:node_modules/fast-decode-uri-component Completed in 10364ms
1595 http fetch GET 200 https://registry.npmjs.org/eslint-import-resolver-node/-/eslint-import-resolver-node-0.3.9.tgz 9642ms (cache miss)
1596 timing reifyNode:node_modules/eslint-import-resolver-node Completed in 10365ms
1597 http fetch GET 200 https://registry.npmjs.org/escape-goat/-/escape-goat-4.0.0.tgz 9638ms (cache miss)
1598 timing reifyNode:node_modules/escape-goat Completed in 10365ms
1599 http fetch GET 200 https://registry.npmjs.org/deep-is/-/deep-is-0.1.4.tgz 9622ms (cache miss)
1600 timing reifyNode:node_modules/deep-is Completed in 10365ms
1601 http fetch GET 200 https://registry.npmjs.org/crypto-random-string/-/crypto-random-string-4.0.0.tgz 9617ms (cache miss)
1602 timing reifyNode:node_modules/crypto-random-string Completed in 10366ms
1603 http fetch GET 200 https://registry.npmjs.org/escape-string-regexp/-/escape-string-regexp-1.0.5.tgz 9648ms (cache miss)
1604 timing reifyNode:node_modules/escape-string-regexp Completed in 10373ms
1605 http fetch GET 200 https://registry.npmjs.org/convert-source-map/-/convert-source-map-2.0.0.tgz 9614ms (cache miss)
1606 timing reifyNode:node_modules/convert-source-map Completed in 10367ms
1607 http fetch GET 200 https://registry.npmjs.org/color-support/-/color-support-1.1.3.tgz 9608ms (cache miss)
1608 timing reifyNode:node_modules/color-support Completed in 10368ms
1609 http fetch GET 200 https://registry.npmjs.org/configstore/-/configstore-6.0.0.tgz 9614ms (cache miss)
1610 timing reifyNode:node_modules/configstore Completed in 10368ms
1611 http fetch GET 200 https://registry.npmjs.org/d/-/d-1.0.2.tgz 9622ms (cache miss)
1612 timing reifyNode:node_modules/d Completed in 10370ms
1613 http fetch GET 200 https://registry.npmjs.org/depd/-/depd-2.0.0.tgz 9631ms (cache miss)
1614 timing reifyNode:node_modules/depd Completed in 10373ms
1615 http fetch GET 200 https://registry.npmjs.org/co/-/co-4.6.0.tgz 9609ms (cache miss)
1616 timing reifyNode:node_modules/co Completed in 10369ms
1617 http fetch GET 200 https://registry.npmjs.org/collect-v8-coverage/-/collect-v8-coverage-1.0.2.tgz 9610ms (cache miss)
1618 timing reifyNode:node_modules/collect-v8-coverage Completed in 10371ms
1619 http fetch GET 200 https://registry.npmjs.org/config-chain/-/config-chain-1.1.13.tgz 9615ms (cache miss)
1620 timing reifyNode:node_modules/config-chain Completed in 10371ms
1621 http fetch GET 200 https://registry.npmjs.org/chrome-trace-event/-/chrome-trace-event-1.0.3.tgz 9606ms (cache miss)
1622 timing reifyNode:node_modules/chrome-trace-event Completed in 10371ms
1623 http fetch GET 200 https://registry.npmjs.org/brace-expansion/-/brace-expansion-1.1.11.tgz 9594ms (cache miss)
1624 timing reifyNode:node_modules/brace-expansion Completed in 10370ms
1625 http fetch GET 200 https://registry.npmjs.org/boxen/-/boxen-7.0.0.tgz 9594ms (cache miss)
1626 timing reifyNode:node_modules/boxen Completed in 10370ms
1627 http fetch GET 200 https://registry.npmjs.org/array-union/-/array-union-2.1.0.tgz 9579ms (cache miss)
1628 timing reifyNode:node_modules/array-union Completed in 10370ms
1629 http fetch GET 200 https://registry.npmjs.org/aproba/-/aproba-2.0.0.tgz 9577ms (cache miss)
1630 timing reifyNode:node_modules/aproba Completed in 10369ms
1631 http fetch GET 200 https://registry.npmjs.org/ansi-align/-/ansi-align-3.0.1.tgz 9574ms (cache miss)
1632 timing reifyNode:node_modules/ansi-align Completed in 10370ms
1633 http fetch GET 200 https://registry.npmjs.org/anymatch/-/anymatch-3.1.2.tgz 9577ms (cache miss)
1634 timing reifyNode:node_modules/anymatch Completed in 10370ms
1635 http fetch GET 200 https://registry.npmjs.org/abstract-logging/-/abstract-logging-2.0.1.tgz 9568ms (cache miss)
1636 timing reifyNode:node_modules/abstract-logging Completed in 10370ms
1637 http fetch GET 200 https://registry.npmjs.org/@webassemblyjs/wast-printer/-/wast-printer-1.12.1.tgz 9565ms (cache miss)
1638 timing reifyNode:node_modules/@webassemblyjs/wast-printer Completed in 10370ms
1639 http fetch GET 200 https://registry.npmjs.org/@webassemblyjs/helper-wasm-section/-/helper-wasm-section-1.12.1.tgz 9562ms (cache miss)
1640 timing reifyNode:node_modules/@webassemblyjs/helper-wasm-section Completed in 10371ms
1641 http fetch GET 200 https://registry.npmjs.org/@webassemblyjs/wasm-gen/-/wasm-gen-1.12.1.tgz 9565ms (cache miss)
1642 http fetch GET 200 https://registry.npmjs.org/@types/stack-trace/-/stack-trace-0.0.29.tgz 9552ms (cache miss)
1643 timing reifyNode:node_modules/@types/stack-trace Completed in 10372ms
1644 http fetch GET 200 https://registry.npmjs.org/@tootallnate/once/-/once-2.0.0.tgz 9541ms (cache miss)
1645 http fetch GET 200 https://registry.npmjs.org/@jridgewell/set-array/-/set-array-1.2.1.tgz 9526ms (cache miss)
1646 timing reifyNode:node_modules/@jridgewell/set-array Completed in 10368ms
1647 http fetch GET 200 https://registry.npmjs.org/@lukeed/ms/-/ms-2.0.2.tgz 9527ms (cache miss)
1648 timing reifyNode:node_modules/@lukeed/ms Completed in 10368ms
1649 http fetch GET 200 https://registry.npmjs.org/@jest/test-result/-/test-result-29.7.0.tgz 9521ms (cache miss)
1650 timing reifyNode:node_modules/@jest/test-result Completed in 10368ms
1651 http fetch GET 200 https://registry.npmjs.org/@babel/plugin-syntax-class-properties/-/plugin-syntax-class-properties-7.12.13.tgz 9491ms (cache miss)
1652 timing reifyNode:node_modules/@babel/plugin-syntax-class-properties Completed in 10365ms
1653 http fetch GET 200 https://registry.npmjs.org/@babel/helper-simple-access/-/helper-simple-access-7.22.5.tgz 9484ms (cache miss)
1654 timing reifyNode:node_modules/@babel/helper-simple-access Completed in 10365ms
1655 http fetch GET 200 https://registry.npmjs.org/string-width/-/string-width-5.1.2.tgz 9478ms (cache miss)
1656 timing reifyNode:node_modules/wrap-ansi/node_modules/string-width Completed in 10462ms
1657 http fetch GET 200 https://registry.npmjs.org/interpret/-/interpret-3.1.1.tgz 9474ms (cache miss)
1658 timing reifyNode:node_modules/webpack-cli/node_modules/interpret Completed in 10461ms
1659 http fetch GET 200 https://registry.npmjs.org/ansi-styles/-/ansi-styles-6.1.0.tgz 9477ms (cache miss)
1660 timing reifyNode:node_modules/wrap-ansi/node_modules/ansi-styles Completed in 10464ms
1661 http fetch GET 200 https://registry.npmjs.org/supports-color/-/supports-color-8.1.1.tgz 9467ms (cache miss)
1662 timing reifyNode:node_modules/terser-webpack-plugin/node_modules/supports-color Completed in 10458ms
1663 http fetch GET 200 https://registry.npmjs.org/chownr/-/chownr-1.1.4.tgz 9464ms (cache miss)
1664 timing reifyNode:node_modules/tar-fs/node_modules/chownr Completed in 10458ms
1665 http fetch GET 200 https://registry.npmjs.org/escape-string-regexp/-/escape-string-regexp-2.0.0.tgz 9463ms (cache miss)
1666 timing reifyNode:node_modules/stack-utils/node_modules/escape-string-regexp Completed in 10457ms
1667 http fetch GET 200 https://registry.npmjs.org/strip-json-comments/-/strip-json-comments-2.0.1.tgz 9446ms (cache miss)
1668 timing reifyNode:node_modules/rc/node_modules/strip-json-comments Completed in 10443ms
1669 http fetch GET 200 https://registry.npmjs.org/kleur/-/kleur-4.1.5.tgz 9445ms (cache miss)
1670 timing reifyNode:node_modules/prompts-ncu/node_modules/kleur Completed in 10441ms
1671 http fetch GET 200 https://registry.npmjs.org/locate-path/-/locate-path-3.0.0.tgz 9444ms (cache miss)
1672 timing reifyNode:node_modules/pkg-up/node_modules/locate-path Completed in 10438ms
1673 http fetch GET 200 https://registry.npmjs.org/p-locate/-/p-locate-3.0.0.tgz 9446ms (cache miss)
1674 timing reifyNode:node_modules/pkg-up/node_modules/p-locate Completed in 10440ms
1675 http fetch GET 200 https://registry.npmjs.org/strip-json-comments/-/strip-json-comments-5.0.1.tgz 9431ms (cache miss)
1676 timing reifyNode:node_modules/npm-check-updates/node_modules/strip-json-comments Completed in 10432ms
1677 http fetch GET 200 https://registry.npmjs.org/locate-path/-/locate-path-5.0.0.tgz 9445ms (cache miss)
1678 timing reifyNode:node_modules/pkg-dir/node_modules/locate-path Completed in 10442ms
1679 http fetch GET 200 https://registry.npmjs.org/strip-ansi/-/strip-ansi-7.1.0.tgz 9433ms (cache miss)
1680 timing reifyNode:node_modules/npm-check-updates/node_modules/strip-ansi Completed in 10433ms
1681 http fetch GET 200 https://registry.npmjs.org/ansi-regex/-/ansi-regex-6.0.1.tgz 9489ms (cache miss)
1682 timing reifyNode:node_modules/wrap-ansi/node_modules/ansi-regex Completed in 10476ms
1683 http fetch GET 200 https://registry.npmjs.org/lowercase-keys/-/lowercase-keys-2.0.0.tgz 9380ms (cache miss)
1684 timing reifyNode:node_modules/cacheable-request/node_modules/lowercase-keys Completed in 10402ms
1685 http fetch GET 200 https://registry.npmjs.org/@babel/helper-environment-visitor/-/helper-environment-visitor-7.22.20.tgz 9501ms (cache miss)
1686 timing reifyNode:node_modules/@babel/helper-environment-visitor Completed in 10385ms
1687 http fetch GET 200 https://registry.npmjs.org/@npmcli/move-file/-/move-file-2.0.1.tgz 9555ms (cache miss)
1688 warn deprecated @npmcli/move-file@2.0.1: This functionality has been moved to @npmcli/fs
1689 timing reifyNode:node_modules/@npmcli/move-file Completed in 10395ms
1690 http fetch GET 200 https://registry.npmjs.org/resolve-from/-/resolve-from-4.0.0.tgz 9421ms (cache miss)
1691 timing reifyNode:node_modules/import-fresh/node_modules/resolve-from Completed in 10429ms
1692 http fetch GET 200 https://registry.npmjs.org/@jest/source-map/-/source-map-29.6.3.tgz 9546ms (cache miss)
1693 timing reifyNode:node_modules/@jest/source-map Completed in 10395ms
1694 http fetch GET 200 https://registry.npmjs.org/@fastify/accept-negotiator/-/accept-negotiator-1.0.0.tgz 9531ms (cache miss)
1695 timing reifyNode:node_modules/@fastify/accept-negotiator Completed in 10393ms
1696 http fetch GET 200 https://registry.npmjs.org/@types/ms/-/ms-0.7.34.tgz 9583ms (cache miss)
1697 timing reifyNode:node_modules/@types/ms Completed in 10405ms
1698 http fetch GET 200 https://registry.npmjs.org/@webassemblyjs/utf8/-/utf8-1.11.6.tgz 9599ms (cache miss)
1699 timing reifyNode:node_modules/@webassemblyjs/utf8 Completed in 10407ms
1700 http fetch GET 200 https://registry.npmjs.org/@webassemblyjs/helper-api-error/-/helper-api-error-1.11.6.tgz 9597ms (cache miss)
1701 timing reifyNode:node_modules/@webassemblyjs/helper-api-error Completed in 10408ms
1702 http fetch GET 200 https://registry.npmjs.org/@babel/plugin-syntax-jsx/-/plugin-syntax-jsx-7.24.1.tgz 9524ms (cache miss)
1703 timing reifyNode:node_modules/@babel/plugin-syntax-jsx Completed in 10395ms
1704 http fetch GET 200 https://registry.npmjs.org/yallist/-/yallist-3.1.1.tgz 9433ms (cache miss)
1705 timing reifyNode:node_modules/lru-cache/node_modules/yallist Completed in 10447ms
1706 http fetch GET 200 https://registry.npmjs.org/@babel/plugin-syntax-logical-assignment-operators/-/plugin-syntax-logical-assignment-operators-7.10.4.tgz 9526ms (cache miss)
1707 timing reifyNode:node_modules/@babel/plugin-syntax-logical-assignment-operators Completed in 10396ms
1708 http fetch GET 200 https://registry.npmjs.org/pg-connection-string/-/pg-connection-string-2.6.1.tgz 9421ms (cache miss)
1709 timing reifyNode:node_modules/fastify-objectionjs/node_modules/pg-connection-string Completed in 10431ms
1710 http fetch GET 200 https://registry.npmjs.org/glob-parent/-/glob-parent-5.1.2.tgz 9413ms (cache miss)
1711 timing reifyNode:node_modules/fast-glob/node_modules/glob-parent Completed in 10432ms
1712 http fetch GET 200 https://registry.npmjs.org/get-stream/-/get-stream-5.2.0.tgz 9400ms (cache miss)
1713 timing reifyNode:node_modules/cacheable-request/node_modules/get-stream Completed in 10422ms
1714 http fetch GET 200 https://registry.npmjs.org/unique-slug/-/unique-slug-4.0.0.tgz 9401ms (cache miss)
1715 timing reifyNode:node_modules/cacache/node_modules/unique-slug Completed in 10423ms
1716 http fetch GET 200 https://registry.npmjs.org/unique-filename/-/unique-filename-3.0.0.tgz 9400ms (cache miss)
1717 timing reifyNode:node_modules/cacache/node_modules/unique-filename Completed in 10423ms
1718 http fetch GET 200 https://registry.npmjs.org/camelcase/-/camelcase-7.0.0.tgz 9397ms (cache miss)
1719 timing reifyNode:node_modules/boxen/node_modules/camelcase Completed in 10423ms
1720 http fetch GET 200 https://registry.npmjs.org/color-name/-/color-name-1.1.3.tgz 9379ms (cache miss)
1721 timing reifyNode:node_modules/@babel/highlight/node_modules/color-name Completed in 10408ms
1722 http fetch GET 200 https://registry.npmjs.org/ansi-styles/-/ansi-styles-3.2.1.tgz 9377ms (cache miss)
1723 timing reifyNode:node_modules/@babel/highlight/node_modules/ansi-styles Completed in 10409ms
1724 http fetch GET 200 https://registry.npmjs.org/@babel/plugin-syntax-numeric-separator/-/plugin-syntax-numeric-separator-7.10.4.tgz 9539ms (cache miss)
1725 timing reifyNode:node_modules/@babel/plugin-syntax-numeric-separator Completed in 10410ms
1726 http fetch GET 200 https://registry.npmjs.org/@npmcli/node-gyp/-/node-gyp-3.0.0.tgz 9579ms (cache miss)
1727 timing reifyNode:node_modules/@npmcli/node-gyp Completed in 10417ms
1728 http fetch GET 200 https://registry.npmjs.org/write-file-atomic/-/write-file-atomic-4.0.2.tgz 10124ms (cache miss)
1729 timing reifyNode:node_modules/write-file-atomic Completed in 10511ms
1730 http fetch GET 200 https://registry.npmjs.org/which/-/which-2.0.2.tgz 10120ms (cache miss)
1731 timing reifyNode:node_modules/which Completed in 10509ms
1732 http fetch GET 200 https://registry.npmjs.org/@fastify/deepmerge/-/deepmerge-1.3.0.tgz 9560ms (cache miss)
1733 timing reifyNode:node_modules/@fastify/deepmerge Completed in 10418ms
1734 http fetch GET 200 https://registry.npmjs.org/@jest/globals/-/globals-29.7.0.tgz 9573ms (cache miss)
1735 timing reifyNode:node_modules/@jest/globals Completed in 10422ms
1736 http fetch GET 200 https://registry.npmjs.org/update-browserslist-db/-/update-browserslist-db-1.0.13.tgz 10114ms (cache miss)
1737 timing reifyNode:node_modules/update-browserslist-db Completed in 10510ms
1738 http fetch GET 200 https://registry.npmjs.org/which-boxed-primitive/-/which-boxed-primitive-1.0.2.tgz 10125ms (cache miss)
1739 timing reifyNode:node_modules/which-boxed-primitive Completed in 10514ms
1740 http fetch GET 200 https://registry.npmjs.org/toposort-class/-/toposort-class-1.0.1.tgz 10098ms (cache miss)
1741 http fetch GET 200 https://registry.npmjs.org/to-fast-properties/-/to-fast-properties-2.0.0.tgz 10095ms (cache miss)
1742 timing reifyNode:node_modules/to-fast-properties Completed in 10510ms
1743 http fetch GET 200 https://registry.npmjs.org/strip-ansi/-/strip-ansi-6.0.1.tgz 10079ms (cache miss)
1744 timing reifyNode:node_modules/strip-ansi-cjs Completed in 10509ms
1745 http fetch GET 200 https://registry.npmjs.org/split2/-/split2-3.2.2.tgz 10074ms (cache miss)
1746 timing reifyNode:node_modules/split2 Completed in 10510ms
1747 http fetch GET 200 https://registry.npmjs.org/spawn-please/-/spawn-please-2.0.2.tgz 10069ms (cache miss)
1748 http fetch GET 200 https://registry.npmjs.org/supports-preserve-symlinks-flag/-/supports-preserve-symlinks-flag-1.0.0.tgz 10086ms (cache miss)
1749 timing reifyNode:node_modules/supports-preserve-symlinks-flag Completed in 10514ms
1750 http fetch GET 200 https://registry.npmjs.org/spdx-correct/-/spdx-correct-3.2.0.tgz 10071ms (cache miss)
1751 timing reifyNode:node_modules/spdx-correct Completed in 10511ms
1752 http fetch GET 200 https://registry.npmjs.org/serialize-javascript/-/serialize-javascript-6.0.2.tgz 10057ms (cache miss)
1753 timing reifyNode:node_modules/serialize-javascript Completed in 10506ms
1754 http fetch GET 200 https://registry.npmjs.org/set-function-length/-/set-function-length-1.2.2.tgz 10060ms (cache miss)
1755 timing reifyNode:node_modules/set-function-length Completed in 10507ms
1756 http fetch GET 200 https://registry.npmjs.org/safe-stable-stringify/-/safe-stable-stringify-2.4.3.tgz 10050ms (cache miss)
1757 timing reifyNode:node_modules/safe-stable-stringify Completed in 10506ms
1758 http fetch GET 200 https://registry.npmjs.org/reusify/-/reusify-1.0.4.tgz 10046ms (cache miss)
1759 timing reifyNode:node_modules/reusify Completed in 10505ms
1760 http fetch GET 200 https://registry.npmjs.org/resolve-cwd/-/resolve-cwd-3.0.0.tgz 10043ms (cache miss)
1761 timing reifyNode:node_modules/resolve-cwd Completed in 10505ms
1762 http fetch GET 200 https://registry.npmjs.org/require-directory/-/require-directory-2.1.1.tgz 10041ms (cache miss)
1763 timing reifyNode:node_modules/require-directory Completed in 10504ms
1764 http fetch GET 200 https://registry.npmjs.org/react-is/-/react-is-18.2.0.tgz 10032ms (cache miss)
1765 timing reifyNode:node_modules/react-is Completed in 10504ms
1766 http fetch GET 200 https://registry.npmjs.org/punycode/-/punycode-2.1.1.tgz 10027ms (cache miss)
1767 timing reifyNode:node_modules/punycode Completed in 10504ms
1768 http fetch GET 200 https://registry.npmjs.org/promise-inflight/-/promise-inflight-1.0.1.tgz 10016ms (cache miss)
1769 timing reifyNode:node_modules/promise-inflight Completed in 10503ms
1770 http fetch GET 200 https://registry.npmjs.org/rechoir/-/rechoir-0.8.0.tgz 10037ms (cache miss)
1771 timing reifyNode:node_modules/rechoir Completed in 10507ms
1772 http fetch GET 200 https://registry.npmjs.org/pug-code-gen/-/pug-code-gen-3.0.2.tgz 10021ms (cache miss)
1773 timing reifyNode:node_modules/pug-code-gen Completed in 10505ms
1774 http fetch GET 200 https://registry.npmjs.org/postcss-modules-values/-/postcss-modules-values-4.0.0.tgz 10010ms (cache miss)
1775 timing reifyNode:node_modules/postcss-modules-values Completed in 10503ms
1776 http fetch GET 200 https://registry.npmjs.org/possible-typed-array-names/-/possible-typed-array-names-1.0.0.tgz 10008ms (cache miss)
1777 timing reifyNode:node_modules/possible-typed-array-names Completed in 10503ms
1778 http fetch GET 200 https://registry.npmjs.org/pkg-up/-/pkg-up-3.1.0.tgz 10007ms (cache miss)
1779 timing reifyNode:node_modules/pkg-up Completed in 10503ms
1780 http fetch GET 200 https://registry.npmjs.org/postcss-modules-extract-imports/-/postcss-modules-extract-imports-3.1.0.tgz 10009ms (cache miss)
1781 timing reifyNode:node_modules/postcss-modules-extract-imports Completed in 10504ms
1782 http fetch GET 200 https://registry.npmjs.org/pkg-dir/-/pkg-dir-4.2.0.tgz 10003ms (cache miss)
1783 timing reifyNode:node_modules/pkg-dir Completed in 10504ms
1784 http fetch GET 200 https://registry.npmjs.org/parent-module/-/parent-module-1.0.1.tgz 9991ms (cache miss)
1785 timing reifyNode:node_modules/parent-module Completed in 10501ms
1786 http fetch GET 200 https://registry.npmjs.org/process/-/process-0.11.10.tgz 10020ms (cache miss)
1787 timing reifyNode:node_modules/process Completed in 10510ms
1788 http fetch GET 200 https://registry.npmjs.org/npm-packlist/-/npm-packlist-7.0.4.tgz 9970ms (cache miss)
1789 timing reifyNode:node_modules/npm-packlist Completed in 10501ms
1790 http fetch GET 200 https://registry.npmjs.org/next-tick/-/next-tick-1.1.0.tgz 9950ms (cache miss)
1791 timing reifyNode:node_modules/next-tick Completed in 10498ms
1792 http fetch GET 200 https://registry.npmjs.org/json-stable-stringify-without-jsonify/-/json-stable-stringify-without-jsonify-1.0.1.tgz 9883ms (cache miss)
1793 http fetch GET 200 https://registry.npmjs.org/is-npm/-/is-npm-6.0.0.tgz 9846ms (cache miss)
1794 timing reifyNode:node_modules/is-npm Completed in 10495ms
1795 http fetch GET 200 https://registry.npmjs.org/is-installed-globally/-/is-installed-globally-0.4.0.tgz 9842ms (cache miss)
1796 timing reifyNode:node_modules/is-installed-globally Completed in 10495ms
1797 http fetch GET 200 https://registry.npmjs.org/imurmurhash/-/imurmurhash-0.1.4.tgz 9827ms (cache miss)
1798 timing reifyNode:node_modules/imurmurhash Completed in 10494ms
1799 http fetch GET 200 https://registry.npmjs.org/infer-owner/-/infer-owner-1.0.4.tgz 9830ms (cache miss)
1800 timing reifyNode:node_modules/infer-owner Completed in 10495ms
1801 http fetch GET 200 https://registry.npmjs.org/import-lazy/-/import-lazy-4.0.0.tgz 9828ms (cache miss)
1802 timing reifyNode:node_modules/import-lazy Completed in 10495ms
1803 timing reifyNode:node_modules/html-escaper Completed in 10499ms
1804 http fetch GET 200 https://registry.npmjs.org/hosted-git-info/-/hosted-git-info-5.2.1.tgz 9827ms (cache miss)
1805 timing reifyNode:node_modules/hosted-git-info Completed in 10500ms
1806 http fetch GET 200 https://registry.npmjs.org/has-yarn/-/has-yarn-3.0.0.tgz 9825ms (cache miss)
1807 timing reifyNode:node_modules/has-yarn Completed in 10500ms
1808 http fetch GET 200 https://registry.npmjs.org/gopd/-/gopd-1.0.1.tgz 9814ms (cache miss)
1809 timing reifyNode:node_modules/gopd Completed in 10500ms
1810 http fetch GET 200 https://registry.npmjs.org/http-proxy-agent/-/http-proxy-agent-5.0.0.tgz 9831ms (cache miss)
1811 timing reifyNode:node_modules/http-proxy-agent Completed in 10503ms
1812 http fetch GET 200 https://registry.npmjs.org/has-bigints/-/has-bigints-1.0.2.tgz 9819ms (cache miss)
1813 timing reifyNode:node_modules/has-bigints Completed in 10502ms
1814 http fetch GET 200 https://registry.npmjs.org/fs.realpath/-/fs.realpath-1.0.0.tgz 9803ms (cache miss)
1815 timing reifyNode:node_modules/fs.realpath Completed in 10500ms
1816 http fetch GET 200 https://registry.npmjs.org/import-fresh/-/import-fresh-3.3.0.tgz 9839ms (cache miss)
1817 timing reifyNode:node_modules/import-fresh Completed in 10506ms
1818 http fetch GET 200 https://registry.npmjs.org/file-entry-cache/-/file-entry-cache-6.0.1.tgz 9797ms (cache miss)
1819 timing reifyNode:node_modules/file-entry-cache Completed in 10500ms
1820 http fetch GET 200 https://registry.npmjs.org/get-stdin/-/get-stdin-8.0.0.tgz 9814ms (cache miss)
1821 timing reifyNode:node_modules/get-stdin Completed in 10503ms
1822 http fetch GET 200 https://registry.npmjs.org/fast-deep-equal/-/fast-deep-equal-3.1.3.tgz 9788ms (cache miss)
1823 timing reifyNode:node_modules/fast-deep-equal Completed in 10500ms
1824 http fetch GET 200 https://registry.npmjs.org/github-from-package/-/github-from-package-0.0.0.tgz 9778ms (cache miss)
1825 timing reifyNode:node_modules/github-from-package Completed in 10507ms
1826 http fetch GET 200 https://registry.npmjs.org/error-ex/-/error-ex-1.3.2.tgz 9769ms (cache miss)
1827 timing reifyNode:node_modules/error-ex Completed in 10502ms
1828 http fetch GET 200 https://registry.npmjs.org/end-of-stream/-/end-of-stream-1.4.4.tgz 9767ms (cache miss)
1829 timing reifyNode:node_modules/end-of-stream Completed in 10501ms
1830 http fetch GET 200 https://registry.npmjs.org/eastasianwidth/-/eastasianwidth-0.2.0.tgz 9765ms (cache miss)
1831 timing reifyNode:node_modules/eastasianwidth Completed in 10500ms
1832 http fetch GET 200 https://registry.npmjs.org/dot-prop/-/dot-prop-6.0.1.tgz 9762ms (cache miss)
1833 timing reifyNode:node_modules/dot-prop Completed in 10500ms
1834 http fetch GET 200 https://registry.npmjs.org/detect-libc/-/detect-libc-2.0.3.tgz 9760ms (cache miss)
1835 timing reifyNode:node_modules/detect-libc Completed in 10501ms
1836 http fetch GET 200 https://registry.npmjs.org/delegates/-/delegates-1.0.0.tgz 9760ms (cache miss)
1837 timing reifyNode:node_modules/delegates Completed in 10502ms
1838 http fetch GET 200 https://registry.npmjs.org/defer-to-connect/-/defer-to-connect-2.0.1.tgz 9759ms (cache miss)
1839 timing reifyNode:node_modules/defer-to-connect Completed in 10502ms
1840 http fetch GET 200 https://registry.npmjs.org/err-code/-/err-code-2.0.3.tgz 9774ms (cache miss)
1841 timing reifyNode:node_modules/err-code Completed in 10506ms
1842 http fetch GET 200 https://registry.npmjs.org/cookie-signature/-/cookie-signature-1.2.1.tgz 9750ms (cache miss)
1843 timing reifyNode:node_modules/cookie-signature Completed in 10503ms
1844 http fetch GET 200 https://registry.npmjs.org/confusing-browser-globals/-/confusing-browser-globals-1.0.11.tgz 9747ms (cache miss)
1845 timing reifyNode:node_modules/confusing-browser-globals Completed in 10503ms
1846 http fetch GET 200 https://registry.npmjs.org/colorette/-/colorette-2.0.19.tgz 9745ms (cache miss)
1847 timing reifyNode:node_modules/colorette Completed in 10502ms
1848 http fetch GET 200 https://registry.npmjs.org/commist/-/commist-3.0.0.tgz 9745ms (cache miss)
1849 timing reifyNode:node_modules/commist Completed in 10503ms
1850 http fetch GET 200 https://registry.npmjs.org/clean-stack/-/clean-stack-2.2.0.tgz 9738ms (cache miss)
1851 timing reifyNode:node_modules/clean-stack Completed in 10502ms
1852 http fetch GET 200 https://registry.npmjs.org/cli-boxes/-/cli-boxes-3.0.0.tgz 9740ms (cache miss)
1853 timing reifyNode:node_modules/cli-boxes Completed in 10503ms
1854 http fetch GET 200 https://registry.npmjs.org/cliui/-/cliui-8.0.1.tgz 9741ms (cache miss)
1855 timing reifyNode:node_modules/cliui Completed in 10503ms
1856 http fetch GET 200 https://registry.npmjs.org/character-parser/-/character-parser-2.2.0.tgz 9734ms (cache miss)
1857 timing reifyNode:node_modules/character-parser Completed in 10503ms
1858 http fetch GET 200 https://registry.npmjs.org/cacheable-request/-/cacheable-request-7.0.2.tgz 9730ms (cache miss)
1859 timing reifyNode:node_modules/cacheable-request Completed in 10504ms
1860 http fetch GET 200 https://registry.npmjs.org/cssesc/-/cssesc-3.0.0.tgz 9760ms (cache miss)
1861 timing reifyNode:node_modules/cssesc Completed in 10508ms
1862 http fetch GET 200 https://registry.npmjs.org/emoji-regex/-/emoji-regex-8.0.0.tgz 9777ms (cache miss)
1863 timing reifyNode:node_modules/emoji-regex Completed in 10512ms
1864 http fetch GET 200 https://registry.npmjs.org/bindings/-/bindings-1.5.0.tgz 9726ms (cache miss)
1865 timing reifyNode:node_modules/bindings Completed in 10503ms
1866 http fetch GET 200 https://registry.npmjs.org/base64-js/-/base64-js-1.5.1.tgz 9724ms (cache miss)
1867 timing reifyNode:node_modules/base64-js Completed in 10503ms
1868 http fetch GET 200 https://registry.npmjs.org/babel-preset-jest/-/babel-preset-jest-29.6.3.tgz 9724ms (cache miss)
1869 timing reifyNode:node_modules/babel-preset-jest Completed in 10504ms
1870 http fetch GET 200 https://registry.npmjs.org/assert-never/-/assert-never-1.2.1.tgz 9715ms (cache miss)
1871 timing reifyNode:node_modules/assert-never Completed in 10504ms
1872 http fetch GET 200 https://registry.npmjs.org/ansi-escapes/-/ansi-escapes-4.3.2.tgz 9710ms (cache miss)
1873 timing reifyNode:node_modules/ansi-escapes Completed in 10504ms
1874 http fetch GET 200 https://registry.npmjs.org/acorn-import-assertions/-/acorn-import-assertions-1.9.0.tgz 9703ms (cache miss)
1875 timing reifyNode:node_modules/acorn-import-assertions Completed in 10504ms
1876 http fetch GET 200 https://registry.npmjs.org/@webpack-cli/configtest/-/configtest-2.1.1.tgz 9699ms (cache miss)
1877 timing reifyNode:node_modules/@webpack-cli/configtest Completed in 10504ms
1878 http fetch GET 200 https://registry.npmjs.org/@webassemblyjs/ieee754/-/ieee754-1.11.6.tgz 9695ms (cache miss)
1879 timing reifyNode:node_modules/@webassemblyjs/ieee754 Completed in 10505ms
1880 http fetch GET 200 https://registry.npmjs.org/@types/http-cache-semantics/-/http-cache-semantics-4.0.1.tgz 9678ms (cache miss)
1881 timing reifyNode:node_modules/@types/http-cache-semantics Completed in 10502ms
1882 timing reifyNode:node_modules/@tootallnate/once Completed in 10500ms
1883 http fetch GET 200 https://registry.npmjs.org/@types/cacheable-request/-/cacheable-request-6.0.2.tgz 9676ms (cache miss)
1884 timing reifyNode:node_modules/@types/cacheable-request Completed in 10501ms
1885 http fetch GET 200 https://registry.npmjs.org/@istanbuljs/load-nyc-config/-/load-nyc-config-1.1.0.tgz 9645ms (cache miss)
1886 timing reifyNode:node_modules/@istanbuljs/load-nyc-config Completed in 10497ms
1887 http fetch GET 200 https://registry.npmjs.org/@babel/plugin-syntax-nullish-coalescing-operator/-/plugin-syntax-nullish-coalescing-operator-7.8.3.tgz 9625ms (cache miss)
1888 timing reifyNode:node_modules/@babel/plugin-syntax-nullish-coalescing-operator Completed in 10495ms
1889 http fetch GET 200 https://registry.npmjs.org/@humanwhocodes/module-importer/-/module-importer-1.0.1.tgz 9645ms (cache miss)
1890 http fetch GET 200 https://registry.npmjs.org/@babel/plugin-syntax-json-strings/-/plugin-syntax-json-strings-7.8.3.tgz 9623ms (cache miss)
1891 timing reifyNode:node_modules/@babel/plugin-syntax-json-strings Completed in 10494ms
1892 http fetch GET 200 https://registry.npmjs.org/@babel/helper-validator-option/-/helper-validator-option-7.23.5.tgz 9616ms (cache miss)
1893 timing reifyNode:node_modules/@babel/helper-validator-option Completed in 10494ms
1894 http fetch GET 200 https://registry.npmjs.org/estraverse/-/estraverse-4.3.0.tgz 9597ms (cache miss)
1895 timing reifyNode:node_modules/webpack/node_modules/estraverse Completed in 10590ms
1896 http fetch GET 200 https://registry.npmjs.org/@xtuc/ieee754/-/ieee754-1.2.0.tgz 9710ms (cache miss)
1897 timing reifyNode:node_modules/@xtuc/ieee754 Completed in 10514ms
1898 http fetch GET 200 https://registry.npmjs.org/p-locate/-/p-locate-4.1.0.tgz 9483ms (cache miss)
1899 timing reifyNode:node_modules/@istanbuljs/load-nyc-config/node_modules/p-locate Completed in 10504ms
1900 http fetch GET 200 https://registry.npmjs.org/split2/-/split2-4.2.0.tgz 9568ms (cache miss)
1901 timing reifyNode:node_modules/pino-abstract-transport/node_modules/split2 Completed in 10566ms
1902 http fetch GET 200 https://registry.npmjs.org/hosted-git-info/-/hosted-git-info-6.1.1.tgz 9559ms (cache miss)
1903 timing reifyNode:node_modules/npm-package-arg/node_modules/hosted-git-info Completed in 10559ms
1904 http fetch GET 200 https://registry.npmjs.org/brace-expansion/-/brace-expansion-2.0.1.tgz 9557ms (cache miss)
1905 timing reifyNode:node_modules/npm-check-updates/node_modules/brace-expansion Completed in 10560ms
1906 http fetch GET 200 https://registry.npmjs.org/abbrev/-/abbrev-2.0.0.tgz 9541ms (cache miss)
1907 timing reifyNode:node_modules/js-beautify/node_modules/abbrev Completed in 10553ms
1908 http fetch GET 200 https://registry.npmjs.org/lowercase-keys/-/lowercase-keys-2.0.0.tgz 9582ms (cache miss)
1909 timing reifyNode:node_modules/responselike/node_modules/lowercase-keys Completed in 10580ms
1910 http fetch GET 200 https://registry.npmjs.org/@jest/test-sequencer/-/test-sequencer-29.7.0.tgz 9665ms (cache miss)
1911 timing reifyNode:node_modules/@jest/test-sequencer Completed in 10513ms
1912 http fetch GET 200 https://registry.npmjs.org/@types/babel__generator/-/babel__generator-7.6.8.tgz 9691ms (cache miss)
1913 timing reifyNode:node_modules/@types/babel__generator Completed in 10518ms
1914 http fetch GET 200 https://registry.npmjs.org/@eslint/js/-/js-9.1.1.tgz 9650ms (cache miss)
1915 timing reifyNode:node_modules/@eslint/js Completed in 10512ms
1916 http fetch GET 200 https://registry.npmjs.org/@tufjs/canonical-json/-/canonical-json-1.0.0.tgz 9693ms (cache miss)
1917 timing reifyNode:node_modules/@tufjs/canonical-json Completed in 10520ms
1918 http fetch GET 200 https://registry.npmjs.org/@npmcli/move-file/-/move-file-1.1.2.tgz 9596ms (cache miss)
1919 timing reifyNode:node_modules/sqlite3/node_modules/@npmcli/move-file Completed in 10598ms
1920 http fetch GET 200 https://registry.npmjs.org/@babel/helper-split-export-declaration/-/helper-split-export-declaration-7.22.6.tgz 9634ms (cache miss)
1921 timing reifyNode:node_modules/@babel/helper-split-export-declaration Completed in 10513ms
1922 http fetch GET 200 https://registry.npmjs.org/@jest/console/-/console-29.7.0.tgz 9667ms (cache miss)
1923 timing reifyNode:node_modules/@jest/console Completed in 10520ms
1924 http fetch GET 200 https://registry.npmjs.org/@fastify/flash/-/flash-5.1.0.tgz 9661ms (cache miss)
1925 http fetch GET 200 https://registry.npmjs.org/@types/responselike/-/responselike-1.0.0.tgz 9711ms (cache miss)
1926 timing reifyNode:node_modules/@types/responselike Completed in 10530ms
1927 http fetch GET 200 https://registry.npmjs.org/@types/json-schema/-/json-schema-7.0.11.tgz 9708ms (cache miss)
1928 timing reifyNode:node_modules/@types/json-schema Completed in 10530ms
1929 http fetch GET 200 https://registry.npmjs.org/escape-string-regexp/-/escape-string-regexp-4.0.0.tgz 9530ms (cache miss)
1930 timing reifyNode:node_modules/eslint/node_modules/escape-string-regexp Completed in 10552ms
1931 http fetch GET 200 https://registry.npmjs.org/write-file-atomic/-/write-file-atomic-3.0.3.tgz 9523ms (cache miss)
1932 timing reifyNode:node_modules/configstore/node_modules/write-file-atomic Completed in 10545ms
1933 http fetch GET 200 https://registry.npmjs.org/which/-/which-3.0.1.tgz 9513ms (cache miss)
1934 timing reifyNode:node_modules/@npmcli/promise-spawn/node_modules/which Completed in 10532ms
1935 http fetch GET 200 https://registry.npmjs.org/supports-color/-/supports-color-5.5.0.tgz 9499ms (cache miss)
1936 timing reifyNode:node_modules/@babel/highlight/node_modules/supports-color Completed in 10527ms
1937 http fetch GET 200 https://registry.npmjs.org/@npmcli/installed-package-contents/-/installed-package-contents-2.0.2.tgz 9699ms (cache miss)
1938 timing reifyNode:node_modules/@npmcli/installed-package-contents Completed in 10536ms
1939 http fetch GET 200 https://registry.npmjs.org/@webpack-cli/info/-/info-2.0.2.tgz 9740ms (cache miss)
1940 timing reifyNode:node_modules/@webpack-cli/info Completed in 10545ms
1941 http fetch GET 200 https://registry.npmjs.org/wrappy/-/wrappy-1.0.2.tgz 10245ms (cache miss)
1942 timing reifyNode:node_modules/wrappy Completed in 10632ms
1943 http fetch GET 200 https://registry.npmjs.org/wrap-ansi/-/wrap-ansi-8.1.0.tgz 10246ms (cache miss)
1944 timing reifyNode:node_modules/wrap-ansi Completed in 10633ms
1945 http fetch GET 200 https://registry.npmjs.org/wide-align/-/wide-align-1.1.5.tgz 10244ms (cache miss)
1946 timing reifyNode:node_modules/wide-align Completed in 10633ms
1947 http fetch GET 200 https://registry.npmjs.org/wrap-ansi/-/wrap-ansi-7.0.0.tgz 9619ms (cache miss)
1948 timing reifyNode:node_modules/sequelize-cli/node_modules/wrap-ansi Completed in 10617ms
1949 http fetch GET 200 https://registry.npmjs.org/void-elements/-/void-elements-3.1.0.tgz 10240ms (cache miss)
1950 timing reifyNode:node_modules/void-elements Completed in 10633ms
1951 http fetch GET 200 https://registry.npmjs.org/walker/-/walker-1.0.8.tgz 10243ms (cache miss)
1952 timing reifyNode:node_modules/walker Completed in 10634ms
1953 http fetch GET 200 https://registry.npmjs.org/unique-string/-/unique-string-3.0.0.tgz 10231ms (cache miss)
1954 timing reifyNode:node_modules/unique-string Completed in 10634ms
1955 http fetch GET 200 https://registry.npmjs.org/validate-npm-package-license/-/validate-npm-package-license-3.0.4.tgz 10240ms (cache miss)
1956 timing reifyNode:node_modules/validate-npm-package-license Completed in 10635ms
1957 http fetch GET 200 https://registry.npmjs.org/type-check/-/type-check-0.4.0.tgz 10225ms (cache miss)
1958 timing reifyNode:node_modules/type-check Completed in 10634ms
1959 http fetch GET 200 https://registry.npmjs.org/universalify/-/universalify-2.0.1.tgz 10237ms (cache miss)
1960 timing reifyNode:node_modules/universalify Completed in 10635ms
1961 http fetch GET 200 https://registry.npmjs.org/type-detect/-/type-detect-4.0.8.tgz 10226ms (cache miss)
1962 timing reifyNode:node_modules/type-detect Completed in 10635ms
1963 http fetch GET 200 https://registry.npmjs.org/unbox-primitive/-/unbox-primitive-1.0.2.tgz 10232ms (cache miss)
1964 timing reifyNode:node_modules/unbox-primitive Completed in 10636ms
1965 http fetch GET 200 https://registry.npmjs.org/tunnel-agent/-/tunnel-agent-0.6.0.tgz 10224ms (cache miss)
1966 timing reifyNode:node_modules/tunnel-agent Completed in 10635ms
1967 timing reifyNode:node_modules/text-table Completed in 10634ms
1968 http fetch GET 200 https://registry.npmjs.org/tar-stream/-/tar-stream-2.2.0.tgz 10208ms (cache miss)
1969 timing reifyNode:node_modules/tar-stream Completed in 10634ms
1970 http fetch GET 200 https://registry.npmjs.org/strip-final-newline/-/strip-final-newline-2.0.0.tgz 10204ms (cache miss)
1971 timing reifyNode:node_modules/strip-final-newline Completed in 10634ms
1972 http fetch GET 200 https://registry.npmjs.org/strip-json-comments/-/strip-json-comments-3.1.1.tgz 10208ms (cache miss)
1973 timing reifyNode:node_modules/strip-json-comments Completed in 10636ms
1974 http fetch GET 200 https://registry.npmjs.org/spdx-exceptions/-/spdx-exceptions-2.5.0.tgz 10195ms (cache miss)
1975 timing reifyNode:node_modules/spdx-exceptions Completed in 10635ms
1976 http fetch GET 200 https://registry.npmjs.org/spdx-license-ids/-/spdx-license-ids-3.0.17.tgz 10199ms (cache miss)
1977 timing reifyNode:node_modules/spdx-license-ids Completed in 10635ms
1978 http fetch GET 200 https://registry.npmjs.org/slash/-/slash-3.0.0.tgz 10188ms (cache miss)
1979 timing reifyNode:node_modules/slash Completed in 10631ms
1980 http fetch GET 200 https://registry.npmjs.org/signal-exit/-/signal-exit-3.0.7.tgz 10187ms (cache miss)
1981 timing reifyNode:node_modules/signal-exit Completed in 10630ms
1982 http fetch GET 200 https://registry.npmjs.org/shallow-clone/-/shallow-clone-3.0.1.tgz 10186ms (cache miss)
1983 timing reifyNode:node_modules/shallow-clone Completed in 10632ms
1984 http fetch GET 200 https://registry.npmjs.org/set-cookie-parser/-/set-cookie-parser-2.6.0.tgz 10185ms (cache miss)
1985 timing reifyNode:node_modules/set-cookie-parser Completed in 10633ms
1986 http fetch GET 200 https://registry.npmjs.org/rfdc/-/rfdc-1.3.1.tgz 10171ms (cache miss)
1987 timing reifyNode:node_modules/rfdc Completed in 10630ms
1988 http fetch GET 200 https://registry.npmjs.org/resolve-from/-/resolve-from-5.0.0.tgz 10168ms (cache miss)
1989 timing reifyNode:node_modules/resolve-from Completed in 10630ms
1990 http fetch GET 200 https://registry.npmjs.org/registry-auth-token/-/registry-auth-token-5.0.1.tgz 10160ms (cache miss)
1991 timing reifyNode:node_modules/registry-auth-token Completed in 10629ms
1992 http fetch GET 200 https://registry.npmjs.org/resolve.exports/-/resolve.exports-2.0.2.tgz 10169ms (cache miss)
1993 timing reifyNode:node_modules/resolve.exports Completed in 10630ms
1994 http fetch GET 200 https://registry.npmjs.org/regenerator-runtime/-/regenerator-runtime-0.14.1.tgz 10160ms (cache miss)
1995 timing reifyNode:node_modules/regenerator-runtime Completed in 10630ms
1996 http fetch GET 200 https://registry.npmjs.org/remote-git-tags/-/remote-git-tags-3.0.0.tgz 10167ms (cache miss)
1997 timing reifyNode:node_modules/remote-git-tags Completed in 10630ms
1998 http fetch GET 200 https://registry.npmjs.org/quick-lru/-/quick-lru-5.1.1.tgz 10155ms (cache miss)
1999 timing reifyNode:node_modules/quick-lru Completed in 10629ms
2000 http fetch GET 200 https://registry.npmjs.org/pug-strip-comments/-/pug-strip-comments-2.0.0.tgz 10152ms (cache miss)
2001 timing reifyNode:node_modules/pug-strip-comments Completed in 10630ms
2002 http fetch GET 200 https://registry.npmjs.org/pug-error/-/pug-error-2.0.0.tgz 10145ms (cache miss)
2003 timing reifyNode:node_modules/pug-error Completed in 10630ms
2004 http fetch GET 200 https://registry.npmjs.org/pug-load/-/pug-load-3.0.0.tgz 10151ms (cache miss)
2005 timing reifyNode:node_modules/pug-load Completed in 10630ms
2006 http fetch GET 200 https://registry.npmjs.org/proxy-addr/-/proxy-addr-2.0.7.tgz 10145ms (cache miss)
2007 timing reifyNode:node_modules/proxy-addr Completed in 10632ms
2008 http fetch GET 200 https://registry.npmjs.org/proc-log/-/proc-log-3.0.0.tgz 10140ms (cache miss)
2009 timing reifyNode:node_modules/proc-log Completed in 10630ms
2010 http fetch GET 200 https://registry.npmjs.org/pirates/-/pirates-4.0.6.tgz 10129ms (cache miss)
2011 timing reifyNode:node_modules/pirates Completed in 10628ms
2012 http fetch GET 200 https://registry.npmjs.org/queue-microtask/-/queue-microtask-1.2.3.tgz 10159ms (cache miss)
2013 timing reifyNode:node_modules/queue-microtask Completed in 10635ms
2014 http fetch GET 200 https://registry.npmjs.org/postcss-modules-scope/-/postcss-modules-scope-3.2.0.tgz 10137ms (cache miss)
2015 timing reifyNode:node_modules/postcss-modules-scope Completed in 10631ms
2016 http fetch GET 200 https://registry.npmjs.org/path-exists/-/path-exists-4.0.0.tgz 10119ms (cache miss)
2017 timing reifyNode:node_modules/path-exists Completed in 10628ms
2018 http fetch GET 200 https://registry.npmjs.org/path-is-absolute/-/path-is-absolute-1.0.1.tgz 10121ms (cache miss)
2019 timing reifyNode:node_modules/path-is-absolute Completed in 10630ms
2020 http fetch GET 200 https://registry.npmjs.org/onetime/-/onetime-5.1.2.tgz 10107ms (cache miss)
2021 timing reifyNode:node_modules/onetime Completed in 10628ms
2022 http fetch GET 200 https://registry.npmjs.org/node-releases/-/node-releases-2.0.14.tgz 10089ms (cache miss)
2023 timing reifyNode:node_modules/node-releases Completed in 10624ms
2024 http fetch GET 200 https://registry.npmjs.org/normalize-path/-/normalize-path-3.0.0.tgz 10091ms (cache miss)
2025 timing reifyNode:node_modules/normalize-path Completed in 10625ms
2026 http fetch GET 200 https://registry.npmjs.org/pg-cloudflare/-/pg-cloudflare-1.1.1.tgz 10129ms (cache miss)
2027 http fetch GET 200 https://registry.npmjs.org/minimatch/-/minimatch-3.1.2.tgz 10048ms (cache miss)
2028 timing reifyNode:node_modules/minimatch Completed in 10623ms
2029 http fetch GET 200 https://registry.npmjs.org/pug-filters/-/pug-filters-4.0.0.tgz 10161ms (cache miss)
2030 timing reifyNode:node_modules/pug-filters Completed in 10641ms
2031 http fetch GET 200 https://registry.npmjs.org/lowercase-keys/-/lowercase-keys-3.0.0.tgz 10025ms (cache miss)
2032 timing reifyNode:node_modules/lowercase-keys Completed in 10623ms
2033 http fetch GET 200 https://registry.npmjs.org/mime-types/-/mime-types-2.1.35.tgz 10038ms (cache miss)
2034 timing reifyNode:node_modules/mime-types Completed in 10625ms
2035 http fetch GET 200 https://registry.npmjs.org/kind-of/-/kind-of-6.0.3.tgz 10015ms (cache miss)
2036 timing reifyNode:node_modules/kind-of Completed in 10623ms
2037 http fetch GET 200 https://registry.npmjs.org/joycon/-/joycon-3.1.1.tgz 10000ms (cache miss)
2038 timing reifyNode:node_modules/joycon Completed in 10622ms
2039 timing reifyNode:node_modules/json-stable-stringify-without-jsonify Completed in 10623ms
2040 http fetch GET 200 https://registry.npmjs.org/jest-message-util/-/jest-message-util-29.7.0.tgz 9989ms (cache miss)
2041 timing reifyNode:node_modules/jest-message-util Completed in 10622ms
2042 http fetch GET 200 https://registry.npmjs.org/npm-bundled/-/npm-bundled-3.0.0.tgz 10100ms (cache miss)
2043 timing reifyNode:node_modules/npm-bundled Completed in 10632ms
2044 http fetch GET 200 https://registry.npmjs.org/jest-matcher-utils/-/jest-matcher-utils-29.7.0.tgz 9990ms (cache miss)
2045 timing reifyNode:node_modules/jest-matcher-utils Completed in 10624ms
2046 http fetch GET 200 https://registry.npmjs.org/jest-changed-files/-/jest-changed-files-29.7.0.tgz 9986ms (cache miss)
2047 timing reifyNode:node_modules/jest-changed-files Completed in 10624ms
2048 http fetch GET 200 https://registry.npmjs.org/isbinaryfile/-/isbinaryfile-4.0.10.tgz 9982ms (cache miss)
2049 timing reifyNode:node_modules/isbinaryfile Completed in 10624ms
2050 http fetch GET 200 https://registry.npmjs.org/is-glob/-/is-glob-4.0.3.tgz 9972ms (cache miss)
2051 timing reifyNode:node_modules/is-glob Completed in 10624ms
2052 http fetch GET 200 https://registry.npmjs.org/isexe/-/isexe-2.0.0.tgz 9984ms (cache miss)
2053 timing reifyNode:node_modules/isexe Completed in 10626ms
2054 http fetch GET 200 https://registry.npmjs.org/is-bigint/-/is-bigint-1.0.4.tgz 9965ms (cache miss)
2055 timing reifyNode:node_modules/is-bigint Completed in 10623ms
2056 http fetch GET 200 https://registry.npmjs.org/interpret/-/interpret-2.2.0.tgz 9960ms (cache miss)
2057 timing reifyNode:node_modules/interpret Completed in 10623ms
2058 http fetch GET 200 https://registry.npmjs.org/inherits/-/inherits-2.0.4.tgz 9959ms (cache miss)
2059 timing reifyNode:node_modules/inherits Completed in 10623ms
2060 http fetch GET 200 https://registry.npmjs.org/is-typedarray/-/is-typedarray-1.0.0.tgz 9983ms (cache miss)
2061 timing reifyNode:node_modules/is-typedarray Completed in 10627ms
2062 http fetch GET 200 https://registry.npmjs.org/icss-utils/-/icss-utils-5.1.0.tgz 9954ms (cache miss)
2063 timing reifyNode:node_modules/icss-utils Completed in 10623ms
2064 http fetch GET 200 https://registry.npmjs.org/humanize-ms/-/humanize-ms-1.2.1.tgz 9953ms (cache miss)
2065 timing reifyNode:node_modules/humanize-ms Completed in 10624ms
2066 http fetch GET 200 https://registry.npmjs.org/jsesc/-/jsesc-2.5.2.tgz 10017ms (cache miss)
2067 timing reifyNode:node_modules/jsesc Completed in 10633ms
2068 http fetch GET 200 https://registry.npmjs.org/hashlru/-/hashlru-2.3.0.tgz 9948ms (cache miss)
2069 timing reifyNode:node_modules/hashlru Completed in 10624ms
2070 http fetch GET 200 https://registry.npmjs.org/has-property-descriptors/-/has-property-descriptors-1.0.2.tgz 9942ms (cache miss)
2071 timing reifyNode:node_modules/has-property-descriptors Completed in 10623ms
2072 http fetch GET 200 https://registry.npmjs.org/get-stream/-/get-stream-6.0.1.tgz 9934ms (cache miss)
2073 timing reifyNode:node_modules/get-stream Completed in 10624ms
2074 http fetch GET 200 https://registry.npmjs.org/fastify-objectionjs/-/fastify-objectionjs-2.0.1.tgz 9917ms (cache miss)
2075 timing reifyNode:node_modules/fastify-objectionjs Completed in 10623ms
2076 http fetch GET 200 https://registry.npmjs.org/gensync/-/gensync-1.0.0-beta.2.tgz 9935ms (cache miss)
2077 timing reifyNode:node_modules/gensync Completed in 10626ms
2078 http fetch GET 200 https://registry.npmjs.org/fast-memoize/-/fast-memoize-2.5.2.tgz 9914ms (cache miss)
2079 timing reifyNode:node_modules/fast-memoize Completed in 10623ms
2080 http fetch GET 200 https://registry.npmjs.org/estraverse/-/estraverse-5.3.0.tgz 9906ms (cache miss)
2081 timing reifyNode:node_modules/estraverse Completed in 10624ms
2082 http fetch GET 200 https://registry.npmjs.org/eslint-visitor-keys/-/eslint-visitor-keys-3.4.3.tgz 9903ms (cache miss)
2083 timing reifyNode:node_modules/eslint-visitor-keys Completed in 10624ms
2084 http fetch GET 200 https://registry.npmjs.org/deep-extend/-/deep-extend-0.6.0.tgz 9878ms (cache miss)
2085 timing reifyNode:node_modules/deep-extend Completed in 10622ms
2086 http fetch GET 200 https://registry.npmjs.org/decompress-response/-/decompress-response-6.0.0.tgz 9877ms (cache miss)
2087 timing reifyNode:node_modules/decompress-response Completed in 10623ms
2088 http fetch GET 200 https://registry.npmjs.org/dedent/-/dedent-1.5.3.tgz 9880ms (cache miss)
2089 timing reifyNode:node_modules/dedent Completed in 10624ms
2090 http fetch GET 200 https://registry.npmjs.org/dir-glob/-/dir-glob-3.0.1.tgz 9886ms (cache miss)
2091 timing reifyNode:node_modules/dir-glob Completed in 10625ms
2092 http fetch GET 200 https://registry.npmjs.org/define-data-property/-/define-data-property-1.1.4.tgz 9883ms (cache miss)
2093 timing reifyNode:node_modules/define-data-property Completed in 10625ms
2094 http fetch GET 200 https://registry.npmjs.org/concat-map/-/concat-map-0.0.1.tgz 9867ms (cache miss)
2095 timing reifyNode:node_modules/concat-map Completed in 10625ms
2096 http fetch GET 200 https://registry.npmjs.org/char-regex/-/char-regex-1.0.2.tgz 9854ms (cache miss)
2097 timing reifyNode:node_modules/char-regex Completed in 10623ms
2098 http fetch GET 200 https://registry.npmjs.org/builtins/-/builtins-5.1.0.tgz 9850ms (cache miss)
2099 timing reifyNode:node_modules/builtins Completed in 10623ms
2100 http fetch GET 200 https://registry.npmjs.org/chownr/-/chownr-2.0.0.tgz 9857ms (cache miss)
2101 timing reifyNode:node_modules/chownr Completed in 10626ms
2102 http fetch GET 200 https://registry.npmjs.org/camelcase/-/camelcase-5.3.1.tgz 9854ms (cache miss)
2103 timing reifyNode:node_modules/camelcase Completed in 10626ms
2104 http fetch GET 200 https://registry.npmjs.org/balanced-match/-/balanced-match-1.0.2.tgz 9845ms (cache miss)
2105 timing reifyNode:node_modules/balanced-match Completed in 10624ms
2106 http fetch GET 200 https://registry.npmjs.org/babel-preset-current-node-syntax/-/babel-preset-current-node-syntax-1.0.1.tgz 9840ms (cache miss)
2107 timing reifyNode:node_modules/babel-preset-current-node-syntax Completed in 10625ms
2108 http fetch GET 200 https://registry.npmjs.org/babel-plugin-jest-hoist/-/babel-plugin-jest-hoist-29.6.3.tgz 9841ms (cache miss)
2109 timing reifyNode:node_modules/babel-plugin-jest-hoist Completed in 10625ms
2110 http fetch GET 200 https://registry.npmjs.org/aggregate-error/-/aggregate-error-3.1.0.tgz 9827ms (cache miss)
2111 timing reifyNode:node_modules/aggregate-error Completed in 10624ms
2112 http fetch GET 200 https://registry.npmjs.org/abbrev/-/abbrev-1.1.1.tgz 9821ms (cache miss)
2113 timing reifyNode:node_modules/abbrev Completed in 10624ms
2114 http fetch GET 200 https://registry.npmjs.org/@webassemblyjs/helper-wasm-bytecode/-/helper-wasm-bytecode-1.11.6.tgz 9814ms (cache miss)
2115 timing reifyNode:node_modules/@webassemblyjs/helper-wasm-bytecode Completed in 10624ms
2116 http fetch GET 200 https://registry.npmjs.org/@webassemblyjs/helper-numbers/-/helper-numbers-1.11.6.tgz 9814ms (cache miss)
2117 timing reifyNode:node_modules/@webassemblyjs/helper-numbers Completed in 10624ms
2118 http fetch GET 200 https://registry.npmjs.org/@types/stack-utils/-/stack-utils-2.0.3.tgz 9806ms (cache miss)
2119 timing reifyNode:node_modules/@types/stack-utils Completed in 10624ms
2120 timing reifyNode:node_modules/@webassemblyjs/wasm-gen Completed in 10625ms
2121 http fetch GET 200 https://registry.npmjs.org/@types/json5/-/json5-0.0.29.tgz 9801ms (cache miss)
2122 timing reifyNode:node_modules/@types/json5 Completed in 10624ms
2123 http fetch GET 200 https://registry.npmjs.org/@isaacs/cliui/-/cliui-8.0.2.tgz 9765ms (cache miss)
2124 timing reifyNode:node_modules/@isaacs/cliui Completed in 10617ms
2125 http fetch GET 200 https://registry.npmjs.org/@jest/environment/-/environment-29.7.0.tgz 9768ms (cache miss)
2126 timing reifyNode:node_modules/@jest/environment Completed in 10619ms
2127 http fetch GET 200 https://registry.npmjs.org/@babel/plugin-syntax-optional-chaining/-/plugin-syntax-optional-chaining-7.8.3.tgz 9747ms (cache miss)
2128 timing reifyNode:node_modules/@babel/plugin-syntax-optional-chaining Completed in 10615ms
2129 http fetch GET 200 https://registry.npmjs.org/@babel/plugin-syntax-object-rest-spread/-/plugin-syntax-object-rest-spread-7.8.3.tgz 9746ms (cache miss)
2130 timing reifyNode:node_modules/@babel/plugin-syntax-object-rest-spread Completed in 10616ms
2131 http fetch GET 200 https://registry.npmjs.org/@babel/plugin-syntax-import-meta/-/plugin-syntax-import-meta-7.10.4.tgz 9743ms (cache miss)
2132 timing reifyNode:node_modules/@babel/plugin-syntax-import-meta Completed in 10616ms
2133 http fetch GET 200 https://registry.npmjs.org/@babel/plugin-syntax-async-generators/-/plugin-syntax-async-generators-7.8.4.tgz 9743ms (cache miss)
2134 timing reifyNode:node_modules/@babel/plugin-syntax-async-generators Completed in 10616ms
2135 http fetch GET 200 https://registry.npmjs.org/@babel/plugin-syntax-top-level-await/-/plugin-syntax-top-level-await-7.14.5.tgz 9750ms (cache miss)
2136 timing reifyNode:node_modules/@babel/plugin-syntax-top-level-await Completed in 10618ms
2137 http fetch GET 200 https://registry.npmjs.org/string-width/-/string-width-5.1.2.tgz 9725ms (cache miss)
2138 timing reifyNode:node_modules/widest-line/node_modules/string-width Completed in 10713ms
2139 http fetch GET 200 https://registry.npmjs.org/string-width/-/string-width-5.1.2.tgz 9613ms (cache miss)
2140 timing reifyNode:node_modules/boxen/node_modules/string-width Completed in 10637ms
2141 http fetch GET 200 https://registry.npmjs.org/string-width/-/string-width-5.1.2.tgz 9598ms (cache miss)
2142 timing reifyNode:node_modules/@isaacs/cliui/node_modules/string-width Completed in 10622ms
2143 http fetch GET 200 https://registry.npmjs.org/strip-bom/-/strip-bom-3.0.0.tgz 9718ms (cache miss)
2144 timing reifyNode:node_modules/tsconfig-paths/node_modules/strip-bom Completed in 10709ms
2145 http fetch GET 200 https://registry.npmjs.org/graceful-fs/-/graceful-fs-4.2.11.tgz 9720ms (cache miss)
2146 timing reifyNode:node_modules/webpack/node_modules/graceful-fs Completed in 10714ms
2147 http fetch GET 200 https://registry.npmjs.org/http-proxy-agent/-/http-proxy-agent-4.0.1.tgz 9711ms (cache miss)
2148 timing reifyNode:node_modules/sqlite3/node_modules/http-proxy-agent Completed in 10706ms
2149 http fetch GET 200 https://registry.npmjs.org/socks-proxy-agent/-/socks-proxy-agent-6.2.1.tgz 9713ms (cache miss)
2150 timing reifyNode:node_modules/sqlite3/node_modules/socks-proxy-agent Completed in 10707ms
2151 http fetch GET 200 https://registry.npmjs.org/ini/-/ini-1.3.8.tgz 9622ms (cache miss)
2152 timing reifyNode:node_modules/config-chain/node_modules/ini Completed in 10645ms
2153 http fetch GET 200 https://registry.npmjs.org/p-limit/-/p-limit-2.3.0.tgz 9609ms (cache miss)
2154 timing reifyNode:node_modules/@istanbuljs/load-nyc-config/node_modules/p-limit Completed in 10627ms
2155 http fetch GET 200 https://registry.npmjs.org/p-limit/-/p-limit-2.3.0.tgz 9693ms (cache miss)
2156 timing reifyNode:node_modules/pkg-dir/node_modules/p-limit Completed in 10689ms
2157 http fetch GET 200 https://registry.npmjs.org/ansi-styles/-/ansi-styles-5.2.0.tgz 9696ms (cache miss)
2158 timing reifyNode:node_modules/pretty-format/node_modules/ansi-styles Completed in 10691ms
2159 http fetch GET 200 https://registry.npmjs.org/p-locate/-/p-locate-4.1.0.tgz 9694ms (cache miss)
2160 timing reifyNode:node_modules/pkg-dir/node_modules/p-locate Completed in 10690ms
2161 http fetch GET 200 https://registry.npmjs.org/locate-path/-/locate-path-5.0.0.tgz 9608ms (cache miss)
2162 timing reifyNode:node_modules/@istanbuljs/load-nyc-config/node_modules/locate-path Completed in 10630ms
2163 http fetch GET 200 https://registry.npmjs.org/ini/-/ini-4.1.2.tgz 9680ms (cache miss)
2164 timing reifyNode:node_modules/npm-check-updates/node_modules/ini Completed in 10683ms
2165 http fetch GET 200 https://registry.npmjs.org/find-up/-/find-up-4.1.0.tgz 9696ms (cache miss)
2166 timing reifyNode:node_modules/pkg-dir/node_modules/find-up Completed in 10692ms
2167 http fetch GET 200 https://registry.npmjs.org/unique-slug/-/unique-slug-3.0.0.tgz 9679ms (cache miss)
2168 timing reifyNode:node_modules/node-gyp/node_modules/unique-slug Completed in 10683ms
2169 http fetch GET 200 https://registry.npmjs.org/pg-connection-string/-/pg-connection-string-2.6.4.tgz 9691ms (cache miss)
2170 timing reifyNode:node_modules/pg/node_modules/pg-connection-string Completed in 10693ms
2171 http fetch GET 200 https://registry.npmjs.org/camelcase/-/camelcase-6.3.0.tgz 9667ms (cache miss)
2172 timing reifyNode:node_modules/jest-validate/node_modules/camelcase Completed in 10680ms
2173 http fetch GET 200 https://registry.npmjs.org/@npmcli/promise-spawn/-/promise-spawn-6.0.2.tgz 9808ms (cache miss)
2174 timing reifyNode:node_modules/@npmcli/promise-spawn Completed in 10645ms
2175 timing reifyNode:node_modules/@fastify/flash Completed in 10640ms
2176 http fetch GET 200 https://registry.npmjs.org/@istanbuljs/schema/-/schema-0.1.3.tgz 9792ms (cache miss)
2177 timing reifyNode:node_modules/@istanbuljs/schema Completed in 10643ms
2178 http fetch GET 200 https://registry.npmjs.org/mimic-response/-/mimic-response-3.1.0.tgz 9648ms (cache miss)
2179 timing reifyNode:node_modules/decompress-response/node_modules/mimic-response Completed in 10667ms
2180 http fetch GET 200 https://registry.npmjs.org/@szmarczak/http-timer/-/http-timer-5.0.1.tgz 9827ms (cache miss)
2181 timing reifyNode:node_modules/@szmarczak/http-timer Completed in 10655ms
2182 http fetch GET 200 https://registry.npmjs.org/yocto-queue/-/yocto-queue-0.1.0.tgz 10368ms (cache miss)
2183 timing reifyNode:node_modules/yocto-queue Completed in 10752ms
2184 http fetch GET 200 https://registry.npmjs.org/lru-cache/-/lru-cache-6.0.0.tgz 9683ms (cache miss)
2185 timing reifyNode:node_modules/semver/node_modules/lru-cache Completed in 10732ms
2186 http fetch GET 200 https://registry.npmjs.org/xdg-basedir/-/xdg-basedir-5.1.0.tgz 10366ms (cache miss)
2187 timing reifyNode:node_modules/xdg-basedir Completed in 10752ms
2188 http fetch GET 200 https://registry.npmjs.org/xtend/-/xtend-4.0.2.tgz 10367ms (cache miss)
2189 timing reifyNode:node_modules/xtend Completed in 10753ms
2190 http fetch GET 200 https://registry.npmjs.org/widest-line/-/widest-line-4.0.1.tgz 10363ms (cache miss)
2191 timing reifyNode:node_modules/widest-line Completed in 10751ms
2192 http fetch GET 200 https://registry.npmjs.org/update-notifier/-/update-notifier-6.0.2.tgz 10354ms (cache miss)
2193 timing reifyNode:node_modules/update-notifier Completed in 10750ms
2194 http fetch GET 200 https://registry.npmjs.org/wrap-ansi/-/wrap-ansi-7.0.0.tgz 10366ms (cache miss)
2195 timing reifyNode:node_modules/wrap-ansi-cjs Completed in 10754ms
2196 http fetch GET 200 https://registry.npmjs.org/wrap-ansi/-/wrap-ansi-7.0.0.tgz 9658ms (cache miss)
2197 timing reifyNode:node_modules/cliui/node_modules/wrap-ansi Completed in 10680ms
2198 http fetch GET 200 https://registry.npmjs.org/util-deprecate/-/util-deprecate-1.0.2.tgz 10356ms (cache miss)
2199 timing reifyNode:node_modules/util-deprecate Completed in 10753ms
2200 http fetch GET 200 https://registry.npmjs.org/untildify/-/untildify-4.0.0.tgz 10355ms (cache miss)
2201 timing reifyNode:node_modules/untildify Completed in 10752ms
2202 http fetch GET 200 https://registry.npmjs.org/validate-npm-package-name/-/validate-npm-package-name-5.0.0.tgz 10360ms (cache miss)
2203 timing reifyNode:node_modules/validate-npm-package-name Completed in 10754ms
2204 http fetch GET 200 https://registry.npmjs.org/typed-array-byte-length/-/typed-array-byte-length-1.0.1.tgz 10347ms (cache miss)
2205 timing reifyNode:node_modules/typed-array-byte-length Completed in 10753ms
2206 http fetch GET 200 https://registry.npmjs.org/tree-kill/-/tree-kill-1.2.2.tgz 10341ms (cache miss)
2207 timing reifyNode:node_modules/tree-kill Completed in 10753ms
2208 http fetch GET 200 https://registry.npmjs.org/unique-slug/-/unique-slug-2.0.2.tgz 10352ms (cache miss)
2209 timing reifyNode:node_modules/unique-slug Completed in 10755ms
2210 http fetch GET 200 https://registry.npmjs.org/typed-array-byte-offset/-/typed-array-byte-offset-1.0.2.tgz 10348ms (cache miss)
2211 timing reifyNode:node_modules/typed-array-byte-offset Completed in 10755ms
2212 http fetch GET 200 https://registry.npmjs.org/to-regex-range/-/to-regex-range-5.0.1.tgz 10340ms (cache miss)
2213 timing reifyNode:node_modules/to-regex-range Completed in 10754ms
2214 http fetch GET 200 https://registry.npmjs.org/toad-cache/-/toad-cache-3.7.0.tgz 10340ms (cache miss)
2215 timing reifyNode:node_modules/toad-cache Completed in 10754ms
2216 http fetch GET 200 https://registry.npmjs.org/token-stream/-/token-stream-1.0.0.tgz 10342ms (cache miss)
2217 timing reifyNode:node_modules/token-stream Completed in 10755ms
2218 http fetch GET 200 https://registry.npmjs.org/test-exclude/-/test-exclude-6.0.0.tgz 10331ms (cache miss)
2219 timing reifyNode:node_modules/test-exclude Completed in 10755ms
2220 http fetch GET 200 https://registry.npmjs.org/toidentifier/-/toidentifier-1.0.1.tgz 10343ms (cache miss)
2221 timing reifyNode:node_modules/toidentifier Completed in 10756ms
2222 http fetch GET 200 https://registry.npmjs.org/supports-color/-/supports-color-7.2.0.tgz 10327ms (cache miss)
2223 timing reifyNode:node_modules/supports-color Completed in 10755ms
2224 http fetch GET 200 https://registry.npmjs.org/strip-bom/-/strip-bom-4.0.0.tgz 10325ms (cache miss)
2225 timing reifyNode:node_modules/strip-bom Completed in 10755ms
2226 http fetch GET 200 https://registry.npmjs.org/strip-ansi/-/strip-ansi-6.0.1.tgz 10325ms (cache miss)
2227 timing reifyNode:node_modules/strip-ansi Completed in 10756ms
2228 http fetch GET 200 https://registry.npmjs.org/stack-utils/-/stack-utils-2.0.6.tgz 10322ms (cache miss)
2229 timing reifyNode:node_modules/stack-utils Completed in 10757ms
2230 http fetch GET 200 https://registry.npmjs.org/socks-proxy-agent/-/socks-proxy-agent-7.0.0.tgz 10312ms (cache miss)
2231 timing reifyNode:node_modules/socks-proxy-agent Completed in 10756ms
2232 http fetch GET 200 https://registry.npmjs.org/simple-get/-/simple-get-4.0.1.tgz 10310ms (cache miss)
2233 timing reifyNode:node_modules/simple-get Completed in 10752ms
2234 http fetch GET 200 https://registry.npmjs.org/spawn-command/-/spawn-command-0.0.2.tgz 10316ms (cache miss)
2235 timing reifyNode:node_modules/spawn-command Completed in 10758ms
2236 http fetch GET 200 https://registry.npmjs.org/sisteransi/-/sisteransi-1.0.5.tgz 10312ms (cache miss)
2237 timing reifyNode:node_modules/sisteransi Completed in 10754ms
2238 http fetch GET 200 https://registry.npmjs.org/typed-array-buffer/-/typed-array-buffer-1.0.2.tgz 10358ms (cache miss)
2239 timing reifyNode:node_modules/typed-array-buffer Completed in 10766ms
2240 http fetch GET 200 https://registry.npmjs.org/set-blocking/-/set-blocking-2.0.0.tgz 10306ms (cache miss)
2241 timing reifyNode:node_modules/set-blocking Completed in 10754ms
2242 http fetch GET 200 https://registry.npmjs.org/semver-diff/-/semver-diff-4.0.0.tgz 10300ms (cache miss)
2243 timing reifyNode:node_modules/semver-diff Completed in 10753ms
2244 http fetch GET 200 https://registry.npmjs.org/shebang-regex/-/shebang-regex-3.0.0.tgz 10311ms (cache miss)
2245 timing reifyNode:node_modules/shebang-regex Completed in 10756ms
2246 http fetch GET 200 https://registry.npmjs.org/safe-regex2/-/safe-regex2-2.0.0.tgz 10297ms (cache miss)
2247 timing reifyNode:node_modules/safe-regex2 Completed in 10753ms
2248 http fetch GET 200 https://registry.npmjs.org/safe-regex-test/-/safe-regex-test-1.0.3.tgz 10298ms (cache miss)
2249 timing reifyNode:node_modules/safe-regex-test Completed in 10754ms
2250 http fetch GET 200 https://registry.npmjs.org/resolve-alpn/-/resolve-alpn-1.2.1.tgz 10290ms (cache miss)
2251 timing reifyNode:node_modules/resolve-alpn Completed in 10752ms
2252 http fetch GET 200 https://registry.npmjs.org/run-parallel/-/run-parallel-1.2.0.tgz 10296ms (cache miss)
2253 timing reifyNode:node_modules/run-parallel Completed in 10754ms
2254 http fetch GET 200 https://registry.npmjs.org/setprototypeof/-/setprototypeof-1.2.0.tgz 10312ms (cache miss)
2255 timing reifyNode:node_modules/setprototypeof Completed in 10759ms
2256 http fetch GET 200 https://registry.npmjs.org/pupa/-/pupa-3.1.0.tgz 10275ms (cache miss)
2257 timing reifyNode:node_modules/pupa Completed in 10751ms
2258 http fetch GET 200 https://registry.npmjs.org/responselike/-/responselike-2.0.1.tgz 10294ms (cache miss)
2259 timing reifyNode:node_modules/responselike Completed in 10755ms
2260 http fetch GET 200 https://registry.npmjs.org/randombytes/-/randombytes-2.1.0.tgz 10280ms (cache miss)
2261 timing reifyNode:node_modules/randombytes Completed in 10753ms
2262 http fetch GET 200 https://registry.npmjs.org/pug-runtime/-/pug-runtime-3.0.1.tgz 10273ms (cache miss)
2263 timing reifyNode:node_modules/pug-runtime Completed in 10752ms
2264 http fetch GET 200 https://registry.npmjs.org/pug-linker/-/pug-linker-4.0.0.tgz 10272ms (cache miss)
2265 timing reifyNode:node_modules/pug-linker Completed in 10752ms
2266 http fetch GET 200 https://registry.npmjs.org/pug-attrs/-/pug-attrs-3.0.0.tgz 10267ms (cache miss)
2267 timing reifyNode:node_modules/pug-attrs Completed in 10752ms
2268 http fetch GET 200 https://registry.npmjs.org/postgres-interval/-/postgres-interval-1.2.0.tgz 10260ms (cache miss)
2269 timing reifyNode:node_modules/postgres-interval Completed in 10751ms
2270 http fetch GET 200 https://registry.npmjs.org/rimraf/-/rimraf-3.0.2.tgz 10301ms (cache miss)
2271 timing reifyNode:node_modules/rimraf Completed in 10759ms
2272 http fetch GET 200 https://registry.npmjs.org/picocolors/-/picocolors-1.0.0.tgz 10247ms (cache miss)
2273 timing reifyNode:node_modules/picocolors Completed in 10748ms
2274 http fetch GET 200 https://registry.npmjs.org/postgres-array/-/postgres-array-2.0.0.tgz 10260ms (cache miss)
2275 timing reifyNode:node_modules/postgres-array Completed in 10752ms
2276 http fetch GET 200 https://registry.npmjs.org/real-require/-/real-require-0.2.0.tgz 10287ms (cache miss)
2277 timing reifyNode:node_modules/real-require Completed in 10758ms
2278 http fetch GET 200 https://registry.npmjs.org/path-key/-/path-key-3.1.1.tgz 10242ms (cache miss)
2279 timing reifyNode:node_modules/path-key Completed in 10749ms
2280 http fetch GET 200 https://registry.npmjs.org/p-try/-/p-try-2.2.0.tgz 10235ms (cache miss)
2281 timing reifyNode:node_modules/p-try Completed in 10748ms
2282 http fetch GET 200 https://registry.npmjs.org/parse-github-url/-/parse-github-url-1.0.2.tgz 10239ms (cache miss)
2283 timing reifyNode:node_modules/parse-github-url Completed in 10749ms
2284 http fetch GET 200 https://registry.npmjs.org/p-map/-/p-map-4.0.0.tgz 10237ms (cache miss)
2285 timing reifyNode:node_modules/p-map Completed in 10749ms
2286 http fetch GET 200 https://registry.npmjs.org/on-exit-leak-free/-/on-exit-leak-free-2.1.2.tgz 10225ms (cache miss)
2287 http fetch GET 200 https://registry.npmjs.org/npm-package-arg/-/npm-package-arg-10.1.0.tgz 10216ms (cache miss)
2288 timing reifyNode:node_modules/npm-package-arg Completed in 10746ms
2289 http fetch GET 200 https://registry.npmjs.org/nopt/-/nopt-5.0.0.tgz 10210ms (cache miss)
2290 timing reifyNode:node_modules/nopt Completed in 10744ms
2291 http fetch GET 200 https://registry.npmjs.org/mkdirp-classic/-/mkdirp-classic-0.5.3.tgz 10183ms (cache miss)
2292 timing reifyNode:node_modules/mkdirp-classic Completed in 10743ms
2293 http fetch GET 200 https://registry.npmjs.org/lodash.merge/-/lodash.merge-4.6.2.tgz 10144ms (cache miss)
2294 timing reifyNode:node_modules/lodash.merge Completed in 10743ms
2295 http fetch GET 200 https://registry.npmjs.org/jsonfile/-/jsonfile-6.1.0.tgz 10132ms (cache miss)
2296 timing reifyNode:node_modules/jsonfile Completed in 10742ms
2297 http fetch GET 200 https://registry.npmjs.org/js-tokens/-/js-tokens-4.0.0.tgz 10124ms (cache miss)
2298 timing reifyNode:node_modules/js-tokens Completed in 10742ms
2299 http fetch GET 200 https://registry.npmjs.org/jest-get-type/-/jest-get-type-29.6.3.tgz 10107ms (cache miss)
2300 timing reifyNode:node_modules/jest-get-type Completed in 10742ms
2301 http fetch GET 200 https://registry.npmjs.org/is-obj/-/is-obj-2.0.0.tgz 10094ms (cache miss)
2302 timing reifyNode:node_modules/is-obj Completed in 10742ms
2303 http fetch GET 200 https://registry.npmjs.org/is-path-inside/-/is-path-inside-3.0.3.tgz 10094ms (cache miss)
2304 timing reifyNode:node_modules/is-path-inside Completed in 10742ms
2305 http fetch GET 200 https://registry.npmjs.org/ignore/-/ignore-5.2.0.tgz 10070ms (cache miss)
2306 timing reifyNode:node_modules/ignore Completed in 10739ms
2307 http fetch GET 200 https://registry.npmjs.org/http-cache-semantics/-/http-cache-semantics-4.1.1.tgz 10067ms (cache miss)
2308 timing reifyNode:node_modules/http-cache-semantics Completed in 10739ms
2309 http fetch GET 200 https://registry.npmjs.org/has-unicode/-/has-unicode-2.0.1.tgz 10063ms (cache miss)
2310 timing reifyNode:node_modules/has-unicode Completed in 10739ms
2311 http fetch GET 200 https://registry.npmjs.org/glob-to-regexp/-/glob-to-regexp-0.4.1.tgz 10053ms (cache miss)
2312 timing reifyNode:node_modules/glob-to-regexp Completed in 10738ms
2313 http fetch GET 200 https://registry.npmjs.org/getopts/-/getopts-2.3.0.tgz 10051ms (cache miss)
2314 timing reifyNode:node_modules/getopts Completed in 10739ms
2315 http fetch GET 200 https://registry.npmjs.org/fs-constants/-/fs-constants-1.0.0.tgz 10040ms (cache miss)
2316 timing reifyNode:node_modules/fs-constants Completed in 10738ms
2317 http fetch GET 200 https://registry.npmjs.org/fast-querystring/-/fast-querystring-1.0.0.tgz 10030ms (cache miss)
2318 timing reifyNode:node_modules/fast-querystring Completed in 10738ms
2319 http fetch GET 200 https://registry.npmjs.org/escalade/-/escalade-3.1.1.tgz 10009ms (cache miss)
2320 timing reifyNode:node_modules/escalade Completed in 10737ms
2321 http fetch GET 200 https://registry.npmjs.org/es-set-tostringtag/-/es-set-tostringtag-2.0.3.tgz 10007ms (cache miss)
2322 timing reifyNode:node_modules/es-set-tostringtag Completed in 10737ms
2323 http fetch GET 200 https://registry.npmjs.org/es-object-atoms/-/es-object-atoms-1.0.0.tgz 10008ms (cache miss)
2324 http fetch GET 200 https://registry.npmjs.org/define-properties/-/define-properties-1.2.1.tgz 9994ms (cache miss)
2325 timing reifyNode:node_modules/define-properties Completed in 10737ms
2326 http fetch GET 200 https://registry.npmjs.org/dateformat/-/dateformat-4.6.3.tgz 9991ms (cache miss)
2327 timing reifyNode:node_modules/dateformat Completed in 10736ms
2328 http fetch GET 200 https://registry.npmjs.org/color-convert/-/color-convert-2.0.1.tgz 9975ms (cache miss)
2329 timing reifyNode:node_modules/color-convert Completed in 10735ms
2330 http fetch GET 200 https://registry.npmjs.org/atomic-sleep/-/atomic-sleep-1.0.0.tgz 9944ms (cache miss)
2331 timing reifyNode:node_modules/atomic-sleep Completed in 10732ms
2332 http fetch GET 200 https://registry.npmjs.org/acorn-jsx/-/acorn-jsx-5.3.2.tgz 9930ms (cache miss)
2333 timing reifyNode:node_modules/acorn-jsx Completed in 10731ms
2334 http fetch GET 200 https://registry.npmjs.org/@webassemblyjs/helper-buffer/-/helper-buffer-1.12.1.tgz 9920ms (cache miss)
2335 timing reifyNode:node_modules/@webassemblyjs/helper-buffer Completed in 10731ms
2336 http fetch GET 200 https://registry.npmjs.org/@types/graceful-fs/-/graceful-fs-4.1.9.tgz 9904ms (cache miss)
2337 timing reifyNode:node_modules/@types/graceful-fs Completed in 10727ms
2338 http fetch GET 200 https://registry.npmjs.org/strip-ansi/-/strip-ansi-7.0.1.tgz 9829ms (cache miss)
2339 timing reifyNode:node_modules/wrap-ansi/node_modules/strip-ansi Completed in 10816ms
2340 http fetch GET 200 https://registry.npmjs.org/strip-ansi/-/strip-ansi-7.0.1.tgz 9715ms (cache miss)
2341 timing reifyNode:node_modules/boxen/node_modules/strip-ansi Completed in 10739ms
2342 http fetch GET 200 https://registry.npmjs.org/ini/-/ini-1.3.8.tgz 9795ms (cache miss)
2343 timing reifyNode:node_modules/rc/node_modules/ini Completed in 10793ms
2344 http fetch GET 200 https://registry.npmjs.org/find-up/-/find-up-3.0.0.tgz 9794ms (cache miss)
2345 timing reifyNode:node_modules/pkg-up/node_modules/find-up Completed in 10789ms
2346 http fetch GET 200 https://registry.npmjs.org/split2/-/split2-4.2.0.tgz 9786ms (cache miss)
2347 timing reifyNode:node_modules/pgpass/node_modules/split2 Completed in 10787ms
2348 http fetch GET 200 https://registry.npmjs.org/fs-minipass/-/fs-minipass-3.0.3.tgz 9720ms (cache miss)
2349 timing reifyNode:node_modules/cacache/node_modules/fs-minipass Completed in 10744ms
2350 http fetch GET 200 https://registry.npmjs.org/brace-expansion/-/brace-expansion-2.0.1.tgz 9757ms (cache miss)
2351 timing reifyNode:node_modules/ignore-walk/node_modules/brace-expansion Completed in 10766ms
2352 http fetch GET 200 https://registry.npmjs.org/brace-expansion/-/brace-expansion-2.0.1.tgz 9751ms (cache miss)
2353 timing reifyNode:node_modules/glob/node_modules/brace-expansion Completed in 10763ms
2354 http fetch GET 200 https://registry.npmjs.org/brace-expansion/-/brace-expansion-2.0.1.tgz 9753ms (cache miss)
2355 timing reifyNode:node_modules/help-me/node_modules/brace-expansion Completed in 10765ms
2356 http fetch GET 200 https://registry.npmjs.org/brace-expansion/-/brace-expansion-2.0.1.tgz 9734ms (cache miss)
2357 timing reifyNode:node_modules/editorconfig/node_modules/brace-expansion Completed in 10753ms
2358 http fetch GET 200 https://registry.npmjs.org/brace-expansion/-/brace-expansion-2.0.1.tgz 9716ms (cache miss)
2359 timing reifyNode:node_modules/@tufjs/models/node_modules/brace-expansion Completed in 10735ms
2360 http fetch GET 200 https://registry.npmjs.org/find-up/-/find-up-4.1.0.tgz 9708ms (cache miss)
2361 timing reifyNode:node_modules/@istanbuljs/load-nyc-config/node_modules/find-up Completed in 10732ms
2362 http fetch GET 200 https://registry.npmjs.org/brace-expansion/-/brace-expansion-2.0.1.tgz 9769ms (cache miss)
2363 timing reifyNode:node_modules/node-gyp/node_modules/brace-expansion Completed in 10782ms
2364 http fetch GET 200 https://registry.npmjs.org/nopt/-/nopt-7.2.0.tgz 9768ms (cache miss)
2365 timing reifyNode:node_modules/js-beautify/node_modules/nopt Completed in 10779ms
2366 http fetch GET 200 https://registry.npmjs.org/@types/estree/-/estree-1.0.5.tgz 9919ms (cache miss)
2367 timing reifyNode:node_modules/@types/estree Completed in 10743ms
2368 http fetch GET 200 https://registry.npmjs.org/which/-/which-3.0.1.tgz 9734ms (cache miss)
2369 timing reifyNode:node_modules/@npmcli/run-script/node_modules/which Completed in 10753ms
2370 http fetch GET 200 https://registry.npmjs.org/which/-/which-3.0.1.tgz 9734ms (cache miss)
2371 timing reifyNode:node_modules/@npmcli/git/node_modules/which Completed in 10752ms
2372 http fetch GET 200 https://registry.npmjs.org/@tootallnate/once/-/once-1.1.2.tgz 9832ms (cache miss)
2373 timing reifyNode:node_modules/sqlite3/node_modules/@tootallnate/once Completed in 10835ms
2374 http fetch GET 200 https://registry.npmjs.org/@eslint/js/-/js-8.57.0.tgz 9761ms (cache miss)
2375 http fetch GET 200 https://registry.npmjs.org/uc.micro/-/uc.micro-1.0.6.tgz 10446ms (cache miss)
2376 timing reifyNode:node_modules/toposort-class Completed in 10850ms
2377 http fetch GET 200 https://registry.npmjs.org/string-width/-/string-width-4.2.3.tgz 10416ms (cache miss)
2378 timing reifyNode:node_modules/string-width Completed in 10850ms
2379 http fetch GET 200 https://registry.npmjs.org/ssri/-/ssri-10.0.5.tgz 10414ms (cache miss)
2380 timing reifyNode:node_modules/ssri Completed in 10849ms
2381 timing reifyNode:node_modules/spawn-please Completed in 10848ms
2382 http fetch GET 200 https://registry.npmjs.org/set-function-name/-/set-function-name-2.0.2.tgz 10396ms (cache miss)
2383 timing reifyNode:node_modules/set-function-name Completed in 10844ms
2384 http fetch GET 200 https://registry.npmjs.org/safer-buffer/-/safer-buffer-2.1.2.tgz 10387ms (cache miss)
2385 timing reifyNode:node_modules/safer-buffer Completed in 10842ms
2386 http fetch GET 200 https://registry.npmjs.org/safe-buffer/-/safe-buffer-5.2.1.tgz 10385ms (cache miss)
2387 timing reifyNode:node_modules/safe-buffer Completed in 10842ms
2388 http fetch GET 200 https://registry.npmjs.org/ret/-/ret-0.2.2.tgz 10381ms (cache miss)
2389 timing reifyNode:node_modules/ret Completed in 10841ms
2390 http fetch GET 200 https://registry.npmjs.org/pug-lexer/-/pug-lexer-5.0.1.tgz 10358ms (cache miss)
2391 timing reifyNode:node_modules/pug-lexer Completed in 10838ms
2392 http fetch GET 200 https://registry.npmjs.org/prelude-ls/-/prelude-ls-1.2.1.tgz 10347ms (cache miss)
2393 timing reifyNode:node_modules/prelude-ls Completed in 10837ms
2394 timing reifyNode:node_modules/pg-cloudflare Completed in 10835ms
2395 http fetch GET 200 https://registry.npmjs.org/linkify-it/-/linkify-it-4.0.1.tgz 10222ms (cache miss)
2396 timing reifyNode:node_modules/linkify-it Completed in 10825ms
2397 http fetch GET 200 https://registry.npmjs.org/levn/-/levn-0.4.1.tgz 10220ms (cache miss)
2398 timing reifyNode:node_modules/levn Completed in 10825ms
2399 http fetch GET 200 https://registry.npmjs.org/is-yarn-global/-/is-yarn-global-0.4.0.tgz 10180ms (cache miss)
2400 timing reifyNode:node_modules/is-yarn-global Completed in 10823ms
2401 http fetch GET 200 https://registry.npmjs.org/is-weakref/-/is-weakref-1.0.2.tgz 10181ms (cache miss)
2402 timing reifyNode:node_modules/is-weakref Completed in 10824ms
2403 http fetch GET 200 https://registry.npmjs.org/internal-slot/-/internal-slot-1.0.7.tgz 10159ms (cache miss)
2404 timing reifyNode:node_modules/internal-slot Completed in 10821ms
2405 http fetch GET 200 https://registry.npmjs.org/is-number-object/-/is-number-object-1.0.7.tgz 10176ms (cache miss)
2406 timing reifyNode:node_modules/is-number-object Completed in 10824ms
2407 http fetch GET 200 https://registry.npmjs.org/has-proto/-/has-proto-1.0.3.tgz 10143ms (cache miss)
2408 timing reifyNode:node_modules/has-proto Completed in 10820ms
2409 http fetch GET 200 https://registry.npmjs.org/graceful-fs/-/graceful-fs-4.2.10.tgz 10138ms (cache miss)
2410 timing reifyNode:node_modules/graceful-fs Completed in 10821ms
2411 http fetch GET 200 https://registry.npmjs.org/jest-watcher/-/jest-watcher-29.7.0.tgz 10206ms (cache miss)
2412 timing reifyNode:node_modules/jest-watcher Completed in 10831ms
2413 http fetch GET 200 https://registry.npmjs.org/for-each/-/for-each-0.3.3.tgz 10121ms (cache miss)
2414 timing reifyNode:node_modules/for-each Completed in 10820ms
2415 http fetch GET 200 https://registry.npmjs.org/fastest-levenshtein/-/fastest-levenshtein-1.0.16.tgz 10113ms (cache miss)
2416 http fetch GET 200 https://registry.npmjs.org/data-view-byte-offset/-/data-view-byte-offset-1.0.0.tgz 10069ms (cache miss)
2417 timing reifyNode:node_modules/data-view-byte-offset Completed in 10817ms
2418 http fetch GET 200 https://registry.npmjs.org/data-view-buffer/-/data-view-buffer-1.0.1.tgz 10069ms (cache miss)
2419 timing reifyNode:node_modules/data-view-buffer Completed in 10816ms
2420 http fetch GET 200 https://registry.npmjs.org/ci-info/-/ci-info-3.3.2.tgz 10050ms (cache miss)
2421 timing reifyNode:node_modules/ci-info Completed in 10815ms
2422 http fetch GET 200 https://registry.npmjs.org/cacheable-lookup/-/cacheable-lookup-6.1.0.tgz 10042ms (cache miss)
2423 timing reifyNode:node_modules/cacheable-lookup Completed in 10814ms
2424 http fetch GET 200 https://registry.npmjs.org/bser/-/bser-2.1.1.tgz 10038ms (cache miss)
2425 timing reifyNode:node_modules/bser Completed in 10814ms
2426 http fetch GET 200 https://registry.npmjs.org/babel-plugin-istanbul/-/babel-plugin-istanbul-6.1.1.tgz 10029ms (cache miss)
2427 timing reifyNode:node_modules/babel-plugin-istanbul Completed in 10814ms
2428 timing reifyNode:node_modules/@humanwhocodes/module-importer Completed in 10803ms
2429 http fetch GET 200 https://registry.npmjs.org/supports-color/-/supports-color-8.1.1.tgz 9836ms (cache miss)
2430 timing reifyNode:node_modules/jest-worker/node_modules/supports-color Completed in 10849ms
2431 http fetch GET 200 https://registry.npmjs.org/supports-color/-/supports-color-8.1.1.tgz 9801ms (cache miss)
2432 timing reifyNode:node_modules/concurrently/node_modules/supports-color Completed in 10825ms
2433 http fetch GET 200 https://registry.npmjs.org/@babel/helper-function-name/-/helper-function-name-7.23.0.tgz 9918ms (cache miss)
2434 timing reifyNode:node_modules/@babel/helper-function-name Completed in 10801ms
2435 http fetch GET 200 https://registry.npmjs.org/strip-ansi/-/strip-ansi-7.1.0.tgz 9787ms (cache miss)
2436 timing reifyNode:node_modules/@isaacs/cliui/node_modules/strip-ansi Completed in 10811ms
2437 http fetch GET 200 https://registry.npmjs.org/ansi-regex/-/ansi-regex-6.0.1.tgz 9915ms (cache miss)
2438 timing reifyNode:node_modules/widest-line/node_modules/ansi-regex Completed in 10903ms
2439 http fetch GET 200 https://registry.npmjs.org/ansi-regex/-/ansi-regex-6.0.1.tgz 9861ms (cache miss)
2440 timing reifyNode:node_modules/npm-check-updates/node_modules/ansi-regex Completed in 10864ms
2441 http fetch GET 200 https://registry.npmjs.org/ansi-regex/-/ansi-regex-6.0.1.tgz 9802ms (cache miss)
2442 timing reifyNode:node_modules/boxen/node_modules/ansi-regex Completed in 10828ms
2443 http fetch GET 200 https://registry.npmjs.org/ansi-regex/-/ansi-regex-6.0.1.tgz 9788ms (cache miss)
2444 timing reifyNode:node_modules/@isaacs/cliui/node_modules/ansi-regex Completed in 10813ms
2445 http fetch GET 200 https://registry.npmjs.org/glob-parent/-/glob-parent-5.1.2.tgz 9818ms (cache miss)
2446 timing reifyNode:node_modules/chokidar/node_modules/glob-parent Completed in 10840ms
2447 http fetch GET 200 https://registry.npmjs.org/chalk/-/chalk-2.4.2.tgz 9795ms (cache miss)
2448 timing reifyNode:node_modules/@babel/highlight/node_modules/chalk Completed in 10824ms
2449 http fetch GET 200 https://registry.npmjs.org/@jest/fake-timers/-/fake-timers-29.7.0.tgz 9982ms (cache miss)
2450 timing reifyNode:node_modules/@jest/fake-timers Completed in 10832ms
2451 timing reifyNode:node_modules/eslint/node_modules/@eslint/js Completed in 10859ms
2452 http fetch GET 200 https://registry.npmjs.org/wildcard/-/wildcard-2.0.0.tgz 10545ms (cache miss)
2453 timing reifyNode:node_modules/wildcard Completed in 10934ms
2454 http fetch GET 200 https://registry.npmjs.org/retry-as-promised/-/retry-as-promised-7.0.4.tgz 10459ms (cache miss)
2455 timing reifyNode:node_modules/retry-as-promised Completed in 10918ms
2456 http fetch GET 200 https://registry.npmjs.org/rc-config-loader/-/rc-config-loader-4.1.3.tgz 10444ms (cache miss)
2457 timing reifyNode:node_modules/rc-config-loader Completed in 10917ms
2458 http fetch GET 200 https://registry.npmjs.org/rc/-/rc-1.2.8.tgz 10444ms (cache miss)
2459 timing reifyNode:node_modules/rc Completed in 10918ms
2460 http fetch GET 200 https://registry.npmjs.org/safe-array-concat/-/safe-array-concat-1.1.2.tgz 10466ms (cache miss)
2461 timing reifyNode:node_modules/safe-array-concat Completed in 10924ms
2462 http fetch GET 200 https://registry.npmjs.org/object-keys/-/object-keys-1.1.1.tgz 10385ms (cache miss)
2463 timing reifyNode:node_modules/object-keys Completed in 10912ms
2464 http fetch GET 200 https://registry.npmjs.org/mdurl/-/mdurl-1.0.1.tgz 10314ms (cache miss)
2465 timing reifyNode:node_modules/mdurl Completed in 10907ms
2466 http fetch GET 200 https://registry.npmjs.org/is-symbol/-/is-symbol-1.0.4.tgz 10259ms (cache miss)
2467 timing reifyNode:node_modules/is-symbol Completed in 10905ms
2468 http fetch GET 200 https://registry.npmjs.org/is-data-view/-/is-data-view-1.0.1.tgz 10246ms (cache miss)
2469 timing reifyNode:node_modules/is-data-view Completed in 10904ms
2470 http fetch GET 200 https://registry.npmjs.org/is-boolean-object/-/is-boolean-object-1.1.2.tgz 10246ms (cache miss)
2471 timing reifyNode:node_modules/is-boolean-object Completed in 10903ms
2472 http fetch GET 200 https://registry.npmjs.org/jest-runner/-/jest-runner-29.7.0.tgz 10281ms (cache miss)
2473 timing reifyNode:node_modules/jest-runner Completed in 10910ms
2474 http fetch GET 200 https://registry.npmjs.org/is-typed-array/-/is-typed-array-1.1.13.tgz 10263ms (cache miss)
2475 timing reifyNode:node_modules/is-typed-array Completed in 10907ms
2476 http fetch GET 200 https://registry.npmjs.org/https-proxy-agent/-/https-proxy-agent-5.0.1.tgz 10232ms (cache miss)
2477 timing reifyNode:node_modules/https-proxy-agent Completed in 10902ms
2478 http fetch GET 200 https://registry.npmjs.org/is-core-module/-/is-core-module-2.13.1.tgz 10250ms (cache miss)
2479 timing reifyNode:node_modules/is-core-module Completed in 10906ms
2480 http fetch GET 200 https://registry.npmjs.org/is-date-object/-/is-date-object-1.0.5.tgz 10252ms (cache miss)
2481 timing reifyNode:node_modules/is-date-object Completed in 10908ms
2482 http fetch GET 200 https://registry.npmjs.org/fastify-reverse-routes/-/fastify-reverse-routes-3.0.0.tgz 10195ms (cache miss)
2483 timing reifyNode:node_modules/fastify-reverse-routes Completed in 10899ms
2484 timing reifyNode:node_modules/es-object-atoms Completed in 10896ms
2485 http fetch GET 200 https://registry.npmjs.org/es6-weak-map/-/es6-weak-map-2.0.3.tgz 10170ms (cache miss)
2486 timing reifyNode:node_modules/es6-weak-map Completed in 10896ms
2487 http fetch GET 200 https://registry.npmjs.org/esutils/-/esutils-2.0.3.tgz 10182ms (cache miss)
2488 timing reifyNode:node_modules/esutils Completed in 10900ms
2489 http fetch GET 200 https://registry.npmjs.org/diff-sequences/-/diff-sequences-29.6.3.tgz 10154ms (cache miss)
2490 timing reifyNode:node_modules/diff-sequences Completed in 10895ms
2491 http fetch GET 200 https://registry.npmjs.org/data-view-byte-length/-/data-view-byte-length-1.0.1.tgz 10147ms (cache miss)
2492 timing reifyNode:node_modules/data-view-byte-length Completed in 10894ms
2493 http fetch GET 200 https://registry.npmjs.org/cookie/-/cookie-0.6.0.tgz 10141ms (cache miss)
2494 timing reifyNode:node_modules/cookie Completed in 10894ms
2495 http fetch GET 200 https://registry.npmjs.org/array-buffer-byte-length/-/array-buffer-byte-length-1.0.1.tgz 10098ms (cache miss)
2496 timing reifyNode:node_modules/array-buffer-byte-length Completed in 10891ms
2497 http fetch GET 200 https://registry.npmjs.org/@types/babel__core/-/babel__core-7.20.5.tgz 10058ms (cache miss)
2498 timing reifyNode:node_modules/@types/babel__core Completed in 10885ms
2499 http fetch GET 200 https://registry.npmjs.org/hosted-git-info/-/hosted-git-info-6.1.1.tgz 9933ms (cache miss)
2500 timing reifyNode:node_modules/normalize-package-data/node_modules/hosted-git-info Completed in 10936ms
2501 http fetch GET 200 https://registry.npmjs.org/@babel/highlight/-/highlight-7.24.2.tgz 10011ms (cache miss)
2502 timing reifyNode:node_modules/@babel/highlight Completed in 10886ms
2503 http fetch GET 200 https://registry.npmjs.org/@webassemblyjs/wasm-edit/-/wasm-edit-1.12.1.tgz 10095ms (cache miss)
2504 timing reifyNode:node_modules/@webassemblyjs/wasm-edit Completed in 10902ms
2505 http fetch GET 200 https://registry.npmjs.org/depd/-/depd-1.1.2.tgz 9882ms (cache miss)
2506 http fetch GET 200 https://registry.npmjs.org/globals/-/globals-11.12.0.tgz 9866ms (cache miss)
2507 timing reifyNode:node_modules/@babel/traverse/node_modules/globals Completed in 10894ms
2508 timing reifyNode:node_modules/on-exit-leak-free Completed in 10968ms
2509 http fetch GET 200 https://registry.npmjs.org/object.fromentries/-/object.fromentries-2.0.8.tgz 10444ms (cache miss)
2510 timing reifyNode:node_modules/object.fromentries Completed in 10968ms
2511 http fetch GET 200 https://registry.npmjs.org/negotiator/-/negotiator-0.6.3.tgz 10414ms (cache miss)
2512 timing reifyNode:node_modules/negotiator Completed in 10964ms
2513 http fetch GET 200 https://registry.npmjs.org/mkdirp/-/mkdirp-1.0.4.tgz 10400ms (cache miss)
2514 timing reifyNode:node_modules/mkdirp Completed in 10964ms
2515 http fetch GET 200 https://registry.npmjs.org/jsonparse/-/jsonparse-1.3.1.tgz 10354ms (cache miss)
2516 http fetch GET 200 https://registry.npmjs.org/jest-cli/-/jest-cli-29.7.0.tgz 10324ms (cache miss)
2517 timing reifyNode:node_modules/jest-cli Completed in 10961ms
2518 http fetch GET 200 https://registry.npmjs.org/is-string/-/is-string-1.0.7.tgz 10317ms (cache miss)
2519 timing reifyNode:node_modules/is-string Completed in 10962ms
2520 http fetch GET 200 https://registry.npmjs.org/is-shared-array-buffer/-/is-shared-array-buffer-1.0.3.tgz 10317ms (cache miss)
2521 timing reifyNode:node_modules/is-shared-array-buffer Completed in 10963ms
2522 http fetch GET 200 https://registry.npmjs.org/is-negative-zero/-/is-negative-zero-2.0.3.tgz 10310ms (cache miss)
2523 timing reifyNode:node_modules/is-negative-zero Completed in 10962ms
2524 http fetch GET 200 https://registry.npmjs.org/ipaddr.js/-/ipaddr.js-1.9.1.tgz 10301ms (cache miss)
2525 timing reifyNode:node_modules/ipaddr.js Completed in 10960ms
2526 http fetch GET 200 https://registry.npmjs.org/globby/-/globby-11.1.0.tgz 10273ms (cache miss)
2527 timing reifyNode:node_modules/globby Completed in 10958ms
2528 http fetch GET 200 https://registry.npmjs.org/get-symbol-description/-/get-symbol-description-1.0.2.tgz 10269ms (cache miss)
2529 timing reifyNode:node_modules/get-symbol-description Completed in 10957ms
2530 http fetch GET 200 https://registry.npmjs.org/function-bind/-/function-bind-1.1.2.tgz 10263ms (cache miss)
2531 timing reifyNode:node_modules/function-bind Completed in 10957ms
2532 timing reifyNode:node_modules/fastest-levenshtein Completed in 10955ms
2533 http fetch GET 200 https://registry.npmjs.org/emittery/-/emittery-0.13.1.tgz 10219ms (cache miss)
2534 timing reifyNode:node_modules/emittery Completed in 10954ms
2535 http fetch GET 200 https://registry.npmjs.org/es-define-property/-/es-define-property-1.0.0.tgz 10226ms (cache miss)
2536 timing reifyNode:node_modules/es-define-property Completed in 10957ms
2537 http fetch GET 200 https://registry.npmjs.org/deepmerge/-/deepmerge-4.3.1.tgz 10210ms (cache miss)
2538 timing reifyNode:node_modules/deepmerge Completed in 10953ms
2539 http fetch GET 200 https://registry.npmjs.org/create-jest/-/create-jest-29.7.0.tgz 10201ms (cache miss)
2540 timing reifyNode:node_modules/create-jest Completed in 10953ms
2541 http fetch GET 200 https://registry.npmjs.org/are-we-there-yet/-/are-we-there-yet-3.0.1.tgz 10157ms (cache miss)
2542 timing reifyNode:node_modules/are-we-there-yet Completed in 10949ms
2543 http fetch GET 200 https://registry.npmjs.org/agent-base/-/agent-base-6.0.2.tgz 10148ms (cache miss)
2544 timing reifyNode:node_modules/agent-base Completed in 10948ms
2545 http fetch GET 200 https://registry.npmjs.org/@nodelib/fs.stat/-/fs.stat-2.0.5.tgz 10101ms (cache miss)
2546 http fetch GET 200 https://registry.npmjs.org/@jest/expect-utils/-/expect-utils-29.7.0.tgz 10090ms (cache miss)
2547 timing reifyNode:node_modules/@jest/expect-utils Completed in 10940ms
2548 http fetch GET 200 https://registry.npmjs.org/@babel/code-frame/-/code-frame-7.24.2.tgz 10050ms (cache miss)
2549 timing reifyNode:node_modules/@babel/code-frame Completed in 10934ms
2550 http fetch GET 200 https://registry.npmjs.org/cookie/-/cookie-0.4.2.tgz 10047ms (cache miss)
2551 timing reifyNode:node_modules/youch/node_modules/cookie Completed in 11035ms
2552 http fetch GET 200 https://registry.npmjs.org/json-schema-traverse/-/json-schema-traverse-1.0.0.tgz 10007ms (cache miss)
2553 http fetch GET 200 https://registry.npmjs.org/minimatch/-/minimatch-5.1.6.tgz 9991ms (cache miss)
2554 timing reifyNode:node_modules/node-gyp/node_modules/cacache/node_modules/minimatch Completed in 11003ms
2555 timing reifyNode:node_modules/uc.micro Completed in 11063ms
2556 http fetch GET 200 https://registry.npmjs.org/side-channel/-/side-channel-1.0.6.tgz 10610ms (cache miss)
2557 timing reifyNode:node_modules/side-channel Completed in 11054ms
2558 http fetch GET 200 https://registry.npmjs.org/object.groupby/-/object.groupby-1.0.3.tgz 10516ms (cache miss)
2559 timing reifyNode:node_modules/object.groupby Completed in 11039ms
2560 http fetch GET 200 https://registry.npmjs.org/minipass/-/minipass-3.3.4.tgz 10460ms (cache miss)
2561 timing reifyNode:node_modules/minipass Completed in 11035ms
2562 http fetch GET 200 https://registry.npmjs.org/flat-cache/-/flat-cache-3.2.0.tgz 10321ms (cache miss)
2563 timing reifyNode:node_modules/flat-cache Completed in 11022ms
2564 http fetch GET 200 https://registry.npmjs.org/fast-safe-stringify/-/fast-safe-stringify-2.1.1.tgz 10315ms (cache miss)
2565 timing reifyNode:node_modules/fast-safe-stringify Completed in 11022ms
2566 http fetch GET 200 https://registry.npmjs.org/cross-spawn/-/cross-spawn-7.0.3.tgz 10270ms (cache miss)
2567 timing reifyNode:node_modules/cross-spawn Completed in 11018ms
2568 http fetch GET 200 https://registry.npmjs.org/nopt/-/nopt-6.0.0.tgz 10057ms (cache miss)
2569 timing reifyNode:node_modules/node-gyp/node_modules/nopt Completed in 11062ms
2570 http fetch GET 200 https://registry.npmjs.org/@jridgewell/sourcemap-codec/-/sourcemap-codec-1.4.15.tgz 10175ms (cache miss)
2571 timing reifyNode:node_modules/@jridgewell/sourcemap-codec Completed in 11016ms
2572 http fetch GET 200 https://registry.npmjs.org/@fastify/fast-json-stringify-compiler/-/fast-json-stringify-compiler-4.3.0.tgz 10159ms (cache miss)
2573 http fetch GET 200 https://registry.npmjs.org/@babel/helper-string-parser/-/helper-string-parser-7.24.1.tgz 10135ms (cache miss)
2574 timing reifyNode:node_modules/@babel/helper-string-parser Completed in 11014ms
2575 timing reifyNode:node_modules/agentkeepalive/node_modules/depd Completed in 11035ms
2576 http fetch GET 200 https://registry.npmjs.org/color-convert/-/color-convert-1.9.3.tgz 9992ms (cache miss)
2577 timing reifyNode:node_modules/@babel/highlight/node_modules/color-convert Completed in 11022ms
2578 http fetch GET 200 https://registry.npmjs.org/@rails/ujs/-/ujs-7.1.3-2.tgz 10197ms (cache miss)
2579 timing reifyNode:node_modules/@rails/ujs Completed in 11031ms
2580 http fetch GET 200 https://registry.npmjs.org/brace-expansion 8635ms (cache miss)
2581 timing metavuln:packument:brace-expansion Completed in 8636ms
2582 timing metavuln:load:security-advisory:brace-expansion:1105443 Completed in 1ms
2583 timing metavuln:load:security-advisory:brace-expansion:1105444 Completed in 1ms
2584 http fetch GET 200 https://registry.npmjs.org/typed-array-length/-/typed-array-length-1.0.6.tgz 10727ms (cache miss)
2585 timing reifyNode:node_modules/typed-array-length Completed in 11133ms
2586 http fetch GET 200 https://registry.npmjs.org/postcss-value-parser/-/postcss-value-parser-4.2.0.tgz 10620ms (cache miss)
2587 timing reifyNode:node_modules/postcss-value-parser Completed in 11113ms
2588 http fetch GET 200 https://registry.npmjs.org/normalize-package-data/-/normalize-package-data-5.0.0.tgz 10570ms (cache miss)
2589 timing reifyNode:node_modules/normalize-package-data Completed in 11104ms
2590 http fetch GET 200 https://registry.npmjs.org/js-cookie/-/js-cookie-3.0.5.tgz 10481ms (cache miss)
2591 timing reifyNode:node_modules/js-cookie Completed in 11100ms
2592 http fetch GET 200 https://registry.npmjs.org/jest-each/-/jest-each-29.7.0.tgz 10465ms (cache miss)
2593 timing reifyNode:node_modules/jest-each Completed in 11100ms
2594 http fetch GET 200 https://registry.npmjs.org/is-callable/-/is-callable-1.2.7.tgz 10440ms (cache miss)
2595 timing reifyNode:node_modules/is-callable Completed in 11097ms
2596 http fetch GET 200 https://registry.npmjs.org/fastq/-/fastq-1.17.1.tgz 10387ms (cache miss)
2597 http fetch GET 200 https://registry.npmjs.org/editorconfig/-/editorconfig-1.0.4.tgz 10352ms (cache miss)
2598 timing reifyNode:node_modules/editorconfig Completed in 11088ms
2599 http fetch GET 200 https://registry.npmjs.org/call-bind/-/call-bind-1.0.7.tgz 10313ms (cache miss)
2600 timing reifyNode:node_modules/call-bind Completed in 11085ms
2601 http fetch GET 200 https://registry.npmjs.org/available-typed-arrays/-/available-typed-arrays-1.0.7.tgz 10297ms (cache miss)
2602 timing reifyNode:node_modules/available-typed-arrays Completed in 11082ms
2603 http fetch GET 200 https://registry.npmjs.org/asap/-/asap-2.0.6.tgz 10297ms (cache miss)
2604 timing reifyNode:node_modules/asap Completed in 11084ms
2605 http fetch GET 200 https://registry.npmjs.org/ssri/-/ssri-8.0.1.tgz 10161ms (cache miss)
2606 timing reifyNode:node_modules/sqlite3/node_modules/ssri Completed in 11155ms
2607 http fetch GET 200 https://registry.npmjs.org/json-schema-traverse/-/json-schema-traverse-1.0.0.tgz 10149ms (cache miss)
2608 http fetch GET 200 https://registry.npmjs.org/json-schema-traverse/-/json-schema-traverse-1.0.0.tgz 10063ms (cache miss)
2609 http fetch GET 200 https://registry.npmjs.org/json-schema-traverse/-/json-schema-traverse-1.0.0.tgz 10038ms (cache miss)
2610 http fetch GET 200 https://registry.npmjs.org/json-schema-traverse/-/json-schema-traverse-1.0.0.tgz 10046ms (cache miss)
2611 http fetch GET 200 https://registry.npmjs.org/@jridgewell/resolve-uri/-/resolve-uri-3.1.2.tgz 10238ms (cache miss)
2612 timing reifyNode:node_modules/@jridgewell/resolve-uri Completed in 11080ms
2613 timing reifyNode:node_modules/@fastify/fast-json-stringify-compiler Completed in 11079ms
2614 http fetch GET 200 https://registry.npmjs.org/@sigstore/bundle/-/bundle-1.1.0.tgz 10252ms (cache miss)
2615 http fetch GET 200 https://registry.npmjs.org/@humanwhocodes/object-schema/-/object-schema-2.0.3.tgz 10230ms (cache miss)
2616 timing reifyNode:node_modules/@humanwhocodes/object-schema Completed in 11083ms
2617 http fetch GET 200 https://registry.npmjs.org/eslint-visitor-keys/-/eslint-visitor-keys-4.0.0.tgz 10094ms (cache miss)
2618 timing reifyNode:node_modules/espree/node_modules/eslint-visitor-keys Completed in 11112ms
2619 http fetch GET 200 https://registry.npmjs.org/globals/-/globals-13.24.0.tgz 10090ms (cache miss)
2620 timing reifyNode:node_modules/eslint/node_modules/globals Completed in 11112ms
2621 http fetch GET 200 https://registry.npmjs.org/json-parse-even-better-errors/-/json-parse-even-better-errors-3.0.1.tgz 10162ms (cache miss)
2622 timing reifyNode:node_modules/read-package-json-fast/node_modules/json-parse-even-better-errors Completed in 11158ms
2623 http fetch GET 200 https://registry.npmjs.org/secure-json-parse/-/secure-json-parse-2.7.0.tgz 10714ms (cache miss)
2624 http fetch GET 200 https://registry.npmjs.org/pino-abstract-transport/-/pino-abstract-transport-1.2.0.tgz 10661ms (cache miss)
2625 http fetch GET 200 https://registry.npmjs.org/micromatch/-/micromatch-4.0.5.tgz 10562ms (cache miss)
2626 timing reifyNode:node_modules/micromatch Completed in 11151ms
2627 timing reifyNode:node_modules/jsonparse Completed in 11151ms
2628 http fetch GET 200 https://registry.npmjs.org/get-intrinsic/-/get-intrinsic-1.2.4.tgz 10453ms (cache miss)
2629 timing reifyNode:node_modules/get-intrinsic Completed in 11143ms
2630 http fetch GET 200 https://registry.npmjs.org/es-errors/-/es-errors-1.3.0.tgz 10408ms (cache miss)
2631 http fetch GET 200 https://registry.npmjs.org/constantinople/-/constantinople-4.0.1.tgz 10381ms (cache miss)
2632 timing reifyNode:node_modules/constantinople Completed in 11136ms
2633 http fetch GET 200 https://registry.npmjs.org/close-with-grace/-/close-with-grace-1.1.0.tgz 10375ms (cache miss)
2634 timing reifyNode:node_modules/close-with-grace Completed in 11135ms
2635 timing reifyNode:node_modules/@nodelib/fs.stat Completed in 11122ms
2636 timing reifyNode:node_modules/objection/node_modules/json-schema-traverse Completed in 11181ms
2637 http fetch GET 200 https://registry.npmjs.org/ssri/-/ssri-9.0.1.tgz 10172ms (cache miss)
2638 timing reifyNode:node_modules/node-gyp/node_modules/ssri Completed in 11177ms
2639 timing reifyNode:node_modules/schema-utils/node_modules/json-schema-traverse Completed in 11201ms
2640 http fetch GET 200 https://registry.npmjs.org/@pnpm/npm-conf/-/npm-conf-1.0.5.tgz 10298ms (cache miss)
2641 timing reifyNode:node_modules/@pnpm/npm-conf Completed in 11134ms
2642 http fetch GET 200 https://registry.npmjs.org/@fastify/formbody/-/formbody-7.4.0.tgz 10282ms (cache miss)
2643 http fetch GET 200 https://registry.npmjs.org/ip 8737ms (cache miss)
2644 timing metavuln:packument:ip Completed in 8738ms
2645 timing metavuln:load:security-advisory:ip:1101851 Completed in 0ms
2646 timing metavuln:load:security-advisory:ip:1097721 Completed in 0ms
2647 http fetch GET 200 https://registry.npmjs.org/tuf-js/-/tuf-js-1.1.7.tgz 10826ms (cache miss)
2648 timing reifyNode:node_modules/tuf-js Completed in 11237ms
2649 http fetch GET 200 https://registry.npmjs.org/pg-types/-/pg-types-2.2.0.tgz 10713ms (cache miss)
2650 timing reifyNode:node_modules/pg-types Completed in 11215ms
2651 http fetch GET 200 https://registry.npmjs.org/objection-unique/-/objection-unique-1.2.2.tgz 10691ms (cache miss)
2652 timing reifyNode:node_modules/objection-unique Completed in 11213ms
2653 http fetch GET 200 https://registry.npmjs.org/minipass-fetch/-/minipass-fetch-3.0.4.tgz 10636ms (cache miss)
2654 timing reifyNode:node_modules/minipass-fetch Completed in 11206ms
2655 http fetch GET 200 https://registry.npmjs.org/is-array-buffer/-/is-array-buffer-3.0.4.tgz 10543ms (cache miss)
2656 timing reifyNode:node_modules/is-array-buffer Completed in 11202ms
2657 http fetch GET 200 https://registry.npmjs.org/inflection/-/inflection-1.13.4.tgz 10537ms (cache miss)
2658 timing reifyNode:node_modules/inflection Completed in 11202ms
2659 http fetch GET 200 https://registry.npmjs.org/@babel%2fhelpers 8765ms (cache miss)
2660 timing metavuln:packument:@babel/helpers Completed in 8766ms
2661 timing metavuln:load:security-advisory:@babel/helpers:1104001 Completed in 3ms
2662 timing reifyNode:node_modules/fastq Completed in 11202ms
2663 http fetch GET 200 https://registry.npmjs.org/arraybuffer.prototype.slice/-/arraybuffer.prototype.slice-1.0.3.tgz 10405ms (cache miss)
2664 timing reifyNode:node_modules/arraybuffer.prototype.slice Completed in 11193ms
2665 http fetch GET 200 https://registry.npmjs.org/emoji-regex/-/emoji-regex-9.2.2.tgz 10287ms (cache miss)
2666 timing reifyNode:node_modules/widest-line/node_modules/emoji-regex Completed in 11275ms
2667 http fetch GET 200 https://registry.npmjs.org/minimatch/-/minimatch-5.1.6.tgz 10212ms (cache miss)
2668 timing reifyNode:node_modules/help-me/node_modules/minimatch Completed in 11221ms
2669 http fetch GET 200 https://registry.npmjs.org/@sigstore/tuf/-/tuf-1.0.3.tgz 10362ms (cache miss)
2670 timing reifyNode:node_modules/ajv-formats/node_modules/json-schema-traverse Completed in 11211ms
2671 timing reifyNode:node_modules/@fastify/ajv-compiler/node_modules/json-schema-traverse Completed in 11199ms
2672 timing reifyNode:node_modules/fast-json-stringify/node_modules/json-schema-traverse Completed in 11230ms
2673 http fetch GET 200 https://registry.npmjs.org/braces 8797ms (cache miss)
2674 timing metavuln:packument:braces Completed in 8798ms
2675 timing metavuln:load:security-advisory:braces:1098094 Completed in 1ms
2676 http fetch GET 200 https://registry.npmjs.org/dottie 8797ms (cache miss)
2677 timing metavuln:packument:dottie Completed in 8798ms
2678 timing metavuln:load:security-advisory:dottie:1113536 Completed in 0ms
2679 http fetch GET 200 https://registry.npmjs.org/timers-ext/-/timers-ext-0.1.7.tgz 10879ms (cache miss)
2680 http fetch GET 200 https://registry.npmjs.org/string.prototype.trimend/-/string.prototype.trimend-1.0.8.tgz 10861ms (cache miss)
2681 timing reifyNode:node_modules/string.prototype.trimend Completed in 11293ms
2682 http fetch GET 200 https://registry.npmjs.org/tarn/-/tarn-3.0.2.tgz 10870ms (cache miss)
2683 timing reifyNode:node_modules/tarn Completed in 11294ms
2684 http fetch GET 200 https://registry.npmjs.org/pug/-/pug-3.0.2.tgz 10795ms (cache miss)
2685 timing reifyNode:node_modules/pug Completed in 11280ms
2686 timing reifyNode:node_modules/pino-abstract-transport Completed in 11276ms
2687 http fetch GET 200 https://registry.npmjs.org/optionator/-/optionator-0.9.3.tgz 10752ms (cache miss)
2688 timing reifyNode:node_modules/optionator Completed in 11272ms
2689 http fetch GET 200 https://registry.npmjs.org/json-schema-ref-resolver/-/json-schema-ref-resolver-1.0.1.tgz 10650ms (cache miss)
2690 http fetch GET 200 https://registry.npmjs.org/prebuild-install/-/prebuild-install-7.1.2.tgz 10792ms (cache miss)
2691 timing reifyNode:node_modules/prebuild-install Completed in 11283ms
2692 http fetch GET 200 https://registry.npmjs.org/jest-mock/-/jest-mock-29.7.0.tgz 10629ms (cache miss)
2693 timing reifyNode:node_modules/jest-mock Completed in 11263ms
2694 http fetch GET 200 https://registry.npmjs.org/istanbul-lib-coverage/-/istanbul-lib-coverage-3.2.2.tgz 10622ms (cache miss)
2695 timing reifyNode:node_modules/istanbul-lib-coverage Completed in 11263ms
2696 http fetch GET 200 https://registry.npmjs.org/is-regex/-/is-regex-1.1.4.tgz 10615ms (cache miss)
2697 timing reifyNode:node_modules/is-regex Completed in 11262ms
2698 http fetch GET 200 https://registry.npmjs.org/istanbul-lib-source-maps/-/istanbul-lib-source-maps-4.0.1.tgz 10608ms (cache miss)
2699 timing reifyNode:node_modules/istanbul-lib-source-maps Completed in 11264ms
2700 http fetch GET 200 https://registry.npmjs.org/has-tostringtag/-/has-tostringtag-1.0.2.tgz 10582ms (cache miss)
2701 timing reifyNode:node_modules/has-tostringtag Completed in 11258ms
2702 http fetch GET 200 https://registry.npmjs.org/fast-json-stable-stringify/-/fast-json-stable-stringify-2.1.0.tgz 10542ms (cache miss)
2703 timing reifyNode:node_modules/fast-json-stable-stringify Completed in 11255ms
2704 http fetch GET 200 https://registry.npmjs.org/fast-content-type-parse/-/fast-content-type-parse-1.1.0.tgz 10541ms (cache miss)
2705 timing reifyNode:node_modules/es-errors Completed in 11254ms
2706 http fetch GET 200 https://registry.npmjs.org/array.prototype.flat/-/array.prototype.flat-1.3.2.tgz 10456ms (cache miss)
2707 timing reifyNode:node_modules/array.prototype.flat Completed in 11245ms
2708 http fetch GET 200 https://registry.npmjs.org/array.prototype.flatmap/-/array.prototype.flatmap-1.3.2.tgz 10457ms (cache miss)
2709 timing reifyNode:node_modules/array.prototype.flatmap Completed in 11246ms
2710 http fetch GET 200 https://registry.npmjs.org/@types/jest/-/jest-29.5.12.tgz 10419ms (cache miss)
2711 timing reifyNode:node_modules/@types/jest Completed in 11243ms
2712 timing reifyNode:node_modules/@sigstore/tuf Completed in 11251ms
2713 http fetch GET 200 https://registry.npmjs.org/@fastify/error/-/error-3.4.1.tgz 10388ms (cache miss)
2714 http fetch GET 200 https://registry.npmjs.org/@humanwhocodes/config-array/-/config-array-0.11.14.tgz 10394ms (cache miss)
2715 timing reifyNode:node_modules/@humanwhocodes/config-array Completed in 11247ms
2716 http fetch GET 200 https://registry.npmjs.org/@webassemblyjs/leb128/-/leb128-1.11.6.tgz 10450ms (cache miss)
2717 timing reifyNode:node_modules/@webassemblyjs/leb128 Completed in 11258ms
2718 timing reifyNode:node_modules/@sigstore/bundle Completed in 11252ms
2719 timing reifyNode:node_modules/@fastify/formbody Completed in 11253ms
2720 http fetch GET 200 https://registry.npmjs.org/pug-code-gen 8846ms (cache miss)
2721 timing metavuln:packument:pug-code-gen Completed in 8847ms
2722 timing metavuln:load:security-advisory:pug-code-gen:1104107 Completed in 0ms
2723 http fetch GET 200 https://registry.npmjs.org/v8-to-istanbul/-/v8-to-istanbul-9.2.0.tgz 10956ms (cache miss)
2724 timing reifyNode:node_modules/v8-to-istanbul Completed in 11351ms
2725 http fetch GET 200 https://registry.npmjs.org/string.prototype.trim/-/string.prototype.trim-1.2.9.tgz 10914ms (cache miss)
2726 timing reifyNode:node_modules/string.prototype.trim Completed in 11346ms
2727 timing reifyNode:node_modules/secure-json-parse Completed in 11337ms
2728 http fetch GET 200 https://registry.npmjs.org/jest-runtime/-/jest-runtime-29.7.0.tgz 10690ms (cache miss)
2729 timing reifyNode:node_modules/jest-runtime Completed in 11317ms
2730 http fetch GET 200 https://registry.npmjs.org/has-symbols/-/has-symbols-1.0.3.tgz 10634ms (cache miss)
2731 timing reifyNode:node_modules/has-symbols Completed in 11310ms
2732 timing reifyNode:node_modules/fast-content-type-parse Completed in 11306ms
2733 http fetch GET 200 https://registry.npmjs.org/event-emitter/-/event-emitter-0.3.5.tgz 10589ms (cache miss)
2734 http fetch GET 200 https://registry.npmjs.org/es6-symbol/-/es6-symbol-3.1.4.tgz 10580ms (cache miss)
2735 timing reifyNode:node_modules/es6-symbol Completed in 11308ms
2736 http fetch GET 200 https://registry.npmjs.org/debug/-/debug-4.3.4.tgz 10559ms (cache miss)
2737 timing reifyNode:node_modules/debug Completed in 11304ms
2738 http fetch GET 200 https://registry.npmjs.org/cli-table3/-/cli-table3-0.6.4.tgz 10540ms (cache miss)
2739 timing reifyNode:node_modules/cli-table3 Completed in 11302ms
2740 http fetch GET 200 https://registry.npmjs.org/chalk/-/chalk-4.1.2.tgz 10530ms (cache miss)
2741 timing reifyNode:node_modules/chalk Completed in 11301ms
2742 http fetch GET 200 https://registry.npmjs.org/array.prototype.findlastindex/-/array.prototype.findlastindex-1.2.5.tgz 10510ms (cache miss)
2743 timing reifyNode:node_modules/array.prototype.findlastindex Completed in 11300ms
2744 http fetch GET 200 https://registry.npmjs.org/@types/babel__traverse/-/babel__traverse-7.20.5.tgz 10467ms (cache miss)
2745 timing reifyNode:node_modules/@types/babel__traverse Completed in 11293ms
2746 http fetch GET 200 https://registry.npmjs.org/commander/-/commander-2.20.3.tgz 10383ms (cache miss)
2747 timing reifyNode:node_modules/terser/node_modules/commander Completed in 11376ms
2748 http fetch GET 200 https://registry.npmjs.org/minipass/-/minipass-5.0.0.tgz 10351ms (cache miss)
2749 timing reifyNode:node_modules/pacote/node_modules/minipass Completed in 11352ms
2750 http fetch GET 200 https://registry.npmjs.org/glob/-/glob-8.1.0.tgz 10334ms (cache miss)
2751 timing reifyNode:node_modules/node-gyp/node_modules/cacache/node_modules/glob Completed in 11347ms
2752 http fetch GET 200 https://registry.npmjs.org/minipass-fetch/-/minipass-fetch-2.1.2.tgz 10340ms (cache miss)
2753 timing reifyNode:node_modules/node-gyp/node_modules/minipass-fetch Completed in 11350ms
2754 http fetch GET 200 https://registry.npmjs.org/@jest/types/-/types-29.6.3.tgz 10461ms (cache miss)
2755 timing reifyNode:node_modules/@jest/types Completed in 11303ms
2756 http fetch GET 200 https://registry.npmjs.org/@pnpm/network.ca-file/-/network.ca-file-1.0.1.tgz 10469ms (cache miss)
2757 http fetch GET 200 https://registry.npmjs.org/@types/yargs/-/yargs-17.0.32.tgz 10499ms (cache miss)
2758 timing reifyNode:node_modules/@types/yargs Completed in 11312ms
2759 http fetch GET 200 https://registry.npmjs.org/watchpack/-/watchpack-2.4.1.tgz 11010ms (cache miss)
2760 timing reifyNode:node_modules/watchpack Completed in 11402ms
2761 http fetch GET 200 https://registry.npmjs.org/which-typed-array/-/which-typed-array-1.1.15.tgz 11016ms (cache miss)
2762 timing reifyNode:node_modules/which-typed-array Completed in 11405ms
2763 http fetch GET 200 https://registry.npmjs.org/string.prototype.trimstart/-/string.prototype.trimstart-1.0.8.tgz 10969ms (cache miss)
2764 timing reifyNode:node_modules/string.prototype.trimstart Completed in 11401ms
2765 http fetch GET 200 https://registry.npmjs.org/istanbul-lib-instrument/-/istanbul-lib-instrument-6.0.2.tgz 10727ms (cache miss)
2766 timing reifyNode:node_modules/istanbul-lib-instrument Completed in 11368ms
2767 http fetch GET 200 https://registry.npmjs.org/bl/-/bl-4.1.0.tgz 10573ms (cache miss)
2768 timing reifyNode:node_modules/bl Completed in 11349ms
2769 http fetch GET 200 https://registry.npmjs.org/agentkeepalive/-/agentkeepalive-4.2.1.tgz 10551ms (cache miss)
2770 timing reifyNode:node_modules/agentkeepalive Completed in 11347ms
2771 http fetch GET 200 https://registry.npmjs.org/array-includes/-/array-includes-3.1.8.tgz 10559ms (cache miss)
2772 timing reifyNode:node_modules/array-includes Completed in 11351ms
2773 http fetch GET 200 https://registry.npmjs.org/buffer/-/buffer-6.0.3.tgz 10405ms (cache miss)
2774 timing reifyNode:node_modules/pino-pretty/node_modules/buffer Completed in 11402ms
2775 http fetch GET 200 https://registry.npmjs.org/@ampproject/remapping/-/remapping-2.3.0.tgz 10452ms (cache miss)
2776 http fetch GET 200 https://registry.npmjs.org/@npmcli/git/-/git-4.1.0.tgz 10509ms (cache miss)
2777 timing reifyNode:node_modules/@npmcli/git Completed in 11348ms
2778 http fetch GET 200 https://registry.npmjs.org/@ungap/structured-clone/-/structured-clone-1.2.0.tgz 10545ms (cache miss)
2779 timing reifyNode:node_modules/@ungap/structured-clone Completed in 11357ms
2780 http fetch GET 200 https://registry.npmjs.org/@sinonjs/fake-timers/-/fake-timers-10.3.0.tgz 10524ms (cache miss)
2781 timing reifyNode:node_modules/@sinonjs/fake-timers Completed in 11352ms
2782 http fetch GET 200 https://registry.npmjs.org/@jridgewell/gen-mapping/-/gen-mapping-0.3.5.tgz 10507ms (cache miss)
2783 timing reifyNode:node_modules/@jridgewell/gen-mapping Completed in 11351ms
2784 timing reifyNode:node_modules/@fastify/error Completed in 11348ms
2785 http fetch GET 200 https://registry.npmjs.org/@sindresorhus/is/-/is-5.3.0.tgz 10523ms (cache miss)
2786 timing reifyNode:node_modules/@sindresorhus/is Completed in 11355ms
2787 http fetch GET 200 https://registry.npmjs.org/@babel/compat-data/-/compat-data-7.24.4.tgz 10460ms (cache miss)
2788 timing reifyNode:node_modules/@babel/compat-data Completed in 11345ms
2789 http fetch GET 200 https://registry.npmjs.org/fastify-plugin/-/fastify-plugin-4.2.0.tgz 10329ms (cache miss)
2790 http fetch GET 200 https://registry.npmjs.org/cross-spawn 8950ms (cache miss)
2791 timing metavuln:packument:cross-spawn Completed in 8952ms
2792 timing metavuln:load:security-advisory:cross-spawn:1104664 Completed in 1ms
2793 http fetch GET 200 https://registry.npmjs.org/cookie 8958ms (cache miss)
2794 timing metavuln:packument:cookie Completed in 8959ms
2795 timing metavuln:load:security-advisory:cookie:1103907 Completed in 0ms
2796 timing reifyNode:node_modules/timers-ext Completed in 11455ms
2797 http fetch GET 200 https://registry.npmjs.org/sprintf-js/-/sprintf-js-1.0.3.tgz 11018ms (cache miss)
2798 timing reifyNode:node_modules/sprintf-js Completed in 11453ms
2799 http fetch GET 200 https://registry.npmjs.org/retry/-/retry-0.12.0.tgz 10983ms (cache miss)
2800 timing reifyNode:node_modules/retry Completed in 11442ms
2801 http fetch GET 200 https://registry.npmjs.org/nanoid/-/nanoid-3.3.7.tgz 10872ms (cache miss)
2802 timing reifyNode:node_modules/json-schema-ref-resolver Completed in 11423ms
2803 http fetch GET 200 https://registry.npmjs.org/jest-validate/-/jest-validate-29.7.0.tgz 10799ms (cache miss)
2804 timing reifyNode:node_modules/jest-validate Completed in 11424ms
2805 http fetch GET 200 https://registry.npmjs.org/globalthis/-/globalthis-1.0.3.tgz 10736ms (cache miss)
2806 timing reifyNode:node_modules/globalthis Completed in 11422ms
2807 http fetch GET 200 https://registry.npmjs.org/fastify-plugin/-/fastify-plugin-3.0.1.tgz 10714ms (cache miss)
2808 http fetch GET 200 https://registry.npmjs.org/es6-iterator/-/es6-iterator-2.0.3.tgz 10689ms (cache miss)
2809 http fetch GET 200 https://registry.npmjs.org/browserslist/-/browserslist-4.23.0.tgz 10635ms (cache miss)
2810 timing reifyNode:node_modules/browserslist Completed in 11409ms
2811 http fetch GET 200 https://registry.npmjs.org/emoji-regex/-/emoji-regex-9.2.2.tgz 10505ms (cache miss)
2812 timing reifyNode:node_modules/wrap-ansi/node_modules/emoji-regex Completed in 11490ms
2813 http fetch GET 200 https://registry.npmjs.org/emoji-regex/-/emoji-regex-9.2.2.tgz 10373ms (cache miss)
2814 timing reifyNode:node_modules/@isaacs/cliui/node_modules/emoji-regex Completed in 11398ms
2815 http fetch GET 200 https://registry.npmjs.org/emoji-regex/-/emoji-regex-9.2.2.tgz 10389ms (cache miss)
2816 timing reifyNode:node_modules/boxen/node_modules/emoji-regex Completed in 11414ms
2817 http fetch GET 200 https://registry.npmjs.org/glob/-/glob-7.2.3.tgz 10493ms (cache miss)
2818 timing reifyNode:node_modules/test-exclude/node_modules/glob Completed in 11485ms
2819 http fetch GET 200 https://registry.npmjs.org/fastify-plugin/-/fastify-plugin-2.3.4.tgz 10416ms (cache miss)
2820 http fetch GET 200 https://registry.npmjs.org/minipass-fetch/-/minipass-fetch-1.4.1.tgz 10490ms (cache miss)
2821 timing reifyNode:node_modules/sqlite3/node_modules/minipass-fetch Completed in 11486ms
2822 http fetch GET 200 https://registry.npmjs.org/@npmcli/fs/-/fs-3.1.0.tgz 10568ms (cache miss)
2823 timing reifyNode:node_modules/@npmcli/fs Completed in 11407ms
2824 http fetch GET 200 https://registry.npmjs.org/@jest/transform/-/transform-29.7.0.tgz 10564ms (cache miss)
2825 timing reifyNode:node_modules/@jest/transform Completed in 11407ms
2826 http fetch GET 200 https://registry.npmjs.org/cliui/-/cliui-7.0.4.tgz 10490ms (cache miss)
2827 timing reifyNode:node_modules/sequelize-cli/node_modules/cliui Completed in 11488ms
2828 http fetch GET 200 https://registry.npmjs.org/source-map-support/-/source-map-support-0.5.13.tgz 11057ms (cache miss)
2829 timing reifyNode:node_modules/source-map-support Completed in 11499ms
2830 http fetch GET 200 https://registry.npmjs.org/sequelize-pool/-/sequelize-pool-7.1.0.tgz 11040ms (cache miss)
2831 timing reifyNode:node_modules/sequelize-pool Completed in 11494ms
2832 http fetch GET 200 https://registry.npmjs.org/process-warning/-/process-warning-3.0.0.tgz 10997ms (cache miss)
2833 http fetch GET 200 https://registry.npmjs.org/npm-registry-fetch/-/npm-registry-fetch-14.0.5.tgz 10950ms (cache miss)
2834 timing reifyNode:node_modules/npm-registry-fetch Completed in 11479ms
2835 http fetch GET 200 https://registry.npmjs.org/istanbul-lib-report/-/istanbul-lib-report-3.0.1.tgz 10830ms (cache miss)
2836 timing reifyNode:node_modules/istanbul-lib-report Completed in 11470ms
2837 timing reifyNode:node_modules/event-emitter Completed in 11460ms
2838 http fetch GET 200 https://registry.npmjs.org/es-to-primitive/-/es-to-primitive-1.2.1.tgz 10732ms (cache miss)
2839 timing reifyNode:node_modules/es-to-primitive Completed in 11461ms
2840 http fetch GET 200 https://registry.npmjs.org/@babel/helper-module-imports/-/helper-module-imports-7.24.3.tgz 10554ms (cache miss)
2841 timing reifyNode:node_modules/@babel/helper-module-imports Completed in 11436ms
2842 timing reifyNode:node_modules/fastify-error-page/node_modules/fastify-plugin Completed in 11474ms
2843 timing reifyNode:node_modules/@ampproject/remapping Completed in 11438ms
2844 timing reifyNode:node_modules/@pnpm/network.ca-file Completed in 11449ms
2845 http fetch GET 200 https://registry.npmjs.org/semver/-/semver-6.3.1.tgz 10438ms (cache miss)
2846 timing reifyNode:node_modules/babel-plugin-istanbul/node_modules/semver Completed in 11464ms
2847 http fetch GET 200 https://registry.npmjs.org/pug 9044ms (cache miss)
2848 timing metavuln:packument:pug Completed in 9045ms
2849 timing metavuln:load:security-advisory:pug:1104111 Completed in 2ms
2850 http fetch GET 200 https://registry.npmjs.org/object.values/-/object.values-1.2.0.tgz 10999ms (cache miss)
2851 timing reifyNode:node_modules/object.values Completed in 11524ms
2852 http fetch GET 200 https://registry.npmjs.org/object.entries/-/object.entries-1.1.8.tgz 10998ms (cache miss)
2853 timing reifyNode:node_modules/object.entries Completed in 11523ms
2854 http fetch GET 200 https://registry.npmjs.org/mime-db/-/mime-db-1.52.0.tgz 10929ms (cache miss)
2855 timing reifyNode:node_modules/mime-db Completed in 11516ms
2856 http fetch GET 200 https://registry.npmjs.org/minimist/-/minimist-1.2.6.tgz 10947ms (cache miss)
2857 timing reifyNode:node_modules/minimist Completed in 11522ms
2858 http fetch GET 200 https://registry.npmjs.org/globals/-/globals-15.0.0.tgz 10825ms (cache miss)
2859 timing reifyNode:node_modules/globals Completed in 11511ms
2860 http fetch GET 200 https://registry.npmjs.org/function.prototype.name/-/function.prototype.name-1.1.6.tgz 10817ms (cache miss)
2861 timing reifyNode:node_modules/function.prototype.name Completed in 11510ms
2862 http fetch GET 200 https://registry.npmjs.org/source-map-support/-/source-map-support-0.5.21.tgz 10596ms (cache miss)
2863 timing reifyNode:node_modules/terser/node_modules/source-map-support Completed in 11590ms
2864 http fetch GET 200 https://registry.npmjs.org/minipass/-/minipass-5.0.0.tgz 10542ms (cache miss)
2865 timing reifyNode:node_modules/make-fetch-happen/node_modules/minipass Completed in 11554ms
2866 http fetch GET 200 https://registry.npmjs.org/minipass/-/minipass-5.0.0.tgz 10563ms (cache miss)
2867 timing reifyNode:node_modules/npm-registry-fetch/node_modules/minipass Completed in 11566ms
2868 http fetch GET 200 https://registry.npmjs.org/glob/-/glob-8.1.0.tgz 10537ms (cache miss)
2869 timing reifyNode:node_modules/help-me/node_modules/glob Completed in 11547ms
2870 timing reifyNode:node_modules/@fastify/static/node_modules/fastify-plugin Completed in 11527ms
2871 http fetch GET 200 https://registry.npmjs.org/globals/-/globals-14.0.0.tgz 10498ms (cache miss)
2872 timing reifyNode:node_modules/@eslint/eslintrc/node_modules/globals Completed in 11526ms
2873 http fetch GET 200 https://registry.npmjs.org/@npmcli/run-script/-/run-script-6.0.2.tgz 10695ms (cache miss)
2874 timing reifyNode:node_modules/@npmcli/run-script Completed in 11534ms
2875 http fetch GET 200 https://registry.npmjs.org/terser-webpack-plugin/-/terser-webpack-plugin-5.3.10.tgz 11198ms (cache miss)
2876 timing reifyNode:node_modules/terser-webpack-plugin Completed in 11623ms
2877 timing reifyNode:node_modules/process-warning Completed in 11605ms
2878 http fetch GET 200 https://registry.npmjs.org/path-to-regexp/-/path-to-regexp-6.2.1.tgz 11096ms (cache miss)
2879 timing reifyNode:node_modules/path-to-regexp Completed in 11601ms
2880 timing reifyNode:node_modules/nanoid Completed in 11594ms
2881 http fetch GET 200 https://registry.npmjs.org/human-signals/-/human-signals-2.1.0.tgz 10917ms (cache miss)
2882 timing reifyNode:node_modules/human-signals Completed in 11589ms
2883 timing reifyNode:node_modules/fastify-plugin Completed in 11586ms
2884 timing reifyNode:node_modules/es6-iterator Completed in 11588ms
2885 http fetch GET 200 https://registry.npmjs.org/istanbul-lib-instrument/-/istanbul-lib-instrument-5.2.1.tgz 10580ms (cache miss)
2886 timing reifyNode:node_modules/babel-plugin-istanbul/node_modules/istanbul-lib-instrument Completed in 11605ms
2887 http fetch GET 200 https://registry.npmjs.org/fastify-plugin/-/fastify-plugin-4.2.0.tgz 10568ms (cache miss)
2888 timing reifyNode:node_modules/@fastify/view/node_modules/fastify-plugin Completed in 11592ms
2889 http fetch GET 200 https://registry.npmjs.org/micromatch 9188ms (cache miss)
2890 timing metavuln:packument:micromatch Completed in 9190ms
2891 timing metavuln:load:security-advisory:micromatch:1098681 Completed in 1ms
2892 http fetch GET 200 https://registry.npmjs.org/tar-fs 9188ms (cache miss)
2893 timing metavuln:packument:tar-fs Completed in 9189ms
2894 timing metavuln:load:security-advisory:tar-fs:1109532 Completed in 1ms
2895 timing metavuln:load:security-advisory:tar-fs:1109543 Completed in 2ms
2896 timing metavuln:load:security-advisory:tar-fs:1109552 Completed in 1ms
2897 http fetch GET 200 https://registry.npmjs.org/serialize-javascript 9196ms (cache miss)
2898 timing metavuln:packument:serialize-javascript Completed in 9196ms
2899 timing metavuln:load:security-advisory:serialize-javascript:1113686 Completed in 1ms
2900 http fetch GET 200 https://registry.npmjs.org/tslib/-/tslib-2.6.2.tgz 11299ms (cache miss)
2901 timing reifyNode:node_modules/tslib Completed in 11712ms
2902 http fetch GET 200 https://registry.npmjs.org/regexp.prototype.flags/-/regexp.prototype.flags-1.5.2.tgz 11235ms (cache miss)
2903 timing reifyNode:node_modules/regexp.prototype.flags Completed in 11705ms
2904 http fetch GET 200 https://registry.npmjs.org/execa/-/execa-5.1.1.tgz 10954ms (cache miss)
2905 timing reifyNode:node_modules/execa Completed in 11672ms
2906 http fetch GET 200 https://registry.npmjs.org/doctrine/-/doctrine-3.0.0.tgz 10929ms (cache miss)
2907 timing reifyNode:node_modules/doctrine Completed in 11669ms
2908 http fetch GET 200 https://registry.npmjs.org/glob/-/glob-7.2.3.tgz 10691ms (cache miss)
2909 timing reifyNode:node_modules/node-gyp/node_modules/glob Completed in 11704ms
2910 http fetch GET 200 https://registry.npmjs.org/glob/-/glob-7.2.3.tgz 10683ms (cache miss)
2911 timing reifyNode:node_modules/jest-config/node_modules/glob Completed in 11695ms
2912 http fetch GET 200 https://registry.npmjs.org/glob/-/glob-7.2.3.tgz 10734ms (cache miss)
2913 timing reifyNode:node_modules/sqlite3/node_modules/glob Completed in 11734ms
2914 http fetch GET 200 https://registry.npmjs.org/glob/-/glob-7.2.3.tgz 10683ms (cache miss)
2915 timing reifyNode:node_modules/jest-runtime/node_modules/glob Completed in 11698ms
2916 http fetch GET 200 https://registry.npmjs.org/glob/-/glob-7.2.3.tgz 10727ms (cache miss)
2917 timing reifyNode:node_modules/rimraf/node_modules/glob Completed in 11725ms
2918 http fetch GET 200 https://registry.npmjs.org/glob/-/glob-7.2.3.tgz 10636ms (cache miss)
2919 timing reifyNode:node_modules/@jest/reporters/node_modules/glob Completed in 11655ms
2920 http fetch GET 200 https://registry.npmjs.org/eslint-scope/-/eslint-scope-5.1.1.tgz 10750ms (cache miss)
2921 timing reifyNode:node_modules/webpack/node_modules/eslint-scope Completed in 11745ms
2922 http fetch GET 200 https://registry.npmjs.org/@nodelib/fs.scandir/-/fs.scandir-2.1.5.tgz 10821ms (cache miss)
2923 http fetch GET 200 https://registry.npmjs.org/@babel/helper-validator-identifier/-/helper-validator-identifier-7.22.20.tgz 10777ms (cache miss)
2924 timing reifyNode:node_modules/@babel/helper-validator-identifier Completed in 11655ms
2925 http fetch GET 200 https://registry.npmjs.org/youch/-/youch-2.2.2.tgz 11381ms (cache miss)
2926 timing reifyNode:node_modules/youch Completed in 11764ms
2927 http fetch GET 200 https://registry.npmjs.org/js-yaml 9267ms (cache miss)
2928 timing metavuln:packument:js-yaml Completed in 9268ms
2929 timing metavuln:load:security-advisory:js-yaml:1112714 Completed in 1ms
2930 timing metavuln:load:security-advisory:js-yaml:1112715 Completed in 1ms
2931 http fetch GET 200 https://registry.npmjs.org/unique-filename/-/unique-filename-1.1.1.tgz 11362ms (cache miss)
2932 timing reifyNode:node_modules/unique-filename Completed in 11765ms
2933 http fetch GET 200 https://registry.npmjs.org/tapable/-/tapable-2.2.1.tgz 11335ms (cache miss)
2934 timing reifyNode:node_modules/tapable Completed in 11762ms
2935 http fetch GET 200 https://registry.npmjs.org/jju/-/jju-1.4.0.tgz 11106ms (cache miss)
2936 timing reifyNode:node_modules/jju Completed in 11731ms
2937 http fetch GET 200 https://registry.npmjs.org/jest-resolve/-/jest-resolve-29.7.0.tgz 11102ms (cache miss)
2938 timing reifyNode:node_modules/jest-resolve Completed in 11731ms
2939 http fetch GET 200 https://registry.npmjs.org/help-me/-/help-me-4.2.0.tgz 11053ms (cache miss)
2940 http fetch GET 200 https://registry.npmjs.org/buffer/-/buffer-5.7.1.tgz 10946ms (cache miss)
2941 timing reifyNode:node_modules/buffer Completed in 11719ms
2942 http fetch GET 200 https://registry.npmjs.org/braces/-/braces-3.0.2.tgz 10945ms (cache miss)
2943 timing reifyNode:node_modules/braces Completed in 11719ms
2944 http fetch GET 200 https://registry.npmjs.org/debug/-/debug-3.2.7.tgz 10728ms (cache miss)
2945 timing reifyNode:node_modules/eslint-plugin-import/node_modules/debug Completed in 11747ms
2946 http fetch GET 200 https://registry.npmjs.org/semver/-/semver-6.3.1.tgz 10730ms (cache miss)
2947 timing reifyNode:node_modules/eslint-plugin-import/node_modules/semver Completed in 11748ms
2948 http fetch GET 200 https://registry.npmjs.org/semver/-/semver-6.3.1.tgz 10728ms (cache miss)
2949 timing reifyNode:node_modules/eslint-config-airbnb-base/node_modules/semver Completed in 11747ms
2950 http fetch GET 200 https://registry.npmjs.org/semver/-/semver-6.3.1.tgz 10684ms (cache miss)
2951 timing reifyNode:node_modules/@babel/core/node_modules/semver Completed in 11716ms
2952 http fetch GET 200 https://registry.npmjs.org/semver/-/semver-6.3.1.tgz 10687ms (cache miss)
2953 timing reifyNode:node_modules/@babel/helper-compilation-targets/node_modules/semver Completed in 11717ms
2954 http fetch GET 200 https://registry.npmjs.org/mime/-/mime-3.0.0.tgz 11194ms (cache miss)
2955 timing reifyNode:node_modules/mime Completed in 11782ms
2956 http fetch GET 200 https://registry.npmjs.org/jest-snapshot/-/jest-snapshot-29.7.0.tgz 11154ms (cache miss)
2957 timing reifyNode:node_modules/jest-snapshot Completed in 11780ms
2958 http fetch GET 200 https://registry.npmjs.org/fast-uri/-/fast-uri-2.3.0.tgz 11061ms (cache miss)
2959 http fetch GET 200 https://registry.npmjs.org/babel-walk/-/babel-walk-3.0.0-canary-5.tgz 10979ms (cache miss)
2960 timing reifyNode:node_modules/babel-walk Completed in 11757ms
2961 http fetch GET 200 https://registry.npmjs.org/@webassemblyjs/wasm-parser/-/wasm-parser-1.12.1.tgz 10948ms (cache miss)
2962 timing reifyNode:node_modules/@webassemblyjs/wasm-parser Completed in 11754ms
2963 http fetch GET 200 https://registry.npmjs.org/source-map-support/-/source-map-support-0.5.21.tgz 10797ms (cache miss)
2964 timing reifyNode:node_modules/npm-check-updates/node_modules/source-map-support Completed in 11798ms
2965 http fetch GET 200 https://registry.npmjs.org/ajv-formats/-/ajv-formats-2.1.1.tgz 10964ms (cache miss)
2966 timing reifyNode:node_modules/ajv-formats Completed in 11759ms
2967 http fetch GET 200 https://registry.npmjs.org/buffer/-/buffer-6.0.3.tgz 10758ms (cache miss)
2968 timing reifyNode:node_modules/fastify-cli/node_modules/buffer Completed in 11776ms
2969 http fetch GET 200 https://registry.npmjs.org/buffer/-/buffer-6.0.3.tgz 10810ms (cache miss)
2970 timing reifyNode:node_modules/pino-abstract-transport/node_modules/buffer Completed in 11809ms
2971 http fetch GET 200 https://registry.npmjs.org/doctrine/-/doctrine-2.1.0.tgz 10765ms (cache miss)
2972 timing reifyNode:node_modules/eslint-plugin-import/node_modules/doctrine Completed in 11784ms
2973 http fetch GET 200 https://registry.npmjs.org/with/-/with-7.0.2.tgz 11467ms (cache miss)
2974 http fetch GET 200 https://registry.npmjs.org/pino-std-serializers/-/pino-std-serializers-6.2.2.tgz 11331ms (cache miss)
2975 timing reifyNode:node_modules/pino-std-serializers Completed in 11831ms
2976 http fetch GET 200 https://registry.npmjs.org/gauge/-/gauge-4.0.4.tgz 11117ms (cache miss)
2977 timing reifyNode:node_modules/gauge Completed in 11809ms
2978 http fetch GET 200 https://registry.npmjs.org/ajv-formats/-/ajv-formats-3.0.1.tgz 10796ms (cache miss)
2979 timing reifyNode:node_modules/fast-json-stringify/node_modules/ajv-formats Completed in 11816ms
2980 timing reifyNode:node_modules/@nodelib/fs.scandir Completed in 11790ms
2981 http fetch GET 200 https://registry.npmjs.org/@nodelib/fs.walk/-/fs.walk-1.2.8.tgz 10953ms (cache miss)
2982 http fetch GET 200 https://registry.npmjs.org/path-to-regexp 9388ms (cache miss)
2983 timing metavuln:packument:path-to-regexp Completed in 9388ms
2984 timing metavuln:load:security-advisory:path-to-regexp:1101846 Completed in 1ms
2985 http fetch GET 200 https://registry.npmjs.org/minipass-sized/-/minipass-sized-1.0.3.tgz 11295ms (cache miss)
2986 timing reifyNode:node_modules/minipass-sized Completed in 11860ms
2987 timing reifyNode:node_modules/help-me Completed in 11847ms
2988 http fetch GET 200 https://registry.npmjs.org/espree/-/espree-10.0.1.tgz 11121ms (cache miss)
2989 timing reifyNode:node_modules/espree Completed in 11841ms
2990 http fetch GET 200 https://registry.npmjs.org/dotenv/-/dotenv-16.4.5.tgz 11100ms (cache miss)
2991 timing reifyNode:node_modules/dotenv Completed in 11839ms
2992 http fetch GET 200 https://registry.npmjs.org/help-me/-/help-me-5.0.0.tgz 10885ms (cache miss)
2993 http fetch GET 200 https://registry.npmjs.org/webpack-merge/-/webpack-merge-5.8.0.tgz 11540ms (cache miss)
2994 http fetch GET 200 https://registry.npmjs.org/smart-buffer/-/smart-buffer-4.2.0.tgz 11478ms (cache miss)
2995 timing reifyNode:node_modules/smart-buffer Completed in 11919ms
2996 timing reifyNode:node_modules/webpack-merge Completed in 11936ms
2997 timing reifyNode:node_modules/fast-uri Completed in 11878ms
2998 http fetch GET 200 https://registry.npmjs.org/flatted/-/flatted-3.3.1.tgz 11181ms (cache miss)
2999 timing reifyNode:node_modules/flatted Completed in 11881ms
3000 http fetch GET 200 https://registry.npmjs.org/abort-controller/-/abort-controller-3.0.0.tgz 11067ms (cache miss)
3001 timing reifyNode:node_modules/abort-controller Completed in 11870ms
3002 http fetch GET 200 https://registry.npmjs.org/chalk/-/chalk-5.0.1.tgz 10958ms (cache miss)
3003 timing reifyNode:node_modules/update-notifier/node_modules/chalk Completed in 11950ms
3004 http fetch GET 200 https://registry.npmjs.org/debug/-/debug-3.2.7.tgz 10877ms (cache miss)
3005 timing reifyNode:node_modules/eslint-module-utils/node_modules/debug Completed in 11896ms
3006 http fetch GET 200 https://registry.npmjs.org/debug/-/debug-3.2.7.tgz 10876ms (cache miss)
3007 timing reifyNode:node_modules/eslint-import-resolver-node/node_modules/debug Completed in 11897ms
3008 http fetch GET 200 https://registry.npmjs.org/help-me/-/help-me-5.0.0.tgz 10883ms (cache miss)
3009 timing metavuln:cache:put:security-advisory:brace-expansion:7IQMvcVTr+svbh5KCx4Kl6FQKJ1GciM03BnJAve/5WYJjUeRzKAIrStVpfachbl3T6a7o8nYlQEVG6Ih0TNXRg== Completed in 837ms
3010 timing metavuln:calculate:security-advisory:brace-expansion:1105443 Completed in 9475ms
3011 timing metavuln:cache:put:security-advisory:brace-expansion:mClmYqWawCNXseeTBHWiIwZH/2CmFUqPCmosJIeOhAgD9z1v3SayhHAwaWVo8wmeKU/JN9VP4zDBeXaqy3Ay2A== Completed in 837ms
3012 timing metavuln:calculate:security-advisory:brace-expansion:1105444 Completed in 9476ms
3013 timing reifyNode:node_modules/with Completed in 11971ms
3014 http fetch GET 200 https://registry.npmjs.org/yargs-parser/-/yargs-parser-21.1.1.tgz 11590ms (cache miss)
3015 timing reifyNode:node_modules/yargs-parser Completed in 11974ms
3016 http fetch GET 200 https://registry.npmjs.org/umzug/-/umzug-2.3.0.tgz 11567ms (cache miss)
3017 timing reifyNode:node_modules/umzug Completed in 11972ms
3018 http fetch GET 200 https://registry.npmjs.org/style-loader/-/style-loader-4.0.0.tgz 11542ms (cache miss)
3019 timing reifyNode:node_modules/style-loader Completed in 11971ms
3020 http fetch GET 200 https://registry.npmjs.org/foreground-child/-/foreground-child-3.1.1.tgz 11234ms (cache miss)
3021 http fetch GET 200 https://registry.npmjs.org/jest-circus/-/jest-circus-29.7.0.tgz 11310ms (cache miss)
3022 timing reifyNode:node_modules/jest-circus Completed in 11947ms
3023 http fetch GET 200 https://registry.npmjs.org/exit/-/exit-0.1.2.tgz 11220ms (cache miss)
3024 timing reifyNode:node_modules/exit Completed in 11937ms
3025 http fetch GET 200 https://registry.npmjs.org/eslint-module-utils/-/eslint-module-utils-2.8.1.tgz 11215ms (cache miss)
3026 http fetch GET 200 https://registry.npmjs.org/chokidar/-/chokidar-3.5.3.tgz 11160ms (cache miss)
3027 timing reifyNode:node_modules/chokidar Completed in 11928ms
3028 http fetch GET 200 https://registry.npmjs.org/chalk/-/chalk-5.3.0.tgz 10968ms (cache miss)
3029 timing reifyNode:node_modules/npm-check-updates/node_modules/chalk Completed in 11970ms
3030 http fetch GET 200 https://registry.npmjs.org/make-fetch-happen/-/make-fetch-happen-10.2.1.tgz 10960ms (cache miss)
3031 timing reifyNode:node_modules/node-gyp/node_modules/make-fetch-happen Completed in 11971ms
3032 http fetch GET 200 https://registry.npmjs.org/fastify-plugin/-/fastify-plugin-4.5.1.tgz 10934ms (cache miss)
3033 timing reifyNode:node_modules/fastify-method-override/node_modules/fastify-plugin Completed in 11950ms
3034 timing reifyNode:node_modules/@nodelib/fs.walk Completed in 11923ms
3035 http fetch GET 200 https://registry.npmjs.org/@fastify/ajv-compiler/-/ajv-compiler-3.5.0.tgz 11064ms (cache miss)
3036 http fetch GET 200 https://registry.npmjs.org/@fastify/sensible/-/sensible-5.5.0.tgz 11071ms (cache miss)
3037 http fetch GET 200 https://registry.npmjs.org/shell-quote/-/shell-quote-1.8.1.tgz 11570ms (cache miss)
3038 timing reifyNode:node_modules/shell-quote Completed in 12016ms
3039 http fetch GET 200 https://registry.npmjs.org/jest-diff/-/jest-diff-29.7.0.tgz 11358ms (cache miss)
3040 timing reifyNode:node_modules/jest-diff Completed in 11995ms
3041 http fetch GET 200 https://registry.npmjs.org/json5/-/json5-1.0.2.tgz 11053ms (cache miss)
3042 timing reifyNode:node_modules/tsconfig-paths/node_modules/json5 Completed in 12046ms
3043 timing reifyNode:node_modules/pino-pretty/node_modules/help-me Completed in 12021ms
3044 timing reifyNode:node_modules/@fastify/sensible Completed in 11966ms
3045 http fetch GET 200 https://registry.npmjs.org/lodash 9560ms (cache miss)
3046 timing metavuln:packument:lodash Completed in 9562ms
3047 timing metavuln:load:security-advisory:lodash:1112455 Completed in 1ms
3048 timing metavuln:cache:put:security-advisory:ip:FcMhhitnipE8n5zCPiVRq2NLRNmu7UZkoO9lrM5CRC/emGwY5wSoa1+q1Q1Z8SPpfXO9tzox/MNRv7luhyJvqg== Completed in 828ms
3049 timing metavuln:calculate:security-advisory:ip:1101851 Completed in 9566ms
3050 timing metavuln:cache:put:security-advisory:ip:b30c5XyTTW4mB+FTN7C/h1vhoJFO9OI8Q+LTllMkSK3uH9C7IrxRvaSJh85+QHMX79NvRWdtpRRPVOFX+5JL7A== Completed in 827ms
3051 timing metavuln:calculate:security-advisory:ip:1097721 Completed in 9566ms
3052 http fetch GET 200 https://registry.npmjs.org/@npmcli/fs/-/fs-2.1.2.tgz 11012ms (cache miss)
3053 timing reifyNode:node_modules/node-gyp/node_modules/@npmcli/fs Completed in 12026ms
3054 http fetch GET 200 https://registry.npmjs.org/pretty-format/-/pretty-format-29.7.0.tgz 11554ms (cache miss)
3055 timing reifyNode:node_modules/pretty-format Completed in 12043ms
3056 http fetch GET 200 https://registry.npmjs.org/object.assign/-/object.assign-4.1.5.tgz 11513ms (cache miss)
3057 timing reifyNode:node_modules/object.assign Completed in 12040ms
3058 http fetch GET 200 https://registry.npmjs.org/jest-util/-/jest-util-29.7.0.tgz 11402ms (cache miss)
3059 timing reifyNode:node_modules/jest-util Completed in 12028ms
3060 http fetch GET 200 https://registry.npmjs.org/picomatch/-/picomatch-2.3.1.tgz 11373ms (cache miss)
3061 timing reifyNode:node_modules/picomatch Completed in 12046ms
3062 timing metavuln:cache:put:security-advisory:@babel/helpers:+NsF1flAI8VENgJn0XVIWaC4lCe3b89AZgBOx219qXn/BdXH1EWl/yD49aHbhQimIG4kna8zgkunsmpiAVwNPQ== Completed in 816ms
3063 timing metavuln:calculate:security-advisory:@babel/helpers:1104001 Completed in 9586ms
3064 http fetch GET 200 https://registry.npmjs.org/es-module-lexer/-/es-module-lexer-1.5.0.tgz 11283ms (cache miss)
3065 timing reifyNode:node_modules/es-module-lexer Completed in 12014ms
3066 http fetch GET 200 https://registry.npmjs.org/make-fetch-happen/-/make-fetch-happen-9.1.0.tgz 11079ms (cache miss)
3067 timing reifyNode:node_modules/sqlite3/node_modules/make-fetch-happen Completed in 12077ms
3068 http fetch GET 200 https://registry.npmjs.org/@babel/helper-compilation-targets/-/helper-compilation-targets-7.23.6.tgz 11108ms (cache miss)
3069 timing reifyNode:node_modules/@babel/helper-compilation-targets Completed in 11991ms
3070 timing reifyNode:node_modules/fastify-cli/node_modules/pino-pretty/node_modules/help-me Completed in 12030ms
3071 timing metavuln:cache:put:security-advisory:braces:JiXBFkEDkUnBQLw3PO6emUmmm2JXqgEbh+FhB3SNDS8k6Z0wM20irrfaOjjxYuMxZaKaDudvR037mtEoeqZzXw== Completed in 799ms
3072 timing metavuln:calculate:security-advisory:braces:1098094 Completed in 9598ms
3073 timing metavuln:cache:put:security-advisory:dottie:0ACVlgh2XixrZ76V6Aw4AGmXe/vScI8AGIUQKFGZaYZxp4MyNabKSDBfLcT9XlERSFeHYQ9hiMRtZaHo1b3mTw== Completed in 799ms
3074 timing metavuln:calculate:security-advisory:dottie:1113536 Completed in 9597ms
3075 http fetch GET 200 https://registry.npmjs.org/make-fetch-happen/-/make-fetch-happen-11.1.1.tgz 11462ms (cache miss)
3076 timing reifyNode:node_modules/make-fetch-happen Completed in 12058ms
3077 timing reifyNode:node_modules/foreground-child Completed in 12045ms
3078 http fetch GET 200 https://registry.npmjs.org/form-data-encoder/-/form-data-encoder-2.1.0.tgz 11348ms (cache miss)
3079 http fetch GET 200 https://registry.npmjs.org/eslint-scope/-/eslint-scope-7.2.2.tgz 11322ms (cache miss)
3080 timing reifyNode:node_modules/eslint-scope Completed in 12043ms
3081 timing reifyNode:node_modules/eslint-module-utils Completed in 12043ms
3082 http fetch GET 200 https://registry.npmjs.org/@pkgjs/parseargs/-/parseargs-0.11.0.tgz 11186ms (cache miss)
3083 timing reifyNode:node_modules/@pkgjs/parseargs Completed in 12022ms
3084 http fetch GET 200 https://registry.npmjs.org/chalk/-/chalk-5.0.1.tgz 11009ms (cache miss)
3085 timing reifyNode:node_modules/boxen/node_modules/chalk Completed in 12035ms
3086 http fetch GET 200 https://registry.npmjs.org/@colors/colors/-/colors-1.5.0.tgz 11153ms (cache miss)
3087 timing reifyNode:node_modules/@colors/colors Completed in 12017ms
3088 http fetch GET 200 https://registry.npmjs.org/@discoveryjs/json-ext/-/json-ext-0.5.7.tgz 11161ms (cache miss)
3089 timing reifyNode:node_modules/@discoveryjs/json-ext Completed in 12024ms
3090 timing reifyNode:node_modules/@fastify/ajv-compiler Completed in 12034ms
3091 http fetch GET 200 https://registry.npmjs.org/espree/-/espree-9.6.1.tgz 11048ms (cache miss)
3092 timing reifyNode:node_modules/eslint/node_modules/espree Completed in 12068ms
3093 timing metavuln:cache:put:security-advisory:pug-code-gen:jYtA+ua4XfswkuObBtnwWn2fYvQUK4ca+Iv1+bqgs4mXRLiX4zUdwwNSawL0T4CvKtEq8q6TFgvFydQ8OKg+/Q== Completed in 796ms
3094 timing metavuln:calculate:security-advisory:pug-code-gen:1104107 Completed in 9643ms
3095 http fetch GET 200 https://registry.npmjs.org/markdown-it 9652ms (cache miss)
3096 timing metavuln:packument:markdown-it Completed in 9657ms
3097 timing metavuln:load:security-advisory:markdown-it:1113190 Completed in 3ms
3098 http fetch GET 200 https://registry.npmjs.org/sonic-boom/-/sonic-boom-3.8.1.tgz 11716ms (cache miss)
3099 timing reifyNode:node_modules/sonic-boom Completed in 12160ms
3100 http fetch GET 200 https://registry.npmjs.org/expect/-/expect-29.7.0.tgz 11460ms (cache miss)
3101 timing reifyNode:node_modules/expect Completed in 12175ms
3102 http fetch GET 200 https://registry.npmjs.org/@one-ini/wasm/-/wasm-0.1.1.tgz 11317ms (cache miss)
3103 timing reifyNode:node_modules/@one-ini/wasm Completed in 12154ms
3104 http fetch GET 200 https://registry.npmjs.org/lru-cache/-/lru-cache-7.18.3.tgz 11188ms (cache miss)
3105 timing reifyNode:node_modules/make-fetch-happen/node_modules/lru-cache Completed in 12201ms
3106 http fetch GET 200 https://registry.npmjs.org/fastify-plugin/-/fastify-plugin-4.5.1.tgz 11127ms (cache miss)
3107 timing reifyNode:node_modules/@fastify/flash/node_modules/fastify-plugin Completed in 12153ms
3108 http fetch GET 200 https://registry.npmjs.org/fastify-plugin/-/fastify-plugin-4.5.1.tgz 11129ms (cache miss)
3109 timing reifyNode:node_modules/@fastify/sensible/node_modules/fastify-plugin Completed in 12154ms
3110 http fetch GET 200 https://registry.npmjs.org/fastify-plugin/-/fastify-plugin-4.5.1.tgz 11170ms (cache miss)
3111 timing reifyNode:node_modules/fastify-objectionjs/node_modules/fastify-plugin Completed in 12186ms
3112 http fetch GET 200 https://registry.npmjs.org/fastify-plugin/-/fastify-plugin-4.5.1.tgz 11128ms (cache miss)
3113 timing reifyNode:node_modules/@fastify/cookie/node_modules/fastify-plugin Completed in 12154ms
3114 http fetch GET 200 https://registry.npmjs.org/fastify-plugin/-/fastify-plugin-4.5.1.tgz 11130ms (cache miss)
3115 timing reifyNode:node_modules/@fastify/formbody/node_modules/fastify-plugin Completed in 12156ms
3116 http fetch GET 200 https://registry.npmjs.org/fastify-plugin/-/fastify-plugin-4.5.1.tgz 11130ms (cache miss)
3117 timing reifyNode:node_modules/@fastify/secure-session/node_modules/fastify-plugin Completed in 12156ms
3118 http fetch GET 200 https://registry.npmjs.org/fastify-plugin/-/fastify-plugin-4.5.1.tgz 11169ms (cache miss)
3119 timing reifyNode:node_modules/fastify-cli/node_modules/fastify-plugin Completed in 12188ms
3120 timing reifyNode:node_modules/form-data-encoder Completed in 12206ms
3121 http fetch GET 200 https://registry.npmjs.org/@babel/template/-/template-7.24.0.tgz 11315ms (cache miss)
3122 timing reifyNode:node_modules/@babel/template Completed in 12180ms
3123 timing metavuln:cache:put:security-advisory:cross-spawn:PBcc/5P1UEO/1Ba/jUNR65wOzs1wU0Y+m+OOSfB57dG5EajzjbqRMRm0l7MWqcJgHDYM5GoZ36Hm7qAYFlIH3A== Completed in 830ms
3124 timing metavuln:calculate:security-advisory:cross-spawn:1104664 Completed in 9783ms
3125 timing metavuln:cache:put:security-advisory:cookie:EFt7h/FZLeopARa06+F2CBY5ItUm007mP/cHgZjTJZX1MeIwg3JD7toSioRoDeE8wm5VdkimqlS+CnuPhZqbIg== Completed in 824ms
3126 timing metavuln:calculate:security-advisory:cookie:1103907 Completed in 9783ms
3127 http fetch GET 200 https://registry.npmjs.org/webpack-cli/-/webpack-cli-5.1.4.tgz 11889ms (cache miss)
3128 timing reifyNode:node_modules/webpack-cli Completed in 12281ms
3129 http fetch GET 200 https://registry.npmjs.org/pg-pool/-/pg-pool-3.6.2.tgz 11751ms (cache miss)
3130 timing reifyNode:node_modules/pg-pool Completed in 12254ms
3131 http fetch GET 200 https://registry.npmjs.org/cli-color/-/cli-color-2.0.4.tgz 11458ms (cache miss)
3132 timing reifyNode:node_modules/cli-color Completed in 12221ms
3133 http fetch GET 200 https://registry.npmjs.org/@types/eslint/-/eslint-8.4.6.tgz 11384ms (cache miss)
3134 timing reifyNode:node_modules/@types/eslint Completed in 12210ms
3135 http fetch GET 200 https://registry.npmjs.org/esniff/-/esniff-2.0.1.tgz 11528ms (cache miss)
3136 timing reifyNode:node_modules/esniff Completed in 12248ms
3137 http fetch GET 200 https://registry.npmjs.org/cacache/-/cacache-17.1.4.tgz 11466ms (cache miss)
3138 timing reifyNode:node_modules/cacache Completed in 12239ms
3139 http fetch GET 200 https://registry.npmjs.org/argparse/-/argparse-2.0.1.tgz 11446ms (cache miss)
3140 timing reifyNode:node_modules/argparse Completed in 12236ms
3141 http fetch GET 200 https://registry.npmjs.org/@xtuc/long/-/long-4.2.2.tgz 11432ms (cache miss)
3142 timing reifyNode:node_modules/@xtuc/long Completed in 12236ms
3143 http fetch GET 200 https://registry.npmjs.org/yargs-parser/-/yargs-parser-20.2.9.tgz 11307ms (cache miss)
3144 timing reifyNode:node_modules/sequelize-cli/node_modules/yargs-parser Completed in 12305ms
3145 http fetch GET 200 https://registry.npmjs.org/@fastify/cookie/-/cookie-9.3.1.tgz 11368ms (cache miss)
3146 timing reifyNode:node_modules/@fastify/cookie Completed in 12229ms
3147 timing metavuln:cache:put:security-advisory:pug:q1QCNIb5doZm6I3eRGcu7TI0K8fyc7dAf2McLW9B8u9n+aVFF2mdYrDZecswkGEqvp/OYAJdtseKaRANUQq8pQ== Completed in 779ms
3148 timing metavuln:calculate:security-advisory:pug:1104111 Completed in 9826ms
3149 http fetch GET 200 https://registry.npmjs.org/schema-utils/-/schema-utils-4.0.0.tgz 11860ms (cache miss)
3150 timing reifyNode:node_modules/schema-utils Completed in 12316ms
3151 http fetch GET 200 https://registry.npmjs.org/pacote/-/pacote-15.2.0.tgz 11790ms (cache miss)
3152 timing reifyNode:node_modules/pacote Completed in 12301ms
3153 http fetch GET 200 https://registry.npmjs.org/electron-to-chromium/-/electron-to-chromium-1.4.746.tgz 11535ms (cache miss)
3154 timing reifyNode:node_modules/electron-to-chromium Completed in 12272ms
3155 http fetch GET 200 https://registry.npmjs.org/@jridgewell/source-map/-/source-map-0.3.6.tgz 11409ms (cache miss)
3156 timing reifyNode:node_modules/@jridgewell/source-map Completed in 12252ms
3157 http fetch GET 200 https://registry.npmjs.org/lru-cache/-/lru-cache-7.18.3.tgz 11293ms (cache miss)
3158 timing reifyNode:node_modules/node-gyp/node_modules/lru-cache Completed in 12304ms
3159 http fetch GET 200 https://registry.npmjs.org/lru-cache/-/lru-cache-7.18.3.tgz 11301ms (cache miss)
3160 timing reifyNode:node_modules/normalize-package-data/node_modules/lru-cache Completed in 12305ms
3161 http fetch GET 200 https://registry.npmjs.org/lru-cache/-/lru-cache-7.18.3.tgz 11280ms (cache miss)
3162 timing reifyNode:node_modules/hosted-git-info/node_modules/lru-cache Completed in 12289ms
3163 http fetch GET 200 https://registry.npmjs.org/lru-cache/-/lru-cache-7.18.3.tgz 11278ms (cache miss)
3164 timing reifyNode:node_modules/npm-package-arg/node_modules/lru-cache Completed in 12307ms
3165 http fetch GET 200 https://registry.npmjs.org/lru-cache/-/lru-cache-7.18.3.tgz 11238ms (cache miss)
3166 timing reifyNode:node_modules/@npmcli/git/node_modules/lru-cache Completed in 12257ms
3167 http fetch GET 200 https://registry.npmjs.org/lru-cache/-/lru-cache-7.18.3.tgz 11249ms (cache miss)
3168 timing reifyNode:node_modules/cacache/node_modules/lru-cache Completed in 12273ms
3169 http fetch GET 200 https://registry.npmjs.org/signal-exit/-/signal-exit-4.1.0.tgz 11280ms (cache miss)
3170 http fetch GET 200 https://registry.npmjs.org/@jridgewell/trace-mapping/-/trace-mapping-0.3.25.tgz 11340ms (cache miss)
3171 http fetch GET 200 https://registry.npmjs.org/fast-redact/-/fast-redact-3.5.0.tgz 11591ms (cache miss)
3172 timing reifyNode:node_modules/fast-redact Completed in 12299ms
3173 http fetch GET 200 https://registry.npmjs.org/exponential-backoff/-/exponential-backoff-3.1.1.tgz 11584ms (cache miss)
3174 timing metavuln:cache:put:security-advisory:serialize-javascript:VNhzhjSQJJPSfVWQUXMpEy6hsW23faurQllLlGbSJ7QrUHjncb9PKDTQYw8APRVBzMug+7YJc5EWXV6SYvPIiw== Completed in 672ms
3175 timing metavuln:calculate:security-advisory:serialize-javascript:1113686 Completed in 9869ms
3176 timing metavuln:cache:put:security-advisory:tar-fs:1dRVXY1/KAgNRzluJejkcnnY74RNVCtUBdSLW4DLR6KPpPmll6CDT96fyxIYOX7Nsq4AChUF8ivPlQmppqQqYw== Completed in 675ms
3177 timing metavuln:calculate:security-advisory:tar-fs:1109552 Completed in 9868ms
3178 timing metavuln:cache:put:security-advisory:tar-fs:Ix/Js08sk80rCM814qr/o6ab9zjh7+H8VVJui+xRbBltVjhzX21eodMzpIt77aC2gIFcrK8EEBkOSiDgsanD1w== Completed in 676ms
3179 timing metavuln:calculate:security-advisory:tar-fs:1109543 Completed in 9868ms
3180 http fetch GET 200 https://registry.npmjs.org/jest-config/-/jest-config-29.7.0.tgz 11692ms (cache miss)
3181 timing reifyNode:node_modules/jest-config Completed in 12329ms
3182 http fetch GET 200 https://registry.npmjs.org/event-target-shim/-/event-target-shim-5.0.1.tgz 11599ms (cache miss)
3183 timing reifyNode:node_modules/event-target-shim Completed in 12316ms
3184 http fetch GET 200 https://registry.npmjs.org/eslint-config-airbnb-base/-/eslint-config-airbnb-base-15.0.0.tgz 11590ms (cache miss)
3185 timing reifyNode:node_modules/eslint-config-airbnb-base Completed in 12315ms
3186 timing reifyNode:node_modules/foreground-child/node_modules/signal-exit Completed in 12329ms
3187 timing metavuln:cache:put:security-advisory:micromatch:TlYHmS8BZBwkbsPHbTfH2/e91KJnOnqfC63ZoKdiRy+yt6biPd8BwjBdyfPUht1+ZO675I3Gg00RQPYaWiOm8Q== Completed in 703ms
3188 timing metavuln:calculate:security-advisory:micromatch:1098681 Completed in 9894ms
3189 timing metavuln:cache:put:security-advisory:js-yaml:MQ5RokLIvrWmT8/NQU0dD+jQ+6pFslHlaXx1Z5q7mESITohR8AwLT525ddIc2KvKZYbB1p5yclW3kV4xeRYXEg== Completed in 633ms
3190 timing metavuln:calculate:security-advisory:js-yaml:1112714 Completed in 9902ms
3191 timing metavuln:cache:put:security-advisory:js-yaml:621IdjBdZEeVoUcjWGl1jXN0jFDGaf7dIQMeaPVKf5MxqYprJztiOC0OHOUPVoayh7Cq/fTC8L5CqEb98qlE7w== Completed in 632ms
3192 timing metavuln:calculate:security-advisory:js-yaml:1112715 Completed in 9902ms
3193 http fetch GET 200 https://registry.npmjs.org/tar-fs/-/tar-fs-2.1.1.tgz 11964ms (cache miss)
3194 timing reifyNode:node_modules/exponential-backoff Completed in 12342ms
3195 http fetch GET 200 https://registry.npmjs.org/cjs-module-lexer/-/cjs-module-lexer-1.2.3.tgz 11571ms (cache miss)
3196 timing reifyNode:node_modules/cjs-module-lexer Completed in 12335ms
3197 http fetch GET 200 https://registry.npmjs.org/schema-utils/-/schema-utils-3.3.0.tgz 11420ms (cache miss)
3198 timing reifyNode:node_modules/webpack/node_modules/schema-utils Completed in 12408ms
3199 http fetch GET 200 https://registry.npmjs.org/cacache/-/cacache-16.1.3.tgz 11359ms (cache miss)
3200 timing reifyNode:node_modules/node-gyp/node_modules/cacache Completed in 12370ms
3201 timing metavuln:cache:put:security-advisory:tar-fs:cvuUIK3mvYU/u7TShVqDjuuoWy7Jgl2iyysqZzndeGLLwvbCDiePQ/rot9wwSNqpYc8yRaszF/7dU1Uelp1dUw== Completed in 723ms
3202 timing metavuln:calculate:security-advisory:tar-fs:1109532 Completed in 9913ms
3203 timing reifyNode:node_modules/@jridgewell/trace-mapping Completed in 12331ms
3204 http fetch GET 200 https://registry.npmjs.org/undici-types/-/undici-types-5.26.5.tgz 12013ms (cache miss)
3205 timing reifyNode:node_modules/undici-types Completed in 12417ms
3206 http fetch GET 200 https://registry.npmjs.org/envinfo/-/envinfo-7.12.0.tgz 11628ms (cache miss)
3207 timing reifyNode:node_modules/envinfo Completed in 12361ms
3208 http fetch GET 200 https://registry.npmjs.org/ajv-keywords/-/ajv-keywords-3.5.2.tgz 11554ms (cache miss)
3209 timing reifyNode:node_modules/ajv-keywords Completed in 12351ms
3210 http fetch GET 200 https://registry.npmjs.org/webpack-sources/-/webpack-sources-3.2.3.tgz 12051ms (cache miss)
3211 timing reifyNode:node_modules/webpack-sources Completed in 12441ms
3212 http fetch GET 200 https://registry.npmjs.org/pg/-/pg-8.11.5.tgz 11909ms (cache miss)
3213 timing reifyNode:node_modules/pg Completed in 12413ms
3214 http fetch GET 200 https://registry.npmjs.org/fastify-error-page/-/fastify-error-page-4.0.0.tgz 11682ms (cache miss)
3215 timing reifyNode:node_modules/fastify-error-page Completed in 12387ms
3216 timing metavuln:cache:put:security-advisory:path-to-regexp:TmkHz1g6xKc2pnDD1h6+ZDKMikxz0M1BBY/wyR9ER8446AKOUk6gXjoSR2douZ5enAllzNSKaynTW1H+LBi1CA== Completed in 569ms
3217 timing metavuln:calculate:security-advisory:path-to-regexp:1101846 Completed in 9958ms
3218 timing reifyNode:node_modules/tar-fs Completed in 12454ms
3219 http fetch GET 200 https://registry.npmjs.org/memoizee/-/memoizee-0.4.15.tgz 11830ms (cache miss)
3220 timing reifyNode:node_modules/memoizee Completed in 12422ms
3221 http fetch GET 200 https://registry.npmjs.org/jest-worker/-/jest-worker-29.7.0.tgz 11796ms (cache miss)
3222 timing reifyNode:node_modules/jest-worker Completed in 12419ms
3223 http fetch GET 200 https://registry.npmjs.org/jest-worker/-/jest-worker-27.5.1.tgz 11473ms (cache miss)
3224 http fetch GET 200 https://registry.npmjs.org/qs 9978ms (cache miss)
3225 timing metavuln:packument:qs Completed in 9981ms
3226 timing metavuln:load:security-advisory:qs:1113161 Completed in 2ms
3227 timing metavuln:load:security-advisory:qs:1113719 Completed in 3ms
3228 http fetch GET 200 https://registry.npmjs.org/mini-css-extract-plugin/-/mini-css-extract-plugin-2.9.0.tgz 11873ms (cache miss)
3229 timing reifyNode:node_modules/mini-css-extract-plugin Completed in 12450ms
3230 http fetch GET 200 https://registry.npmjs.org/http2-wrapper/-/http2-wrapper-2.1.11.tgz 11768ms (cache miss)
3231 timing reifyNode:node_modules/http2-wrapper Completed in 12439ms
3232 http fetch GET 200 https://registry.npmjs.org/schema-utils/-/schema-utils-3.3.0.tgz 11497ms (cache miss)
3233 timing reifyNode:node_modules/terser-webpack-plugin/node_modules/schema-utils Completed in 12491ms
3234 http fetch GET 200 https://registry.npmjs.org/@babel/helper-module-transforms/-/helper-module-transforms-7.23.3.tgz 11522ms (cache miss)
3235 timing reifyNode:node_modules/@babel/helper-module-transforms Completed in 12403ms
3236 http fetch GET 200 https://registry.npmjs.org/cacache/-/cacache-15.3.0.tgz 11490ms (cache miss)
3237 timing reifyNode:node_modules/sqlite3/node_modules/cacache Completed in 12491ms
3238 http fetch GET 200 https://registry.npmjs.org/source-map-js/-/source-map-js-1.2.0.tgz 12050ms (cache miss)
3239 timing reifyNode:node_modules/source-map-js Completed in 12493ms
3240 timing reifyNode:node_modules/terser-webpack-plugin/node_modules/jest-worker Completed in 12506ms
3241 http fetch GET 200 https://registry.npmjs.org/@fastify/secure-session/-/secure-session-7.5.1.tgz 11570ms (cache miss)
3242 timing reifyNode:node_modules/@fastify/secure-session Completed in 12426ms
3243 http fetch GET 200 https://registry.npmjs.org/glob 10025ms (cache miss)
3244 timing metavuln:packument:glob Completed in 10028ms
3245 timing metavuln:load:security-advisory:glob:1109842 Completed in 2ms
3246 http fetch GET 200 https://registry.npmjs.org/events/-/events-3.3.0.tgz 11755ms (cache miss)
3247 timing reifyNode:node_modules/events Completed in 12472ms
3248 timing metavuln:cache:put:security-advisory:lodash:OGNA5lR8rR8aeucWHqvJLBV5oaroI/lF2JfG9J2l63dx9uiGUyHuI4ymC6nv+dqWwxtqCIMcqBukiWYEiF5/RQ== Completed in 493ms
3249 timing metavuln:calculate:security-advisory:lodash:1112455 Completed in 10056ms
3250 http fetch GET 200 https://registry.npmjs.org/jest-haste-map/-/jest-haste-map-29.7.0.tgz 11888ms (cache miss)
3251 timing reifyNode:node_modules/jest-haste-map Completed in 12523ms
3252 http fetch GET 200 https://registry.npmjs.org/@tufjs/models/-/models-1.0.4.tgz 11670ms (cache miss)
3253 timing reifyNode:node_modules/@tufjs/models Completed in 12501ms
3254 http fetch GET 200 https://registry.npmjs.org/css-loader/-/css-loader-7.1.1.tgz 11774ms (cache miss)
3255 timing reifyNode:node_modules/css-loader Completed in 12523ms
3256 timing metavuln:cache:put:security-advisory:markdown-it:745Vt4mrHCdT8gFHVh7oHROmP4aH4fErXXhbpeVBhtIHmsxTVI7P3rJSdfXZ1iZTBS6GEnTERL4OWUfc4Co9jQ== Completed in 440ms
3257 timing metavuln:calculate:security-advisory:markdown-it:1113190 Completed in 10101ms
3258 http fetch GET 200 https://registry.npmjs.org/@npmcli/fs/-/fs-1.1.1.tgz 11590ms (cache miss)
3259 timing reifyNode:node_modules/sqlite3/node_modules/@npmcli/fs Completed in 12593ms
3260 http fetch GET 200 https://registry.npmjs.org/promise/-/promise-7.3.1.tgz 12095ms (cache miss)
3261 http fetch GET 200 https://registry.npmjs.org/esprima/-/esprima-4.0.1.tgz 11828ms (cache miss)
3262 timing reifyNode:node_modules/esprima Completed in 12548ms
3263 http fetch GET 200 https://registry.npmjs.org/validator 10116ms (cache miss)
3264 timing metavuln:packument:validator Completed in 10119ms
3265 timing metavuln:load:security-advisory:validator:1109241 Completed in 3ms
3266 timing metavuln:load:security-advisory:validator:1112713 Completed in 2ms
3267 http fetch GET 200 https://registry.npmjs.org/commander/-/commander-10.0.1.tgz 11803ms (cache miss)
3268 timing reifyNode:node_modules/commander Completed in 12562ms
3269 http fetch GET 200 https://registry.npmjs.org/readable-stream/-/readable-stream-3.6.2.tgz 12153ms (cache miss)
3270 timing reifyNode:node_modules/readable-stream Completed in 12624ms
3271 http fetch GET 200 https://registry.npmjs.org/light-my-request/-/light-my-request-5.13.0.tgz 11999ms (cache miss)
3272 timing reifyNode:node_modules/light-my-request Completed in 12603ms
3273 http fetch GET 200 https://registry.npmjs.org/argparse/-/argparse-1.0.10.tgz 11543ms (cache miss)
3274 timing reifyNode:node_modules/@istanbuljs/load-nyc-config/node_modules/argparse Completed in 12566ms
3275 http fetch GET 200 https://registry.npmjs.org/nanoid 10157ms (cache miss)
3276 timing metavuln:packument:nanoid Completed in 10159ms
3277 timing metavuln:load:security-advisory:nanoid:1109563 Completed in 1ms
3278 timing reifyNode:node_modules/promise Completed in 12639ms
3279 http fetch GET 200 https://registry.npmjs.org/find-my-way 10185ms (cache miss)
3280 timing metavuln:packument:find-my-way Completed in 10187ms
3281 timing metavuln:load:security-advisory:find-my-way:1099853 Completed in 1ms
3282 http fetch GET 200 https://registry.npmjs.org/@eslint-community/eslint-utils/-/eslint-utils-4.4.0.tgz 11731ms (cache miss)
3283 timing reifyNode:node_modules/@eslint-community/eslint-utils Completed in 12595ms
3284 http fetch GET 200 https://registry.npmjs.org/@jest/reporters/-/reporters-29.7.0.tgz 11763ms (cache miss)
3285 timing reifyNode:node_modules/@jest/reporters Completed in 12612ms
3286 http fetch GET 200 https://registry.npmjs.org/tar 10206ms (cache miss)
3287 timing metavuln:packument:tar Completed in 10207ms
3288 timing metavuln:load:security-advisory:tar:1112329 Completed in 1ms
3289 timing metavuln:load:security-advisory:tar:1112659 Completed in 1ms
3290 timing metavuln:load:security-advisory:tar:1113300 Completed in 1ms
3291 timing metavuln:load:security-advisory:tar:1113375 Completed in 1ms
3292 timing metavuln:load:security-advisory:tar:1097493 Completed in 1ms
3293 http fetch GET 200 https://registry.npmjs.org/minimatch 10222ms (cache miss)
3294 timing metavuln:packument:minimatch Completed in 10224ms
3295 timing metavuln:load:security-advisory:minimatch:1113459 Completed in 1ms
3296 timing metavuln:load:security-advisory:minimatch:1113461 Completed in 1ms
3297 timing metavuln:load:security-advisory:minimatch:1113465 Completed in 1ms
3298 timing metavuln:load:security-advisory:minimatch:1113538 Completed in 1ms
3299 timing metavuln:load:security-advisory:minimatch:1113540 Completed in 1ms
3300 timing metavuln:load:security-advisory:minimatch:1113544 Completed in 6ms
3301 timing metavuln:load:security-advisory:minimatch:1113546 Completed in 2ms
3302 timing metavuln:load:security-advisory:minimatch:1113548 Completed in 2ms
3303 timing metavuln:load:security-advisory:minimatch:1113552 Completed in 2ms
3304 http fetch GET 200 https://registry.npmjs.org/object-inspect/-/object-inspect-1.13.1.tgz 12183ms (cache miss)
3305 timing reifyNode:node_modules/object-inspect Completed in 12710ms
3306 http fetch GET 200 https://registry.npmjs.org/json5/-/json5-2.2.3.tgz 12088ms (cache miss)
3307 timing reifyNode:node_modules/json5 Completed in 12699ms
3308 http fetch GET 200 https://registry.npmjs.org/esm/-/esm-3.2.25.tgz 11964ms (cache miss)
3309 timing reifyNode:node_modules/esm Completed in 12684ms
3310 http fetch GET 200 https://registry.npmjs.org/entities/-/entities-3.0.1.tgz 11949ms (cache miss)
3311 timing reifyNode:node_modules/entities Completed in 12682ms
3312 http fetch GET 200 https://registry.npmjs.org/@eslint-community/regexpp/-/regexpp-4.10.0.tgz 11804ms (cache miss)
3313 timing reifyNode:node_modules/@eslint-community/regexpp Completed in 12667ms
3314 http fetch GET 200 https://registry.npmjs.org/mustache/-/mustache-4.2.0.tgz 12188ms (cache miss)
3315 timing reifyNode:node_modules/mustache Completed in 12745ms
3316 http fetch GET 200 https://registry.npmjs.org/node-addon-api/-/node-addon-api-4.3.0.tgz 12232ms (cache miss)
3317 timing reifyNode:node_modules/node-addon-api Completed in 12778ms
3318 http fetch GET 200 https://registry.npmjs.org/ext/-/ext-1.7.0.tgz 12045ms (cache miss)
3319 http fetch GET 200 https://registry.npmjs.org/jackspeak/-/jackspeak-2.3.6.tgz 12151ms (cache miss)
3320 timing reifyNode:node_modules/jackspeak Completed in 12789ms
3321 http fetch GET 200 https://registry.npmjs.org/node-addon-api/-/node-addon-api-7.1.0.tgz 11841ms (cache miss)
3322 timing reifyNode:node_modules/sqlite3/node_modules/node-addon-api Completed in 12836ms
3323 timing metavuln:cache:put:security-advisory:qs:vVSN+MRVpdux32gCUfPGidHUGmS/0G5Ziwtmb1YXw3NARw1r47LtySeR7yFf/LZ4sKzi41443WWDDZzPHuCh9g== Completed in 362ms
3324 timing metavuln:calculate:security-advisory:qs:1113161 Completed in 10345ms
3325 timing metavuln:cache:put:security-advisory:qs:iChjlXxtVMTpyXsUse674XoeCayLW4gF6rE7sQcXvHRFegwpM44fUr9Eqlmsmu+S9udu9w9eZmpzcAcyiUJMIQ== Completed in 359ms
3326 timing metavuln:calculate:security-advisory:qs:1113719 Completed in 10344ms
3327 http fetch GET 200 https://registry.npmjs.org/sequelize-cli/-/sequelize-cli-6.6.2.tgz 12378ms (cache miss)
3328 timing reifyNode:node_modules/sequelize-cli Completed in 12832ms
3329 http fetch GET 200 https://registry.npmjs.org/qs/-/qs-6.12.1.tgz 12353ms (cache miss)
3330 timing reifyNode:node_modules/qs Completed in 12827ms
3331 http fetch GET 200 https://registry.npmjs.org/@sinonjs/commons/-/commons-3.0.1.tgz 11939ms (cache miss)
3332 http fetch GET 200 https://registry.npmjs.org/wkx/-/wkx-0.5.0.tgz 12477ms (cache miss)
3333 timing reifyNode:node_modules/wkx Completed in 12864ms
3334 timing reifyNode:node_modules/ext Completed in 12810ms
3335 http fetch GET 200 https://registry.npmjs.org/minipass/-/minipass-7.0.4.tgz 11881ms (cache miss)
3336 timing reifyNode:node_modules/ssri/node_modules/minipass Completed in 12874ms
3337 timing metavuln:cache:put:security-advisory:glob:NTB2XjbDOgk4lkd8PZ3tUAm1F3E/ohGF6rl9/3LEO7Z0FDzSR5nWwzd3nUENA3NCNdyeR+35DOC12wPml2IV+g== Completed in 367ms
3338 timing metavuln:calculate:security-advisory:glob:1109842 Completed in 10397ms
3339 http fetch GET 200 https://registry.npmjs.org/@babel%2fruntime 10399ms (cache miss)
3340 timing metavuln:packument:@babel/runtime Completed in 10400ms
3341 timing metavuln:load:security-advisory:@babel/runtime:1104000 Completed in 3ms
3342 http fetch GET 200 https://registry.npmjs.org/tar/-/tar-6.1.11.tgz 12466ms (cache miss)
3343 timing reifyNode:node_modules/tar Completed in 12892ms
3344 timing reifyNode:node_modules/@sinonjs/commons Completed in 12832ms
3345 http fetch GET 200 https://registry.npmjs.org/@fastify/merge-json-schemas/-/merge-json-schemas-0.1.1.tgz 11974ms (cache miss)
3346 timing reifyNode:node_modules/@fastify/merge-json-schemas Completed in 12829ms
3347 http fetch GET 200 https://registry.npmjs.org/minipass/-/minipass-7.0.4.tgz 11911ms (cache miss)
3348 timing reifyNode:node_modules/pacote/node_modules/fs-minipass/node_modules/minipass Completed in 12915ms
3349 http fetch GET 200 https://registry.npmjs.org/minipass/-/minipass-7.0.4.tgz 11915ms (cache miss)
3350 timing reifyNode:node_modules/path-scurry/node_modules/minipass Completed in 12916ms
3351 http fetch GET 200 https://registry.npmjs.org/minipass/-/minipass-7.0.4.tgz 11892ms (cache miss)
3352 timing reifyNode:node_modules/minipass-fetch/node_modules/minipass Completed in 12906ms
3353 http fetch GET 200 https://registry.npmjs.org/minipass/-/minipass-7.0.4.tgz 11879ms (cache miss)
3354 timing reifyNode:node_modules/glob/node_modules/minipass Completed in 12891ms
3355 http fetch GET 200 https://registry.npmjs.org/minipass/-/minipass-7.0.4.tgz 11822ms (cache miss)
3356 timing reifyNode:node_modules/cacache/node_modules/minipass Completed in 12874ms
3357 http fetch GET 200 https://registry.npmjs.org/ajv 10461ms (cache miss)
3358 timing metavuln:packument:ajv Completed in 10465ms
3359 timing metavuln:load:security-advisory:ajv:1113714 Completed in 7ms
3360 timing metavuln:load:security-advisory:ajv:1113715 Completed in 6ms
3361 timing metavuln:cache:put:security-advisory:validator:IkyJOqfhkev0E9tRX4zbgkqtsxJX67cd4upO2f1EheDpncnx522qyf9oLyXwjDcWGeZOQHSqJUAh/kUyYH60qQ== Completed in 346ms
3362 timing metavuln:calculate:security-advisory:validator:1109241 Completed in 10468ms
3363 http fetch GET 200 https://registry.npmjs.org/prompts-ncu/-/prompts-ncu-3.0.0.tgz 12465ms (cache miss)
3364 timing reifyNode:node_modules/prompts-ncu Completed in 12952ms
3365 http fetch GET 200 https://registry.npmjs.org/thread-stream/-/thread-stream-2.6.0.tgz 12563ms (cache miss)
3366 http fetch GET 200 https://registry.npmjs.org/type-fest/-/type-fest-0.20.2.tgz 12591ms (cache miss)
3367 timing reifyNode:node_modules/type-fest Completed in 13001ms
3368 timing metavuln:cache:put:security-advisory:nanoid:SvMVdtEUVO5ESues2DL9aEFMy6oMG+saOn/tNitKJcx7q7CvMfC5ZcstpC8dbnZl5KL/q/3pYBvQrAPBFsC+nQ== Completed in 363ms
3369 timing metavuln:calculate:security-advisory:nanoid:1109563 Completed in 10523ms
3370 timing metavuln:cache:put:security-advisory:validator:K8tnmsGw+QkTexUmTWxKwuHjWuT7Hea3z5nNI9JdW3F0rI0+n7L2rpU8PIPJJVMbPs2Qmf97TEHw10QorOnMzQ== Completed in 398ms
3371 timing metavuln:calculate:security-advisory:validator:1112713 Completed in 10521ms
3372 timing metavuln:cache:put:security-advisory:find-my-way:ncPGiupWBmuLy3osYbi6NeA3zAkV0H2ETbz204QySGfjGMvhOUrckXpvAqjVyzsYU9NNJZrPHuMSulTPi+/bfw== Completed in 348ms
3373 timing metavuln:calculate:security-advisory:find-my-way:1099853 Completed in 10537ms
3374 timing reifyNode:node_modules/thread-stream Completed in 13038ms
3375 timing metavuln:cache:put:security-advisory:tar:cbwMpzkxWE086TmEbj2aUk80Z6hlvP0jzlWS+XiX15JwqEtFzUgHyHj3QX4I6EZYk8tgcYPuNr3hYFVCQY6e3Q== Completed in 335ms
3376 timing metavuln:calculate:security-advisory:tar:1113300 Completed in 10546ms
3377 timing metavuln:cache:put:security-advisory:tar:a2Rq633Fb450KrL5I+PBBip9RehJ6FtWDjNsehiUQQhfKxytiNr8LSDlXjQgxefFIJVCdcIimTEzMjwUrv3mRQ== Completed in 338ms
3378 timing metavuln:calculate:security-advisory:tar:1112329 Completed in 10547ms
3379 timing metavuln:cache:put:security-advisory:tar:xsfciMtNhQn+Vb692L8h5HEYBYUJ5Lhjy3bF//LOsKSn8tp0f1hbuDX26k9UtKJNPZjM5uuq2Cxlz3KwL19oJg== Completed in 334ms
3380 timing metavuln:calculate:security-advisory:tar:1097493 Completed in 10547ms
3381 timing metavuln:cache:put:security-advisory:minimatch:V/3cIcyAQcG1bwuH0e0PI9Qt5WRtbvb/WOz2mBxAfNzXf+Dvs9G1X05eHjnPq2b0TJY4zXXpqhCAkRAipgk3iQ== Completed in 331ms
3382 timing metavuln:calculate:security-advisory:minimatch:1113459 Completed in 10556ms
3383 timing metavuln:cache:put:security-advisory:tar:Bbf0Br7FJ1lJBIJDoLLFwjsDrbaYgLVqfrwr0ATzSQWEKW7Xp073S+5zxU9imRf4OqRJHo2MsCDeyKR0KRVsdA== Completed in 335ms
3384 timing metavuln:calculate:security-advisory:tar:1113375 Completed in 10547ms
3385 timing metavuln:cache:put:security-advisory:minimatch:B00WbbnnDNaFGA7l9BgrTioYpRMzU4+U8SUF8cn65LwArJAK0O380QwyP/UyxPr7i9XUjX9/AADC41/edu9OrA== Completed in 328ms
3386 timing metavuln:calculate:security-advisory:minimatch:1113465 Completed in 10555ms
3387 timing metavuln:cache:put:security-advisory:minimatch:txOieOIAfgHfBPiN09+pYAjPLRzgUOz3D3illtf9vTzeqs41QJZjfj5jVXCi/3ICpBX0YlJi/ghdWSjCJwNtwA== Completed in 325ms
3388 timing metavuln:calculate:security-advisory:minimatch:1113540 Completed in 10555ms
3389 timing metavuln:cache:put:security-advisory:minimatch:kx7kRjUmjSYmgQBpfsU82Na4xORZqvqpRRSlOyPLadasPBl0YfFJCjIETC00BG7Gd2omQLizgz8/GnnE/hk+Jw== Completed in 327ms
3390 timing metavuln:calculate:security-advisory:minimatch:1113538 Completed in 10555ms
3391 timing metavuln:cache:put:security-advisory:minimatch:IBqefxF0lKwSFXzwGHp5L8khqSaPYY99x0GHtXNH4YxtdIexeL4FFPzrnnBvkhgmGDEWHo3XAgpPYGyM1jidQQ== Completed in 312ms
3392 timing metavuln:calculate:security-advisory:minimatch:1113552 Completed in 10555ms
3393 timing metavuln:cache:put:security-advisory:minimatch:tdaAHfWGUw/nl/W8ALWVH+LvG2E3gvo3P2FI/fVPxm3aZteLxWMOEuk/9iDk5O0/cZN/GRXnabt/mW/bfUoL/g== Completed in 318ms
3394 timing metavuln:calculate:security-advisory:minimatch:1113546 Completed in 10556ms
3395 timing metavuln:cache:put:security-advisory:tar:qPQeYPFDBIedTWfYK3sbnScF6Ha7ouTs+wgndnz4PT5P+/K+GBD4epoPcYpXlu6AC7gSJlCJTJeuKbYAFoK9PA== Completed in 341ms
3396 timing metavuln:calculate:security-advisory:tar:1112659 Completed in 10551ms
3397 timing metavuln:cache:put:security-advisory:minimatch:tJ9Z2VGWqiQfLaVKxc9K/6Rz1g70Mpl3An4UK+K1lyHdz27vYPzhMIkC4jRGAN2wpssY+8l13Ql259B6zkaX/Q== Completed in 330ms
3398 timing metavuln:calculate:security-advisory:minimatch:1113544 Completed in 10566ms
3399 timing metavuln:cache:put:security-advisory:minimatch:/utMkAt3a6jSPsaWIJ1J7tAb7G+ccGxNsymbhFTVWOMIyhRZOJ9QR0zn1SNtejrdUO5fsO4RDJKDMI6C5/bkuw== Completed in 351ms
3400 timing metavuln:calculate:security-advisory:minimatch:1113461 Completed in 10577ms
3401 timing metavuln:cache:put:security-advisory:minimatch:d1vHbFmApmPZ8D7tU5wibuYDk+ODEPdqBqmhQYykwFs/yMixetMkwY01zYVdWNOsg0NvkvSTlNgJ2ddzclruSA== Completed in 337ms
3402 timing metavuln:calculate:security-advisory:minimatch:1113548 Completed in 10578ms
3403 http fetch GET 200 https://registry.npmjs.org/type-fest/-/type-fest-0.21.3.tgz 11997ms (cache miss)
3404 timing reifyNode:node_modules/ansi-escapes/node_modules/type-fest Completed in 13022ms
3405 http fetch GET 200 https://registry.npmjs.org/@jest/core/-/core-29.7.0.tgz 12167ms (cache miss)
3406 timing reifyNode:node_modules/@jest/core Completed in 13019ms
3407 http fetch GET 200 https://registry.npmjs.org/acorn/-/acorn-8.11.3.tgz 12227ms (cache miss)
3408 timing reifyNode:node_modules/acorn Completed in 13030ms
3409 http fetch GET 200 https://registry.npmjs.org/lru-cache/-/lru-cache-10.2.0.tgz 12086ms (cache miss)
3410 timing reifyNode:node_modules/path-scurry/node_modules/lru-cache Completed in 13088ms
3411 http fetch GET 200 https://registry.npmjs.org/path-scurry/-/path-scurry-1.10.2.tgz 12588ms (cache miss)
3412 timing reifyNode:node_modules/path-scurry Completed in 13094ms
3413 http fetch GET 200 https://registry.npmjs.org/semver/-/semver-7.6.0.tgz 12654ms (cache miss)
3414 timing reifyNode:node_modules/semver Completed in 13109ms
3415 http fetch GET 200 https://registry.npmjs.org/postcss-selector-parser/-/postcss-selector-parser-6.0.16.tgz 12617ms (cache miss)
3416 timing reifyNode:node_modules/postcss-selector-parser Completed in 13110ms
3417 http fetch GET 200 https://registry.npmjs.org/pg-protocol/-/pg-protocol-1.6.1.tgz 12605ms (cache miss)
3418 timing reifyNode:node_modules/pg-protocol Completed in 13108ms
3419 timing metavuln:cache:put:security-advisory:@babel/runtime:xDaNmlS3J8LRk7IfDb7e9Gp3gcy/xDr1QZXCKC997SMkqKVemm2guY9vQpRI6omD11L5cfCI+STpoAdxUgnVsA== Completed in 268ms
3420 timing metavuln:calculate:security-advisory:@babel/runtime:1104000 Completed in 10671ms
3421 http fetch GET 200 https://registry.npmjs.org/socks/-/socks-2.7.0.tgz 12723ms (cache miss)
3422 timing reifyNode:node_modules/socks Completed in 13165ms
3423 http fetch GET 200 https://registry.npmjs.org/graphemer/-/graphemer-1.4.0.tgz 12444ms (cache miss)
3424 http fetch GET 200 https://registry.npmjs.org/@sigstore/protobuf-specs/-/protobuf-specs-0.2.1.tgz 12275ms (cache miss)
3425 timing reifyNode:node_modules/@sigstore/protobuf-specs Completed in 13108ms
3426 timing metavuln:cache:put:security-advisory:ajv:u4HOZ0QFYFTDLqnZ5TPSC8VEvP+HMuGcZACJuTqG8bm/gunrgkQwsiiH2pbF9tNIl45RK0sW2ccPzEojb1k0xQ== Completed in 235ms
3427 timing metavuln:calculate:security-advisory:ajv:1113714 Completed in 10707ms
3428 timing metavuln:cache:put:security-advisory:ajv:URErmxoyazZWR5lFcXpgTkGsbkrUBDlzD8W6txjBw2wZoOC7oHjHFfCrRr/VnGeJvbyUY9E2jxrL8p2XbwfP8g== Completed in 241ms
3429 timing metavuln:calculate:security-advisory:ajv:1113715 Completed in 10718ms
3430 timing reifyNode:node_modules/graphemer Completed in 13158ms
3431 http fetch GET 200 https://registry.npmjs.org/fs-extra/-/fs-extra-9.1.0.tgz 12466ms (cache miss)
3432 timing reifyNode:node_modules/fs-extra Completed in 13164ms
3433 http fetch GET 200 https://registry.npmjs.org/@webassemblyjs/ast/-/ast-1.12.1.tgz 12335ms (cache miss)
3434 timing reifyNode:node_modules/@webassemblyjs/ast Completed in 13146ms
3435 http fetch GET 200 https://registry.npmjs.org/fast-copy/-/fast-copy-3.0.2.tgz 12457ms (cache miss)
3436 http fetch GET 200 https://registry.npmjs.org/fast-glob/-/fast-glob-3.2.11.tgz 12469ms (cache miss)
3437 timing reifyNode:node_modules/fast-glob Completed in 13182ms
3438 http fetch GET 200 https://registry.npmjs.org/postcss/-/postcss-8.4.38.tgz 12728ms (cache miss)
3439 timing reifyNode:node_modules/postcss Completed in 13224ms
3440 timing reifyNode:node_modules/fast-copy Completed in 13199ms
3441 http fetch GET 200 https://registry.npmjs.org/enhanced-resolve/-/enhanced-resolve-5.16.0.tgz 12472ms (cache miss)
3442 timing reifyNode:node_modules/enhanced-resolve Completed in 13205ms
3443 http fetch GET 200 https://registry.npmjs.org/readable-stream/-/readable-stream-4.5.2.tgz 12222ms (cache miss)
3444 timing reifyNode:node_modules/fastify-cli/node_modules/readable-stream Completed in 13240ms
3445 http fetch GET 200 https://registry.npmjs.org/got/-/got-12.3.1.tgz 12576ms (cache miss)
3446 timing reifyNode:node_modules/got Completed in 13260ms
3447 http fetch GET 200 https://registry.npmjs.org/uuid/-/uuid-8.3.2.tgz 12925ms (cache miss)
3448 timing reifyNode:node_modules/uuid Completed in 13321ms
3449 http fetch GET 200 https://registry.npmjs.org/readable-stream/-/readable-stream-4.5.2.tgz 12312ms (cache miss)
3450 timing reifyNode:node_modules/pino-pretty/node_modules/readable-stream Completed in 13308ms
3451 http fetch GET 200 https://registry.npmjs.org/readable-stream/-/readable-stream-4.5.2.tgz 12310ms (cache miss)
3452 timing reifyNode:node_modules/pino-abstract-transport/node_modules/readable-stream Completed in 13309ms
3453 http fetch GET 200 https://registry.npmjs.org/concurrently/-/concurrently-8.2.2.tgz 12513ms (cache miss)
3454 timing reifyNode:node_modules/concurrently Completed in 13269ms
3455 http fetch GET 200 https://registry.npmjs.org/avvio/-/avvio-8.3.0.tgz 12484ms (cache miss)
3456 http fetch GET 200 https://registry.npmjs.org/fastify 10853ms (cache miss)
3457 timing metavuln:packument:fastify Completed in 10858ms
3458 timing metavuln:load:security-advisory:fastify:1112876 Completed in 4ms
3459 timing metavuln:load:security-advisory:fastify:1112877 Completed in 3ms
3460 http fetch GET 200 https://registry.npmjs.org/@sinclair/typebox/-/typebox-0.27.8.tgz 12455ms (cache miss)
3461 timing reifyNode:node_modules/@sinclair/typebox Completed in 13288ms
3462 http fetch GET 200 https://registry.npmjs.org/@fastify/send/-/send-2.1.0.tgz 12432ms (cache miss)
3463 http fetch GET 200 https://registry.npmjs.org/js-yaml/-/js-yaml-4.1.0.tgz 12721ms (cache miss)
3464 timing reifyNode:node_modules/js-yaml Completed in 13338ms
3465 http fetch GET 200 https://registry.npmjs.org/type-fest/-/type-fest-1.4.0.tgz 12300ms (cache miss)
3466 timing reifyNode:node_modules/crypto-random-string/node_modules/type-fest Completed in 13322ms
3467 timing reifyNode:node_modules/avvio Completed in 13320ms
3468 timing reifyNode:node_modules/@fastify/send Completed in 13309ms
3469 http fetch GET 200 https://registry.npmjs.org/i18next/-/i18next-23.11.2.tgz 12693ms (cache miss)
3470 timing reifyNode:node_modules/i18next Completed in 13362ms
3471 http fetch GET 200 https://registry.npmjs.org/minimatch/-/minimatch-9.0.4.tgz 12408ms (cache miss)
3472 http fetch GET 200 https://registry.npmjs.org/js-yaml/-/js-yaml-3.14.1.tgz 12336ms (cache miss)
3473 timing reifyNode:node_modules/@istanbuljs/load-nyc-config/node_modules/js-yaml Completed in 13358ms
3474 http fetch GET 200 https://registry.npmjs.org/iconv-lite/-/iconv-lite-0.6.3.tgz 12734ms (cache miss)
3475 http fetch GET 200 https://registry.npmjs.org/@bcoe/v8-coverage/-/v8-coverage-0.2.3.tgz 12509ms (cache miss)
3476 http fetch GET 200 https://registry.npmjs.org/yargs/-/yargs-17.7.2.tgz 13089ms (cache miss)
3477 timing reifyNode:node_modules/npm-check-updates/node_modules/minimatch Completed in 13440ms
3478 http fetch GET 200 https://registry.npmjs.org/minimatch/-/minimatch-9.0.1.tgz 12395ms (cache miss)
3479 http fetch GET 200 https://registry.npmjs.org/esquery/-/esquery-1.5.0.tgz 12714ms (cache miss)
3480 timing reifyNode:node_modules/esquery Completed in 13433ms
3481 timing reifyNode:node_modules/iconv-lite Completed in 13447ms
3482 http fetch GET 200 https://registry.npmjs.org/minimatch/-/minimatch-9.0.4.tgz 12442ms (cache miss)
3483 http fetch GET 200 https://registry.npmjs.org/yargs/-/yargs-16.2.0.tgz 12502ms (cache miss)
3484 timing reifyNode:node_modules/@bcoe/v8-coverage Completed in 13424ms
3485 http fetch GET 200 https://registry.npmjs.org/minimatch/-/minimatch-9.0.4.tgz 12450ms (cache miss)
3486 http fetch GET 200 https://registry.npmjs.org/minimatch/-/minimatch-9.0.4.tgz 12415ms (cache miss)
3487 timing reifyNode:node_modules/yargs Completed in 13525ms
3488 timing reifyNode:node_modules/editorconfig/node_modules/minimatch Completed in 13458ms
3489 http fetch GET 200 https://registry.npmjs.org/uri-js/-/uri-js-4.4.1.tgz 13131ms (cache miss)
3490 http fetch GET 200 https://registry.npmjs.org/@babel/generator/-/generator-7.24.4.tgz 12555ms (cache miss)
3491 timing reifyNode:node_modules/@babel/generator Completed in 13439ms
3492 timing reifyNode:node_modules/ignore-walk/node_modules/minimatch Completed in 13482ms
3493 timing metavuln:cache:put:security-advisory:fastify:5OdrwYv5Xzq+rI3bchsuaHIz85Yyo5gTdhOrQGf2Em7pRhXXR2ur0R7W7qQ6UpWsSxuRBW8Fdp57dyqUhR5/yw== Completed in 177ms
3494 timing metavuln:calculate:security-advisory:fastify:1112876 Completed in 11039ms
3495 timing metavuln:cache:put:security-advisory:fastify:Mu3bbsgGIQMzQU+JUqKbxbOdmJ9sahc+8jmwkzzm3/7BqYYzReNvhjLjZ9XT5ElUjr+2gUCz/6X6tV16iM+obQ== Completed in 174ms
3496 timing metavuln:calculate:security-advisory:fastify:1112877 Completed in 11039ms
3497 timing reifyNode:node_modules/sequelize-cli/node_modules/yargs Completed in 13524ms
3498 timing reifyNode:node_modules/glob/node_modules/minimatch Completed in 13486ms
3499 http fetch GET 200 https://registry.npmjs.org/@sigstore/sign/-/sign-1.0.0.tgz 12623ms (cache miss)
3500 timing reifyNode:node_modules/@tufjs/models/node_modules/minimatch Completed in 13458ms
3501 timing reifyNode:node_modules/uri-js Completed in 13550ms
3502 http fetch GET 200 https://registry.npmjs.org/pino-pretty/-/pino-pretty-10.3.1.tgz 12481ms (cache miss)
3503 timing reifyNode:node_modules/@sigstore/sign Completed in 13478ms
3504 http fetch GET 200 https://registry.npmjs.org/@eslint/eslintrc/-/eslintrc-2.1.4.tgz 12479ms (cache miss)
3505 timing reifyNode:node_modules/eslint/node_modules/@eslint/eslintrc Completed in 13502ms
3506 http fetch GET 200 https://registry.npmjs.org/@eslint/eslintrc/-/eslintrc-3.0.2.tgz 12617ms (cache miss)
3507 timing reifyNode:node_modules/@eslint/eslintrc Completed in 13480ms
3508 http fetch GET 200 https://registry.npmjs.org/source-map/-/source-map-0.6.1.tgz 13121ms (cache miss)
3509 timing reifyNode:node_modules/source-map Completed in 13564ms
3510 timing reifyNode:node_modules/fastify-cli/node_modules/pino-pretty Completed in 13521ms
3511 http fetch GET 200 https://registry.npmjs.org/prompts/-/prompts-2.4.2.tgz 13078ms (cache miss)
3512 timing reifyNode:node_modules/prompts Completed in 13564ms
3513 http fetch GET 200 https://registry.npmjs.org/glob/-/glob-10.3.12.tgz 12853ms (cache miss)
3514 http fetch GET 200 https://registry.npmjs.org/type-fest/-/type-fest-2.19.0.tgz 12509ms (cache miss)
3515 timing reifyNode:node_modules/boxen/node_modules/type-fest Completed in 13532ms
3516 http fetch GET 200 https://registry.npmjs.org/tsconfig-paths/-/tsconfig-paths-3.15.0.tgz 13195ms (cache miss)
3517 timing reifyNode:node_modules/tsconfig-paths Completed in 13606ms
3518 timing reifyNode:node_modules/glob Completed in 13561ms
3519 http fetch GET 200 https://registry.npmjs.org/acorn/-/acorn-7.4.1.tgz 12583ms (cache miss)
3520 timing reifyNode:node_modules/is-expression/node_modules/acorn Completed in 13594ms
3521 http fetch GET 200 https://registry.npmjs.org/bluebird/-/bluebird-3.7.2.tgz 12797ms (cache miss)
3522 timing reifyNode:node_modules/bluebird Completed in 13573ms
3523 http fetch GET 200 https://registry.npmjs.org/pure-rand/-/pure-rand-6.1.0.tgz 13155ms (cache miss)
3524 http fetch GET 200 https://registry.npmjs.org/pino-pretty/-/pino-pretty-11.0.0.tgz 13124ms (cache miss)
3525 timing reifyNode:node_modules/pure-rand Completed in 13648ms
3526 timing reifyNode:node_modules/pino-pretty Completed in 13643ms
3527 http fetch GET 200 https://registry.npmjs.org/neo-async/-/neo-async-2.6.2.tgz 13092ms (cache miss)
3528 http fetch GET 200 https://registry.npmjs.org/istanbul-reports/-/istanbul-reports-3.1.7.tgz 13008ms (cache miss)
3529 timing reifyNode:node_modules/neo-async Completed in 13659ms
3530 http fetch GET 200 https://registry.npmjs.org/sigstore/-/sigstore-1.9.0.tgz 13248ms (cache miss)
3531 timing reifyNode:node_modules/sigstore Completed in 13692ms
3532 timing reifyNode:node_modules/istanbul-reports Completed in 13660ms
3533 http fetch GET 200 https://registry.npmjs.org/generify/-/generify-4.2.0.tgz 12977ms (cache miss)
3534 timing reifyNode:node_modules/generify Completed in 13680ms
3535 http fetch GET 200 https://registry.npmjs.org/fast-json-stringify/-/fast-json-stringify-5.14.1.tgz 12983ms (cache miss)
3536 timing reifyNode:node_modules/fast-json-stringify Completed in 13704ms
3537 http fetch GET 200 https://registry.npmjs.org/find-my-way/-/find-my-way-8.1.0.tgz 13014ms (cache miss)
3538 timing reifyNode:node_modules/find-my-way Completed in 13715ms
3539 http fetch GET 200 https://registry.npmjs.org/@fastify/view/-/view-9.0.0.tgz 12832ms (cache miss)
3540 http fetch GET 200 https://registry.npmjs.org/markdown-it/-/markdown-it-13.0.2.tgz 13156ms (cache miss)
3541 timing reifyNode:node_modules/markdown-it Completed in 13750ms
3542 timing reifyNode:node_modules/@fastify/view Completed in 13701ms
3543 http fetch GET 200 https://registry.npmjs.org/@babel/traverse/-/traverse-7.24.1.tgz 12878ms (cache miss)
3544 timing reifyNode:node_modules/@babel/traverse Completed in 13745ms
3545 http fetch GET 200 https://registry.npmjs.org/rimraf/-/rimraf-5.0.5.tgz 12832ms (cache miss)
3546 http fetch GET 200 https://registry.npmjs.org/db-errors/-/db-errors-0.2.3.tgz 13067ms (cache miss)
3547 http fetch GET 200 https://registry.npmjs.org/@babel/helpers/-/helpers-7.24.4.tgz 12914ms (cache miss)
3548 timing reifyNode:node_modules/@babel/helpers Completed in 13788ms
3549 timing reifyNode:node_modules/npm-check-updates/node_modules/rimraf Completed in 13847ms
3550 timing reifyNode:node_modules/db-errors Completed in 13825ms
3551 http fetch GET 200 https://registry.npmjs.org/@babel/parser/-/parser-7.24.4.tgz 12953ms (cache miss)
3552 timing reifyNode:node_modules/@babel/parser Completed in 13828ms
3553 http fetch GET 200 https://registry.npmjs.org/js-beautify/-/js-beautify-1.15.1.tgz 13300ms (cache miss)
3554 timing reifyNode:node_modules/js-beautify Completed in 13922ms
3555 http fetch GET 200 https://registry.npmjs.org/webpack 11485ms (cache miss)
3556 timing metavuln:packument:webpack Completed in 11498ms
3557 timing metavuln:load:security-advisory:webpack:1113041 Completed in 9ms
3558 timing metavuln:load:security-advisory:webpack:1113042 Completed in 16ms
3559 timing metavuln:load:security-advisory:webpack:1099351 Completed in 18ms
3560 http fetch GET 200 https://registry.npmjs.org/@types/validator/-/validator-13.11.9.tgz 13172ms (cache miss)
3561 http fetch GET 200 https://registry.npmjs.org/ajv-keywords/-/ajv-keywords-5.1.0.tgz 13059ms (cache miss)
3562 timing reifyNode:node_modules/schema-utils/node_modules/ajv-keywords Completed in 14067ms
3563 timing reifyNode:node_modules/@types/validator Completed in 14007ms
3564 timing metavuln:cache:put:security-advisory:webpack:IzHFkMfHDC+SV3IL23ZHngntgLDUgyESA9Ge8Mh5rKNVcDpaWLuTZIcoUJg4/bAH+BQlnDzJ4nLfJCy6fOIM0A== Completed in 106ms
3565 timing metavuln:calculate:security-advisory:webpack:1113041 Completed in 11613ms
3566 timing metavuln:cache:put:security-advisory:webpack:7Pl1j4sHKhCQAEccTmt3XZIEEazRzvyC0TOx07N0G7o5OIhhZ0j0Ji3KSCbTwfmCR/2OHJ3Mx5ZmedDQEQeBbg== Completed in 71ms
3567 timing metavuln:calculate:security-advisory:webpack:1099351 Completed in 11614ms
3568 timing metavuln:cache:put:security-advisory:webpack:s8eUYzfoKCRSDroeyV91F0huXvDaY4W8tlhzcL2BszFV9dolZHIAn/UZ/7LVU12F35esXqY1PqnhYKHfHcDozQ== Completed in 90ms
3569 timing metavuln:calculate:security-advisory:webpack:1113042 Completed in 11614ms
3570 timing metavuln:cache:get:security-advisory:@babel/core:rHFDgAPDp/sCXbJTVH1CD++gRwqnDm1l5hjqv1UshTfFC03lkAXjHj5sWn7bV61VhpDSBibBqnzYuoOuIJuY0Q== Completed in 5ms
3571 http fetch GET 200 https://registry.npmjs.org/resolve/-/resolve-1.22.8.tgz 13654ms (cache miss)
3572 timing reifyNode:node_modules/resolve Completed in 14117ms
3573 http fetch GET 200 https://registry.npmjs.org/ajv/-/ajv-6.12.6.tgz 13274ms (cache miss)
3574 timing reifyNode:node_modules/ajv Completed in 14070ms
3575 http fetch GET 200 https://registry.npmjs.org/type/-/type-2.7.2.tgz 13754ms (cache miss)
3576 timing reifyNode:node_modules/type Completed in 14178ms
3577 http fetch GET 200 https://registry.npmjs.org/@fastify/static/-/static-7.0.3.tgz 13273ms (cache miss)
3578 timing reifyNode:node_modules/@fastify/static Completed in 14141ms
3579 http fetch GET 200 https://registry.npmjs.org/terser/-/terser-5.30.4.tgz 13870ms (cache miss)
3580 timing reifyNode:node_modules/terser Completed in 14295ms
3581 http fetch GET 200 https://registry.npmjs.org/moment-timezone/-/moment-timezone-0.5.45.tgz 13745ms (cache miss)
3582 timing reifyNode:node_modules/moment-timezone Completed in 14321ms
3583 http fetch GET 200 https://registry.npmjs.org/@types/node/-/node-20.12.7.tgz 13466ms (cache miss)
3584 timing reifyNode:node_modules/@types/node Completed in 14304ms
3585 http fetch GET 200 https://registry.npmjs.org/@babel/core/-/core-7.24.4.tgz 13412ms (cache miss)
3586 timing reifyNode:node_modules/@babel/core Completed in 14307ms
3587 http fetch GET 200 https://registry.npmjs.org/eslint-plugin-import/-/eslint-plugin-import-2.29.1.tgz 13636ms (cache miss)
3588 http fetch GET 200 https://registry.npmjs.org/@babel%2fcore 314ms (cache miss)
3589 timing metavuln:packument:@babel/core Completed in 318ms
3590 timing metavuln:load:security-advisory:@babel/core:+NsF1flAI8VENgJn0XVIWaC4lCe3b89AZgBOx219qXn/BdXH1EWl/yD49aHbhQimIG4kna8zgkunsmpiAVwNPQ== Completed in 115ms
3591 timing reifyNode:node_modules/eslint-plugin-import Completed in 14500ms
3592 timing metavuln:cache:put:security-advisory:@babel/core:rHFDgAPDp/sCXbJTVH1CD++gRwqnDm1l5hjqv1UshTfFC03lkAXjHj5sWn7bV61VhpDSBibBqnzYuoOuIJuY0Q== Completed in 116ms
3593 timing metavuln:calculate:security-advisory:@babel/core:+NsF1flAI8VENgJn0XVIWaC4lCe3b89AZgBOx219qXn/BdXH1EWl/yD49aHbhQimIG4kna8zgkunsmpiAVwNPQ== Completed in 549ms
3594 http fetch GET 200 https://registry.npmjs.org/jquery/-/jquery-3.7.1.tgz 14005ms (cache miss)
3595 timing reifyNode:node_modules/jquery Completed in 14627ms
3596 http fetch GET 200 https://registry.npmjs.org/@babel/runtime/-/runtime-7.24.4.tgz 13713ms (cache miss)
3597 timing reifyNode:node_modules/@babel/runtime Completed in 14580ms
3598 timing metavuln:cache:get:security-advisory:date-fns:kHMTVg+O95Y0EFfM2HO1mb7SZ4p5vWeiW1gikHyGe2x3c6+UXU8uqt+wXkUDmiXnjlJPeS0xt/QOsr/K++6P+Q== Completed in 6ms
3599 timing metavuln:cache:get:security-advisory:i18next:l4tbfjbVOZGuH/00FuoHxAf5DtkJBCMqzu0CQ4juWz1pfNe0diGF78qD/NikjjOQugC9THUj3QGPzO/X2ByTaQ== Completed in 6ms
3600 http fetch GET 200 https://registry.npmjs.org/@vscode/sqlite3/-/sqlite3-5.1.2.tgz 13817ms (cache miss)
3601 http fetch GET 200 https://registry.npmjs.org/sqlite3/-/sqlite3-5.1.7.tgz 14270ms (cache miss)
3602 timing reifyNode:node_modules/@vscode/sqlite3 Completed in 14652ms
3603 timing reifyNode:node_modules/sqlite3 Completed in 14728ms
3604 http fetch GET 200 https://registry.npmjs.org/validator/-/validator-13.11.0.tgz 14429ms (cache miss)
3605 timing reifyNode:node_modules/validator Completed in 14823ms
3606 http fetch GET 200 https://registry.npmjs.org/pino/-/pino-8.20.0.tgz 14347ms (cache miss)
3607 timing reifyNode:node_modules/pino Completed in 14857ms
3608 http fetch GET 200 https://registry.npmjs.org/fastify-cli/-/fastify-cli-6.1.1.tgz 14187ms (cache miss)
3609 timing reifyNode:node_modules/fastify-cli Completed in 14901ms
3610 http fetch GET 200 https://registry.npmjs.org/date-fns 309ms (cache miss)
3611 timing metavuln:packument:date-fns Completed in 313ms
3612 timing metavuln:load:security-advisory:date-fns:xDaNmlS3J8LRk7IfDb7e9Gp3gcy/xDr1QZXCKC997SMkqKVemm2guY9vQpRI6omD11L5cfCI+STpoAdxUgnVsA== Completed in 2ms
3613 http fetch GET 200 https://registry.npmjs.org/objection/-/objection-3.1.4.tgz 14450ms (cache miss)
3614 timing reifyNode:node_modules/objection Completed in 14973ms
3615 http fetch GET 200 https://registry.npmjs.org/node-gyp/-/node-gyp-8.4.1.tgz 14006ms (cache miss)
3616 http fetch GET 200 https://registry.npmjs.org/npm-check-updates/-/npm-check-updates-16.14.18.tgz 14444ms (cache miss)
3617 timing reifyNode:node_modules/sqlite3/node_modules/node-gyp Completed in 15008ms
3618 timing reifyNode:node_modules/npm-check-updates Completed in 14983ms
3619 timing metavuln:cache:put:security-advisory:date-fns:kHMTVg+O95Y0EFfM2HO1mb7SZ4p5vWeiW1gikHyGe2x3c6+UXU8uqt+wXkUDmiXnjlJPeS0xt/QOsr/K++6P+Q== Completed in 52ms
3620 timing metavuln:calculate:security-advisory:date-fns:xDaNmlS3J8LRk7IfDb7e9Gp3gcy/xDr1QZXCKC997SMkqKVemm2guY9vQpRI6omD11L5cfCI+STpoAdxUgnVsA== Completed in 368ms
3621 http fetch GET 200 https://registry.npmjs.org/node-gyp/-/node-gyp-9.4.1.tgz 14474ms (cache miss)
3622 timing reifyNode:node_modules/node-gyp Completed in 15025ms
3623 http fetch GET 200 https://registry.npmjs.org/knex/-/knex-3.1.0.tgz 14487ms (cache miss)
3624 timing reifyNode:node_modules/knex Completed in 15096ms
3625 http fetch GET 200 https://registry.npmjs.org/knex/-/knex-2.5.1.tgz 14083ms (cache miss)
3626 timing reifyNode:node_modules/fastify-objectionjs/node_modules/knex Completed in 15099ms
3627 http fetch GET 200 https://registry.npmjs.org/@babel/types/-/types-7.24.0.tgz 14226ms (cache miss)
3628 timing reifyNode:node_modules/@babel/types Completed in 15098ms
3629 http fetch GET 200 https://registry.npmjs.org/i18next 575ms (cache miss)
3630 timing metavuln:packument:i18next Completed in 582ms
3631 timing metavuln:load:security-advisory:i18next:xDaNmlS3J8LRk7IfDb7e9Gp3gcy/xDr1QZXCKC997SMkqKVemm2guY9vQpRI6omD11L5cfCI+STpoAdxUgnVsA== Completed in 8ms
3632 http fetch GET 200 https://registry.npmjs.org/@popperjs/core/-/core-2.11.8.tgz 14343ms (cache miss)
3633 timing reifyNode:node_modules/@popperjs/core Completed in 15184ms
3634 timing metavuln:cache:put:security-advisory:i18next:l4tbfjbVOZGuH/00FuoHxAf5DtkJBCMqzu0CQ4juWz1pfNe0diGF78qD/NikjjOQugC9THUj3QGPzO/X2ByTaQ== Completed in 36ms
3635 timing metavuln:calculate:security-advisory:i18next:xDaNmlS3J8LRk7IfDb7e9Gp3gcy/xDr1QZXCKC997SMkqKVemm2guY9vQpRI6omD11L5cfCI+STpoAdxUgnVsA== Completed in 626ms
3636 timing metavuln:cache:get:security-advisory:@eslint/eslintrc:aTNWJFSkw5DS4SB2nZgnaAFFdAXCgYakUu7Vnu0VAj0AclpVyjznKIgNeS8Irm+NcHSORmoypttmDbChxemxqA== Completed in 4ms
3637 timing metavuln:cache:get:security-advisory:ajv-keywords:CfFtUnAadfuCbS71yeRl9tl/9HIXJ6js/s7gXlcBmi25TSuj5fGBRan13Z6fruYADIymacHLp/CVDNUa5XJjlQ== Completed in 3ms
3638 timing metavuln:cache:get:security-advisory:eslint:6kRX7Aokk76Jx6XoOHiMSU8BTR90SQMK5AZjmt7HFdN87a8DFzzjuJwsTWoA1xHp5ATdta4R7ud3Xw2YczLZlA== Completed in 3ms
3639 timing metavuln:cache:get:security-advisory:schema-utils:vlNV1ObVfukgjaciZvL6tO81wrIqbupJy3JWyMpfVe/qCIyWAVHkVJWWQRgYkBk00jAcxPQ8I4FgEcesSO9D+Q== Completed in 3ms
3640 http fetch GET 200 https://registry.npmjs.org/@eslint%2feslintrc 99ms (cache miss)
3641 timing metavuln:packument:@eslint/eslintrc Completed in 101ms
3642 timing metavuln:load:security-advisory:@eslint/eslintrc:u4HOZ0QFYFTDLqnZ5TPSC8VEvP+HMuGcZACJuTqG8bm/gunrgkQwsiiH2pbF9tNIl45RK0sW2ccPzEojb1k0xQ== Completed in 2ms
3643 http fetch GET 200 https://registry.npmjs.org/ajv-keywords 118ms (cache miss)
3644 timing metavuln:packument:ajv-keywords Completed in 119ms
3645 timing metavuln:load:security-advisory:ajv-keywords:u4HOZ0QFYFTDLqnZ5TPSC8VEvP+HMuGcZACJuTqG8bm/gunrgkQwsiiH2pbF9tNIl45RK0sW2ccPzEojb1k0xQ== Completed in 16ms
3646 http fetch GET 200 https://registry.npmjs.org/schema-utils 145ms (cache miss)
3647 timing metavuln:packument:schema-utils Completed in 146ms
3648 timing metavuln:load:security-advisory:schema-utils:u4HOZ0QFYFTDLqnZ5TPSC8VEvP+HMuGcZACJuTqG8bm/gunrgkQwsiiH2pbF9tNIl45RK0sW2ccPzEojb1k0xQ== Completed in 7ms
3649 timing metavuln:cache:put:security-advisory:@eslint/eslintrc:aTNWJFSkw5DS4SB2nZgnaAFFdAXCgYakUu7Vnu0VAj0AclpVyjznKIgNeS8Irm+NcHSORmoypttmDbChxemxqA== Completed in 60ms
3650 timing metavuln:calculate:security-advisory:@eslint/eslintrc:u4HOZ0QFYFTDLqnZ5TPSC8VEvP+HMuGcZACJuTqG8bm/gunrgkQwsiiH2pbF9tNIl45RK0sW2ccPzEojb1k0xQ== Completed in 163ms
3651 timing metavuln:cache:put:security-advisory:ajv-keywords:CfFtUnAadfuCbS71yeRl9tl/9HIXJ6js/s7gXlcBmi25TSuj5fGBRan13Z6fruYADIymacHLp/CVDNUa5XJjlQ== Completed in 43ms
3652 timing metavuln:calculate:security-advisory:ajv-keywords:u4HOZ0QFYFTDLqnZ5TPSC8VEvP+HMuGcZACJuTqG8bm/gunrgkQwsiiH2pbF9tNIl45RK0sW2ccPzEojb1k0xQ== Completed in 178ms
3653 timing metavuln:cache:put:security-advisory:schema-utils:vlNV1ObVfukgjaciZvL6tO81wrIqbupJy3JWyMpfVe/qCIyWAVHkVJWWQRgYkBk00jAcxPQ8I4FgEcesSO9D+Q== Completed in 33ms
3654 timing metavuln:calculate:security-advisory:schema-utils:u4HOZ0QFYFTDLqnZ5TPSC8VEvP+HMuGcZACJuTqG8bm/gunrgkQwsiiH2pbF9tNIl45RK0sW2ccPzEojb1k0xQ== Completed in 187ms
3655 http fetch GET 200 https://registry.npmjs.org/es5-ext/-/es5-ext-0.10.64.tgz 14822ms (cache miss)
3656 timing reifyNode:node_modules/es5-ext Completed in 15551ms
3657 http fetch GET 200 https://registry.npmjs.org/eslint 337ms (cache miss)
3658 timing metavuln:packument:eslint Completed in 351ms
3659 timing metavuln:load:security-advisory:eslint:u4HOZ0QFYFTDLqnZ5TPSC8VEvP+HMuGcZACJuTqG8bm/gunrgkQwsiiH2pbF9tNIl45RK0sW2ccPzEojb1k0xQ== Completed in 10ms
3660 timing metavuln:cache:put:security-advisory:eslint:6kRX7Aokk76Jx6XoOHiMSU8BTR90SQMK5AZjmt7HFdN87a8DFzzjuJwsTWoA1xHp5ATdta4R7ud3Xw2YczLZlA== Completed in 32ms
3661 timing metavuln:calculate:security-advisory:eslint:u4HOZ0QFYFTDLqnZ5TPSC8VEvP+HMuGcZACJuTqG8bm/gunrgkQwsiiH2pbF9tNIl45RK0sW2ccPzEojb1k0xQ== Completed in 393ms
3662 timing metavuln:cache:get:security-advisory:@fastify/ajv-compiler:+MLdGrUswLVyvmXiuYG66Nr9N0uWS06Mp2b1NPYRzxFzRanMM4snyVQYmf7jDlBCLmagi+ylWXX6kGn5g5IXJg== Completed in 4ms
3663 timing metavuln:cache:get:security-advisory:ajv-formats:FvZpb7jSNyyWiQIVPGitnU868Mo9VzJTfWeYAHvgwc94UdQjyn/4YC1QV41UK3biKRAfI35CyKmFL3IDemDaKQ== Completed in 4ms
3664 timing metavuln:cache:get:security-advisory:fast-json-stringify:XZWsOq+kHn1UjLK/uKvUbRzYGtOQyzV/hW4n+VQ+pUIUFFHT8wgzf3SfcccZ6hMHYV0BuN0TqHOEr1Pvh2AbvQ== Completed in 4ms
3665 timing metavuln:cache:get:security-advisory:objection:jeTPYs/kAD6NSRH/MdI7QnU+4Hiwje7WgQEBOjoTX9eJtgPbcSXlxjiVq480QD1AoBjpOEDDxi5b4uTcS/+5FA== Completed in 4ms
3666 timing metavuln:cache:get:security-advisory:schema-utils:jeD++QW3RmuXUj4724QcitSOqXm1y5wbrmfm8CQ+ksMJQx9x5aXXN4+FC6sDGla6lZbT/KpvddsLwTCnkcqp7w== Completed in 3ms
3667 timing metavuln:load:security-advisory:schema-utils:URErmxoyazZWR5lFcXpgTkGsbkrUBDlzD8W6txjBw2wZoOC7oHjHFfCrRr/VnGeJvbyUY9E2jxrL8p2XbwfP8g== Completed in 4ms
3668 timing metavuln:cache:get:security-advisory:ajv-keywords:2GXRn8zsuxNEY7/qN6wYE4CrPKkAphM+4Wm/OdOGHx+Nj0CLwtJcho1aVT3xUylELIHg6tXqQVmGBKQ2DdlCMA== Completed in 7ms
3669 timing metavuln:load:security-advisory:ajv-keywords:URErmxoyazZWR5lFcXpgTkGsbkrUBDlzD8W6txjBw2wZoOC7oHjHFfCrRr/VnGeJvbyUY9E2jxrL8p2XbwfP8g== Completed in 9ms
3670 http fetch GET 200 https://registry.npmjs.org/fastify/-/fastify-4.26.2.tgz 14955ms (cache miss)
3671 timing reifyNode:node_modules/fastify Completed in 15670ms
3672 timing metavuln:cache:put:security-advisory:ajv-keywords:2GXRn8zsuxNEY7/qN6wYE4CrPKkAphM+4Wm/OdOGHx+Nj0CLwtJcho1aVT3xUylELIHg6tXqQVmGBKQ2DdlCMA== Completed in 43ms
3673 timing metavuln:calculate:security-advisory:ajv-keywords:URErmxoyazZWR5lFcXpgTkGsbkrUBDlzD8W6txjBw2wZoOC7oHjHFfCrRr/VnGeJvbyUY9E2jxrL8p2XbwfP8g== Completed in 59ms
3674 timing metavuln:cache:put:security-advisory:schema-utils:jeD++QW3RmuXUj4724QcitSOqXm1y5wbrmfm8CQ+ksMJQx9x5aXXN4+FC6sDGla6lZbT/KpvddsLwTCnkcqp7w== Completed in 57ms
3675 timing metavuln:calculate:security-advisory:schema-utils:URErmxoyazZWR5lFcXpgTkGsbkrUBDlzD8W6txjBw2wZoOC7oHjHFfCrRr/VnGeJvbyUY9E2jxrL8p2XbwfP8g== Completed in 64ms
3676 http fetch GET 200 https://registry.npmjs.org/ajv-formats 93ms (cache miss)
3677 timing metavuln:packument:ajv-formats Completed in 94ms
3678 timing metavuln:load:security-advisory:ajv-formats:URErmxoyazZWR5lFcXpgTkGsbkrUBDlzD8W6txjBw2wZoOC7oHjHFfCrRr/VnGeJvbyUY9E2jxrL8p2XbwfP8g== Completed in 8ms
3679 http fetch GET 200 https://registry.npmjs.org/fast-json-stringify 140ms (cache miss)
3680 timing metavuln:packument:fast-json-stringify Completed in 143ms
3681 timing metavuln:load:security-advisory:fast-json-stringify:URErmxoyazZWR5lFcXpgTkGsbkrUBDlzD8W6txjBw2wZoOC7oHjHFfCrRr/VnGeJvbyUY9E2jxrL8p2XbwfP8g== Completed in 12ms
3682 timing metavuln:cache:put:security-advisory:ajv-formats:FvZpb7jSNyyWiQIVPGitnU868Mo9VzJTfWeYAHvgwc94UdQjyn/4YC1QV41UK3biKRAfI35CyKmFL3IDemDaKQ== Completed in 56ms
3683 timing metavuln:calculate:security-advisory:ajv-formats:URErmxoyazZWR5lFcXpgTkGsbkrUBDlzD8W6txjBw2wZoOC7oHjHFfCrRr/VnGeJvbyUY9E2jxrL8p2XbwfP8g== Completed in 158ms
3684 http fetch GET 200 https://registry.npmjs.org/sequelize/-/sequelize-6.37.3.tgz 15397ms (cache miss)
3685 http fetch GET 200 https://registry.npmjs.org/ajv/-/ajv-8.12.0.tgz 14834ms (cache miss)
3686 http fetch GET 200 https://registry.npmjs.org/ajv/-/ajv-8.11.0.tgz 14770ms (cache miss)
3687 timing reifyNode:node_modules/sequelize Completed in 15859ms
3688 http fetch GET 200 https://registry.npmjs.org/ajv/-/ajv-8.12.0.tgz 14798ms (cache miss)
3689 timing reifyNode:node_modules/ajv-formats/node_modules/ajv Completed in 15802ms
3690 timing reifyNode:node_modules/objection/node_modules/ajv Completed in 15847ms
3691 http fetch GET 200 https://registry.npmjs.org/ajv/-/ajv-8.12.0.tgz 14763ms (cache miss)
3692 timing metavuln:cache:put:security-advisory:fast-json-stringify:XZWsOq+kHn1UjLK/uKvUbRzYGtOQyzV/hW4n+VQ+pUIUFFHT8wgzf3SfcccZ6hMHYV0BuN0TqHOEr1Pvh2AbvQ== Completed in 41ms
3693 timing metavuln:calculate:security-advisory:fast-json-stringify:URErmxoyazZWR5lFcXpgTkGsbkrUBDlzD8W6txjBw2wZoOC7oHjHFfCrRr/VnGeJvbyUY9E2jxrL8p2XbwfP8g== Completed in 196ms
3694 timing reifyNode:node_modules/@fastify/ajv-compiler/node_modules/ajv Completed in 15795ms
3695 timing reifyNode:node_modules/fast-json-stringify/node_modules/ajv Completed in 15827ms
3696 http fetch GET 200 https://registry.npmjs.org/ajv/-/ajv-8.11.0.tgz 14879ms (cache miss)
3697 timing reifyNode:node_modules/schema-utils/node_modules/ajv Completed in 15887ms
3698 http fetch GET 200 https://registry.npmjs.org/better-sqlite3/-/better-sqlite3-8.7.0.tgz 15190ms (cache miss)
3699 timing reifyNode:node_modules/better-sqlite3 Completed in 15976ms
3700 http fetch GET 200 https://registry.npmjs.org/objection 437ms (cache miss)
3701 timing metavuln:packument:objection Completed in 441ms
3702 timing metavuln:load:security-advisory:objection:URErmxoyazZWR5lFcXpgTkGsbkrUBDlzD8W6txjBw2wZoOC7oHjHFfCrRr/VnGeJvbyUY9E2jxrL8p2XbwfP8g== Completed in 24ms
3703 http fetch GET 200 https://registry.npmjs.org/eslint/-/eslint-8.57.0.tgz 15405ms (cache miss)
3704 timing reifyNode:node_modules/eslint Completed in 16132ms
3705 timing metavuln:cache:put:security-advisory:objection:jeTPYs/kAD6NSRH/MdI7QnU+4Hiwje7WgQEBOjoTX9eJtgPbcSXlxjiVq480QD1AoBjpOEDDxi5b4uTcS/+5FA== Completed in 40ms
3706 timing metavuln:calculate:security-advisory:objection:URErmxoyazZWR5lFcXpgTkGsbkrUBDlzD8W6txjBw2wZoOC7oHjHFfCrRr/VnGeJvbyUY9E2jxrL8p2XbwfP8g== Completed in 507ms
3707 http fetch GET 200 https://registry.npmjs.org/bootstrap/-/bootstrap-5.3.3.tgz 15659ms (cache miss)
3708 timing reifyNode:node_modules/bootstrap Completed in 16435ms
3709 http fetch GET 200 https://registry.npmjs.org/moment/-/moment-2.30.1.tgz 15914ms (cache miss)
3710 timing reifyNode:node_modules/moment Completed in 16478ms
3711 http fetch GET 200 https://registry.npmjs.org/@fastify%2fajv-compiler 915ms (cache miss)
3712 timing metavuln:packument:@fastify/ajv-compiler Completed in 915ms
3713 timing metavuln:load:security-advisory:@fastify/ajv-compiler:URErmxoyazZWR5lFcXpgTkGsbkrUBDlzD8W6txjBw2wZoOC7oHjHFfCrRr/VnGeJvbyUY9E2jxrL8p2XbwfP8g== Completed in 1ms
3714 timing metavuln:cache:put:security-advisory:@fastify/ajv-compiler:+MLdGrUswLVyvmXiuYG66Nr9N0uWS06Mp2b1NPYRzxFzRanMM4snyVQYmf7jDlBCLmagi+ylWXX6kGn5g5IXJg== Completed in 12ms
3715 timing metavuln:calculate:security-advisory:@fastify/ajv-compiler:URErmxoyazZWR5lFcXpgTkGsbkrUBDlzD8W6txjBw2wZoOC7oHjHFfCrRr/VnGeJvbyUY9E2jxrL8p2XbwfP8g== Completed in 929ms
3716 timing metavuln:cache:get:security-advisory:@istanbuljs/load-nyc-config:w/86FNlNAKUQI54d7RUzBsP1/0m9gEqvzcKgVc1hG/QVJuqE1LIXvZVbQtAg4c7kez3/aUOM4JWOhkj3kEEPVA== Completed in 2ms
3717 http fetch GET 200 https://registry.npmjs.org/caniuse-lite/-/caniuse-lite-1.0.30001612.tgz 15849ms (cache miss)
3718 timing reifyNode:node_modules/caniuse-lite Completed in 16623ms
3719 http fetch GET 200 https://registry.npmjs.org/lodash/-/lodash-4.17.21.tgz 16079ms (cache miss)
3720 timing reifyNode:node_modules/lodash Completed in 16681ms
3721 http fetch GET 200 https://registry.npmjs.org/webpack/-/webpack-5.91.0.tgz 16427ms (cache miss)
3722 timing reifyNode:node_modules/webpack Completed in 16818ms
3723 http fetch GET 200 https://registry.npmjs.org/sodium-native/-/sodium-native-4.1.1.tgz 16401ms (cache miss)
3724 timing reifyNode:node_modules/sodium-native Completed in 16846ms
3725 http fetch GET 200 https://registry.npmjs.org/@istanbuljs%2fload-nyc-config 308ms (cache miss)
3726 timing metavuln:packument:@istanbuljs/load-nyc-config Completed in 308ms
3727 timing metavuln:load:security-advisory:@istanbuljs/load-nyc-config:MQ5RokLIvrWmT8/NQU0dD+jQ+6pFslHlaXx1Z5q7mESITohR8AwLT525ddIc2KvKZYbB1p5yclW3kV4xeRYXEg== Completed in 1ms
3728 timing metavuln:cache:put:security-advisory:@istanbuljs/load-nyc-config:w/86FNlNAKUQI54d7RUzBsP1/0m9gEqvzcKgVc1hG/QVJuqE1LIXvZVbQtAg4c7kez3/aUOM4JWOhkj3kEEPVA== Completed in 16ms
3729 timing metavuln:calculate:security-advisory:@istanbuljs/load-nyc-config:MQ5RokLIvrWmT8/NQU0dD+jQ+6pFslHlaXx1Z5q7mESITohR8AwLT525ddIc2KvKZYbB1p5yclW3kV4xeRYXEg== Completed in 326ms
3730 timing metavuln:cache:get:security-advisory:@eslint/eslintrc:+dj/LqpwTuLnMbBYuGIzIb6b3zspptDh0rakRHhZtIReGOQCQDIXFUqoHFXyUBrXqkKL96IYWa7gOtmMPQ2AIw== Completed in 3ms
3731 timing metavuln:load:security-advisory:@eslint/eslintrc:621IdjBdZEeVoUcjWGl1jXN0jFDGaf7dIQMeaPVKf5MxqYprJztiOC0OHOUPVoayh7Cq/fTC8L5CqEb98qlE7w== Completed in 2ms
3732 timing metavuln:cache:get:security-advisory:eslint:tWpS8shwtPvlnKrr0IDTnNgdZsEAPzEyjXys9cT2vEpfBr9XWHwJtpN5VN/tlasnmObTFIj3QrfKiIX5Y5+g2Q== Completed in 6ms
3733 timing metavuln:load:security-advisory:eslint:621IdjBdZEeVoUcjWGl1jXN0jFDGaf7dIQMeaPVKf5MxqYprJztiOC0OHOUPVoayh7Cq/fTC8L5CqEb98qlE7w== Completed in 9ms
3734 timing metavuln:cache:get:security-advisory:npm-check-updates:9vC8VlwNHMPreDKCmfk/iQYKr5FKq35DZWscTOeXqRjPbM+Efw5aQBr9cfJGMTacDylcPe1nQJ5GQctXjbhmEA== Completed in 14ms
3735 timing metavuln:cache:get:security-advisory:rc-config-loader:q4AulNladPM/Ic9lEbKbGuyQzjCn1jqwz0AMYs/yQHvgYOx1mDpLBZLgKZBAnHqoDFu8LWanb5hOiIEPx1/klw== Completed in 15ms
3736 timing metavuln:cache:put:security-advisory:eslint:tWpS8shwtPvlnKrr0IDTnNgdZsEAPzEyjXys9cT2vEpfBr9XWHwJtpN5VN/tlasnmObTFIj3QrfKiIX5Y5+g2Q== Completed in 22ms
3737 timing metavuln:calculate:security-advisory:eslint:621IdjBdZEeVoUcjWGl1jXN0jFDGaf7dIQMeaPVKf5MxqYprJztiOC0OHOUPVoayh7Cq/fTC8L5CqEb98qlE7w== Completed in 37ms
3738 timing metavuln:cache:put:security-advisory:@eslint/eslintrc:+dj/LqpwTuLnMbBYuGIzIb6b3zspptDh0rakRHhZtIReGOQCQDIXFUqoHFXyUBrXqkKL96IYWa7gOtmMPQ2AIw== Completed in 32ms
3739 timing metavuln:calculate:security-advisory:@eslint/eslintrc:621IdjBdZEeVoUcjWGl1jXN0jFDGaf7dIQMeaPVKf5MxqYprJztiOC0OHOUPVoayh7Cq/fTC8L5CqEb98qlE7w== Completed in 37ms
3740 http fetch GET 200 https://registry.npmjs.org/rc-config-loader 333ms (cache miss)
3741 timing metavuln:packument:rc-config-loader Completed in 335ms
3742 timing metavuln:load:security-advisory:rc-config-loader:621IdjBdZEeVoUcjWGl1jXN0jFDGaf7dIQMeaPVKf5MxqYprJztiOC0OHOUPVoayh7Cq/fTC8L5CqEb98qlE7w== Completed in 1ms
3743 timing metavuln:cache:put:security-advisory:rc-config-loader:q4AulNladPM/Ic9lEbKbGuyQzjCn1jqwz0AMYs/yQHvgYOx1mDpLBZLgKZBAnHqoDFu8LWanb5hOiIEPx1/klw== Completed in 12ms
3744 timing metavuln:calculate:security-advisory:rc-config-loader:621IdjBdZEeVoUcjWGl1jXN0jFDGaf7dIQMeaPVKf5MxqYprJztiOC0OHOUPVoayh7Cq/fTC8L5CqEb98qlE7w== Completed in 348ms
3745 http fetch GET 200 https://registry.npmjs.org/es-abstract/-/es-abstract-1.23.3.tgz 16733ms (cache miss)
3746 timing reifyNode:node_modules/es-abstract Completed in 17465ms
3747 http fetch GET 200 https://registry.npmjs.org/rxjs/-/rxjs-7.8.1.tgz 17283ms (cache miss)
3748 timing reifyNode:node_modules/rxjs Completed in 17741ms
3749 http fetch GET 200 https://registry.npmjs.org/npm-check-updates 954ms (cache miss)
3750 timing metavuln:packument:npm-check-updates Completed in 962ms
3751 timing metavuln:load:security-advisory:npm-check-updates:621IdjBdZEeVoUcjWGl1jXN0jFDGaf7dIQMeaPVKf5MxqYprJztiOC0OHOUPVoayh7Cq/fTC8L5CqEb98qlE7w== Completed in 5ms
3752 timing metavuln:cache:put:security-advisory:npm-check-updates:9vC8VlwNHMPreDKCmfk/iQYKr5FKq35DZWscTOeXqRjPbM+Efw5aQBr9cfJGMTacDylcPe1nQJ5GQctXjbhmEA== Completed in 5ms
3753 timing metavuln:calculate:security-advisory:npm-check-updates:621IdjBdZEeVoUcjWGl1jXN0jFDGaf7dIQMeaPVKf5MxqYprJztiOC0OHOUPVoayh7Cq/fTC8L5CqEb98qlE7w== Completed in 972ms
3754 timing metavuln:cache:get:security-advisory:@fastify/static:TJO1f5BqMO4qMGONrc+X2aE91hAeJVEa64O46oNWsNPJu2NMTiGs2lLdmyRmAW0v3iBC5Nb7yZi+GFX0dYya2A== Completed in 4ms
3755 timing metavuln:cache:get:security-advisory:cacache:jgcnDPpQA6Pd0WUq11of4JS3nfZzFbYPGEiM5lXhkm38JNpJrS4nuiCNInBrG+RFBevWIak8ZWL+tkpr1DlzGg== Completed in 4ms
3756 timing metavuln:cache:get:security-advisory:js-beautify:Vg4oCCAQB/t0zzprsEbdJg6TgVHuRJw0PRholaLu8gEgXPNwujG9YYkL+R6A/jlFVJswJIA/24mjV0y67XN7RQ== Completed in 3ms
3757 timing metavuln:cache:get:security-advisory:rimraf:U6dWjEG+wBLaAeoUiIjGQdamS87vxL0a3IcTpkHufDNqr9Eagu7/CvMBwQallZVI2Pl2lkAMB2WJoO94XiR/Rw== Completed in 2ms
3758 timing metavuln:cache:get:security-advisory:read-package-json:5WkYUYsTGprHudeNOjhfcYXDGB8eWDswOp2+aJWtp1ncEbaoiGa2Q1lkBQE7lR7C0v/5HFdS8ID7fdeWkZPMug== Completed in 2ms
3759 http fetch GET 200 https://registry.npmjs.org/cacache 49ms (cache miss)
3760 timing metavuln:packument:cacache Completed in 52ms
3761 timing metavuln:load:security-advisory:cacache:NTB2XjbDOgk4lkd8PZ3tUAm1F3E/ohGF6rl9/3LEO7Z0FDzSR5nWwzd3nUENA3NCNdyeR+35DOC12wPml2IV+g== Completed in 5ms
3762 http fetch GET 200 https://registry.npmjs.org/rimraf 59ms (cache miss)
3763 timing metavuln:packument:rimraf Completed in 60ms
3764 timing metavuln:load:security-advisory:rimraf:NTB2XjbDOgk4lkd8PZ3tUAm1F3E/ohGF6rl9/3LEO7Z0FDzSR5nWwzd3nUENA3NCNdyeR+35DOC12wPml2IV+g== Completed in 5ms
3765 http fetch GET 200 https://registry.npmjs.org/js-beautify 72ms (cache miss)
3766 timing metavuln:packument:js-beautify Completed in 74ms
3767 timing metavuln:load:security-advisory:js-beautify:NTB2XjbDOgk4lkd8PZ3tUAm1F3E/ohGF6rl9/3LEO7Z0FDzSR5nWwzd3nUENA3NCNdyeR+35DOC12wPml2IV+g== Completed in 4ms
3768 timing metavuln:cache:put:security-advisory:cacache:jgcnDPpQA6Pd0WUq11of4JS3nfZzFbYPGEiM5lXhkm38JNpJrS4nuiCNInBrG+RFBevWIak8ZWL+tkpr1DlzGg== Completed in 28ms
3769 timing metavuln:calculate:security-advisory:cacache:NTB2XjbDOgk4lkd8PZ3tUAm1F3E/ohGF6rl9/3LEO7Z0FDzSR5nWwzd3nUENA3NCNdyeR+35DOC12wPml2IV+g== Completed in 87ms
3770 timing metavuln:cache:put:security-advisory:rimraf:U6dWjEG+wBLaAeoUiIjGQdamS87vxL0a3IcTpkHufDNqr9Eagu7/CvMBwQallZVI2Pl2lkAMB2WJoO94XiR/Rw== Completed in 21ms
3771 timing metavuln:calculate:security-advisory:rimraf:NTB2XjbDOgk4lkd8PZ3tUAm1F3E/ohGF6rl9/3LEO7Z0FDzSR5nWwzd3nUENA3NCNdyeR+35DOC12wPml2IV+g== Completed in 87ms
3772 timing metavuln:cache:put:security-advisory:js-beautify:Vg4oCCAQB/t0zzprsEbdJg6TgVHuRJw0PRholaLu8gEgXPNwujG9YYkL+R6A/jlFVJswJIA/24mjV0y67XN7RQ== Completed in 10ms
3773 timing metavuln:calculate:security-advisory:js-beautify:NTB2XjbDOgk4lkd8PZ3tUAm1F3E/ohGF6rl9/3LEO7Z0FDzSR5nWwzd3nUENA3NCNdyeR+35DOC12wPml2IV+g== Completed in 89ms
3774 http fetch GET 200 https://registry.npmjs.org/read-package-json 888ms (cache miss)
3775 timing metavuln:packument:read-package-json Completed in 888ms
3776 timing metavuln:load:security-advisory:read-package-json:NTB2XjbDOgk4lkd8PZ3tUAm1F3E/ohGF6rl9/3LEO7Z0FDzSR5nWwzd3nUENA3NCNdyeR+35DOC12wPml2IV+g== Completed in 2ms
3777 timing metavuln:cache:put:security-advisory:read-package-json:5WkYUYsTGprHudeNOjhfcYXDGB8eWDswOp2+aJWtp1ncEbaoiGa2Q1lkBQE7lR7C0v/5HFdS8ID7fdeWkZPMug== Completed in 6ms
3778 timing metavuln:calculate:security-advisory:read-package-json:NTB2XjbDOgk4lkd8PZ3tUAm1F3E/ohGF6rl9/3LEO7Z0FDzSR5nWwzd3nUENA3NCNdyeR+35DOC12wPml2IV+g== Completed in 896ms
3779 http fetch GET 200 https://registry.npmjs.org/@fastify%2fstatic 1196ms (cache miss)
3780 timing metavuln:packument:@fastify/static Completed in 1196ms
3781 timing metavuln:load:security-advisory:@fastify/static:NTB2XjbDOgk4lkd8PZ3tUAm1F3E/ohGF6rl9/3LEO7Z0FDzSR5nWwzd3nUENA3NCNdyeR+35DOC12wPml2IV+g== Completed in 2ms
3782 timing metavuln:cache:put:security-advisory:@fastify/static:TJO1f5BqMO4qMGONrc+X2aE91hAeJVEa64O46oNWsNPJu2NMTiGs2lLdmyRmAW0v3iBC5Nb7yZi+GFX0dYya2A== Completed in 12ms
3783 timing metavuln:calculate:security-advisory:@fastify/static:NTB2XjbDOgk4lkd8PZ3tUAm1F3E/ohGF6rl9/3LEO7Z0FDzSR5nWwzd3nUENA3NCNdyeR+35DOC12wPml2IV+g== Completed in 1210ms
3784 timing metavuln:cache:get:security-advisory:minimatch:EdzP79sukXfwnaTxyFO/a1+fXPBBvIH9NlsgWGTGWGSpQkNPxYQxFaMxiKCAwfckwBABbsvD1jCrk+QZ4W56Rw== Completed in 0ms
3785 timing metavuln:load:security-advisory:minimatch:7IQMvcVTr+svbh5KCx4Kl6FQKJ1GciM03BnJAve/5WYJjUeRzKAIrStVpfachbl3T6a7o8nYlQEVG6Ih0TNXRg== Completed in 1ms
3786 timing metavuln:cache:put:security-advisory:minimatch:EdzP79sukXfwnaTxyFO/a1+fXPBBvIH9NlsgWGTGWGSpQkNPxYQxFaMxiKCAwfckwBABbsvD1jCrk+QZ4W56Rw== Completed in 12ms
3787 timing metavuln:calculate:security-advisory:minimatch:7IQMvcVTr+svbh5KCx4Kl6FQKJ1GciM03BnJAve/5WYJjUeRzKAIrStVpfachbl3T6a7o8nYlQEVG6Ih0TNXRg== Completed in 14ms
3788 timing metavuln:cache:get:security-advisory:minimatch:47aVejY8/1KnEnFlTo+uF90a7w1XvtOjMP1i7DvyX4+jxy/wlG4RjX1rMW+bmptQMpL8TSkcMyWTMH7gxl9Fpg== Completed in 1ms
3789 timing metavuln:load:security-advisory:minimatch:mClmYqWawCNXseeTBHWiIwZH/2CmFUqPCmosJIeOhAgD9z1v3SayhHAwaWVo8wmeKU/JN9VP4zDBeXaqy3Ay2A== Completed in 1ms
3790 timing metavuln:cache:put:security-advisory:minimatch:47aVejY8/1KnEnFlTo+uF90a7w1XvtOjMP1i7DvyX4+jxy/wlG4RjX1rMW+bmptQMpL8TSkcMyWTMH7gxl9Fpg== Completed in 11ms
3791 timing metavuln:calculate:security-advisory:minimatch:mClmYqWawCNXseeTBHWiIwZH/2CmFUqPCmosJIeOhAgD9z1v3SayhHAwaWVo8wmeKU/JN9VP4zDBeXaqy3Ay2A== Completed in 13ms
3792 timing metavuln:cache:get:security-advisory:@eslint/eslintrc:ekjU9xvLMIGZ60VAS3cJiXhpLVygLLVhrX5j5gbU96muSnaowg56B//Z2ieRbqnSyEhXO09OAWrrIfGViIVogQ== Completed in 2ms
3793 timing metavuln:load:security-advisory:@eslint/eslintrc:V/3cIcyAQcG1bwuH0e0PI9Qt5WRtbvb/WOz2mBxAfNzXf+Dvs9G1X05eHjnPq2b0TJY4zXXpqhCAkRAipgk3iQ== Completed in 1ms
3794 timing metavuln:cache:get:security-advisory:@humanwhocodes/config-array:Tk7QyZJ/5FJIVNFvkr1kqYAW2HdFmlGmqor9USZiENZhVXh0kmlTve1snlA6YKmRt6Vc/ua7GMSY9wOQLaXfEQ== Completed in 3ms
3795 timing metavuln:cache:get:security-advisory:glob:SiaR+x876RZ4PrtFfgITl2I3eRZNkCbXOr2JdOKzsfFOqrFtyoEMmqMabD5D9LbuunJXr2ioG0JXsVQhURvrcw== Completed in 4ms
3796 timing metavuln:load:security-advisory:glob:V/3cIcyAQcG1bwuH0e0PI9Qt5WRtbvb/WOz2mBxAfNzXf+Dvs9G1X05eHjnPq2b0TJY4zXXpqhCAkRAipgk3iQ== Completed in 13ms
3797 timing metavuln:cache:get:security-advisory:eslint:ev5azc2U50vUYTqLo2/jaU7l8ps6Yvlqzkyp5OLr37QKqPK3+eCnjR+sureWWgBbnj1subBH7GupBmACDEZ2Mw== Completed in 17ms
3798 timing metavuln:load:security-advisory:eslint:V/3cIcyAQcG1bwuH0e0PI9Qt5WRtbvb/WOz2mBxAfNzXf+Dvs9G1X05eHjnPq2b0TJY4zXXpqhCAkRAipgk3iQ== Completed in 6ms
3799 timing metavuln:cache:get:security-advisory:eslint-plugin-import:8kV5Y/kp5eDWHoCxaxP2GpSM+URcZdaiGzBLqLCUL1aFnqNJYOG1MA8HRImPYwbeSnjoD4UdCemYrgpPgqe0nQ== Completed in 23ms
3800 timing metavuln:cache:get:security-advisory:test-exclude:De4LSt7GFd/3aSdpF9X0QBXe74F5SOyZn84x+XzVHWPULZ2n4LHZiiFowGX/Gy/2DxKjKrSmy5eilhUTqfLeXA== Completed in 22ms
3801 timing metavuln:cache:put:security-advisory:@eslint/eslintrc:ekjU9xvLMIGZ60VAS3cJiXhpLVygLLVhrX5j5gbU96muSnaowg56B//Z2ieRbqnSyEhXO09OAWrrIfGViIVogQ== Completed in 38ms
3802 timing metavuln:calculate:security-advisory:@eslint/eslintrc:V/3cIcyAQcG1bwuH0e0PI9Qt5WRtbvb/WOz2mBxAfNzXf+Dvs9G1X05eHjnPq2b0TJY4zXXpqhCAkRAipgk3iQ== Completed in 41ms
3803 timing metavuln:cache:put:security-advisory:eslint:ev5azc2U50vUYTqLo2/jaU7l8ps6Yvlqzkyp5OLr37QKqPK3+eCnjR+sureWWgBbnj1subBH7GupBmACDEZ2Mw== Completed in 18ms
3804 timing metavuln:calculate:security-advisory:eslint:V/3cIcyAQcG1bwuH0e0PI9Qt5WRtbvb/WOz2mBxAfNzXf+Dvs9G1X05eHjnPq2b0TJY4zXXpqhCAkRAipgk3iQ== Completed in 41ms
3805 timing metavuln:cache:put:security-advisory:glob:SiaR+x876RZ4PrtFfgITl2I3eRZNkCbXOr2JdOKzsfFOqrFtyoEMmqMabD5D9LbuunJXr2ioG0JXsVQhURvrcw== Completed in 24ms
3806 timing metavuln:calculate:security-advisory:glob:V/3cIcyAQcG1bwuH0e0PI9Qt5WRtbvb/WOz2mBxAfNzXf+Dvs9G1X05eHjnPq2b0TJY4zXXpqhCAkRAipgk3iQ== Completed in 41ms
3807 http fetch GET 200 https://registry.npmjs.org/test-exclude 65ms (cache miss)
3808 timing metavuln:packument:test-exclude Completed in 66ms
3809 timing metavuln:load:security-advisory:test-exclude:V/3cIcyAQcG1bwuH0e0PI9Qt5WRtbvb/WOz2mBxAfNzXf+Dvs9G1X05eHjnPq2b0TJY4zXXpqhCAkRAipgk3iQ== Completed in 0ms
3810 http fetch GET 200 https://registry.npmjs.org/@humanwhocodes%2fconfig-array 81ms (cache miss)
3811 timing metavuln:packument:@humanwhocodes/config-array Completed in 82ms
3812 timing metavuln:load:security-advisory:@humanwhocodes/config-array:V/3cIcyAQcG1bwuH0e0PI9Qt5WRtbvb/WOz2mBxAfNzXf+Dvs9G1X05eHjnPq2b0TJY4zXXpqhCAkRAipgk3iQ== Completed in 0ms
3813 timing metavuln:cache:put:security-advisory:test-exclude:De4LSt7GFd/3aSdpF9X0QBXe74F5SOyZn84x+XzVHWPULZ2n4LHZiiFowGX/Gy/2DxKjKrSmy5eilhUTqfLeXA== Completed in 18ms
3814 timing metavuln:calculate:security-advisory:test-exclude:V/3cIcyAQcG1bwuH0e0PI9Qt5WRtbvb/WOz2mBxAfNzXf+Dvs9G1X05eHjnPq2b0TJY4zXXpqhCAkRAipgk3iQ== Completed in 84ms
3815 timing metavuln:cache:put:security-advisory:@humanwhocodes/config-array:Tk7QyZJ/5FJIVNFvkr1kqYAW2HdFmlGmqor9USZiENZhVXh0kmlTve1snlA6YKmRt6Vc/ua7GMSY9wOQLaXfEQ== Completed in 12ms
3816 timing metavuln:calculate:security-advisory:@humanwhocodes/config-array:V/3cIcyAQcG1bwuH0e0PI9Qt5WRtbvb/WOz2mBxAfNzXf+Dvs9G1X05eHjnPq2b0TJY4zXXpqhCAkRAipgk3iQ== Completed in 95ms
3817 http fetch GET 200 https://registry.npmjs.org/eslint-plugin-import 349ms (cache miss)
3818 timing metavuln:packument:eslint-plugin-import Completed in 352ms
3819 timing metavuln:load:security-advisory:eslint-plugin-import:V/3cIcyAQcG1bwuH0e0PI9Qt5WRtbvb/WOz2mBxAfNzXf+Dvs9G1X05eHjnPq2b0TJY4zXXpqhCAkRAipgk3iQ== Completed in 1ms
3820 timing metavuln:cache:put:security-advisory:eslint-plugin-import:8kV5Y/kp5eDWHoCxaxP2GpSM+URcZdaiGzBLqLCUL1aFnqNJYOG1MA8HRImPYwbeSnjoD4UdCemYrgpPgqe0nQ== Completed in 4ms
3821 timing metavuln:calculate:security-advisory:eslint-plugin-import:V/3cIcyAQcG1bwuH0e0PI9Qt5WRtbvb/WOz2mBxAfNzXf+Dvs9G1X05eHjnPq2b0TJY4zXXpqhCAkRAipgk3iQ== Completed in 358ms
3822 timing metavuln:cache:get:security-advisory:glob:R4X+WnpDwtUFUv4hhCOieVu7cXYbSHCEovFByswSd9q6FLTbUcFBMmqOz6HDB3PanEPMgXwCTV2vlizoY9cSfg== Completed in 0ms
3823 timing metavuln:load:security-advisory:glob:/utMkAt3a6jSPsaWIJ1J7tAb7G+ccGxNsymbhFTVWOMIyhRZOJ9QR0zn1SNtejrdUO5fsO4RDJKDMI6C5/bkuw== Completed in 4ms
3824 timing metavuln:cache:put:security-advisory:glob:R4X+WnpDwtUFUv4hhCOieVu7cXYbSHCEovFByswSd9q6FLTbUcFBMmqOz6HDB3PanEPMgXwCTV2vlizoY9cSfg== Completed in 6ms
3825 timing metavuln:calculate:security-advisory:glob:/utMkAt3a6jSPsaWIJ1J7tAb7G+ccGxNsymbhFTVWOMIyhRZOJ9QR0zn1SNtejrdUO5fsO4RDJKDMI6C5/bkuw== Completed in 11ms
3826 timing metavuln:cache:get:security-advisory:@tufjs/models:4wxcDKEpUGR0GG34YoeguhvYrrA8gnDi+bbFPvJ1ftFhtA8GKofd1Zc9djffF9x3DYxzUuaf4dF+iJVeG77ZkQ== Completed in 3ms
3827 timing metavuln:cache:get:security-advisory:editorconfig:/pief47seGDBHnUOHcdf4vh8S5av/gmYGMH6T5uy3DhJchX5AykoNsEcl2U0K2kYnXDy3Q1HW14AEdN7s+Mmhw== Completed in 2ms
3828 timing metavuln:cache:get:security-advisory:glob:2gIChGnRwWJwoiDYphyLHqddJdZn+GRoNVbvpZ1vkwu0FmPASo3fUYL/YAIcdH4PhvoZ7didmLmcNsz6RTrveQ== Completed in 2ms
3829 timing metavuln:load:security-advisory:glob:B00WbbnnDNaFGA7l9BgrTioYpRMzU4+U8SUF8cn65LwArJAK0O380QwyP/UyxPr7i9XUjX9/AADC41/edu9OrA== Completed in 7ms
3830 timing metavuln:cache:get:security-advisory:ignore-walk:b0cI17MNlfsNzPHVnJnFHuGz6GP1AHCbc+TCdgowf9biWQZxg/Uqvqnya2SlfuePnqBI3YsbXp/211wT8oLsfQ== Completed in 9ms
3831 timing metavuln:cache:get:security-advisory:npm-check-updates:NcSy0P0mDK4VB/jfgMEeZpnhDP3GWx7OK1y46OcJ/EYGlWfFAkSvj/d77h1tDslj20pfQ88gclUYChhCMUrp7A== Completed in 8ms
3832 timing metavuln:load:security-advisory:npm-check-updates:B00WbbnnDNaFGA7l9BgrTioYpRMzU4+U8SUF8cn65LwArJAK0O380QwyP/UyxPr7i9XUjX9/AADC41/edu9OrA== Completed in 7ms
3833 timing metavuln:cache:put:security-advisory:glob:2gIChGnRwWJwoiDYphyLHqddJdZn+GRoNVbvpZ1vkwu0FmPASo3fUYL/YAIcdH4PhvoZ7didmLmcNsz6RTrveQ== Completed in 24ms
3834 timing metavuln:calculate:security-advisory:glob:B00WbbnnDNaFGA7l9BgrTioYpRMzU4+U8SUF8cn65LwArJAK0O380QwyP/UyxPr7i9XUjX9/AADC41/edu9OrA== Completed in 33ms
3835 timing metavuln:cache:put:security-advisory:npm-check-updates:NcSy0P0mDK4VB/jfgMEeZpnhDP3GWx7OK1y46OcJ/EYGlWfFAkSvj/d77h1tDslj20pfQ88gclUYChhCMUrp7A== Completed in 17ms
3836 timing metavuln:calculate:security-advisory:npm-check-updates:B00WbbnnDNaFGA7l9BgrTioYpRMzU4+U8SUF8cn65LwArJAK0O380QwyP/UyxPr7i9XUjX9/AADC41/edu9OrA== Completed in 32ms
3837 http fetch GET 200 https://registry.npmjs.org/editorconfig 50ms (cache miss)
3838 timing metavuln:packument:editorconfig Completed in 50ms
3839 timing metavuln:load:security-advisory:editorconfig:B00WbbnnDNaFGA7l9BgrTioYpRMzU4+U8SUF8cn65LwArJAK0O380QwyP/UyxPr7i9XUjX9/AADC41/edu9OrA== Completed in 2ms
3840 http fetch GET 200 https://registry.npmjs.org/ignore-walk 56ms (cache miss)
3841 timing metavuln:packument:ignore-walk Completed in 58ms
3842 timing metavuln:load:security-advisory:ignore-walk:B00WbbnnDNaFGA7l9BgrTioYpRMzU4+U8SUF8cn65LwArJAK0O380QwyP/UyxPr7i9XUjX9/AADC41/edu9OrA== Completed in 0ms
3843 timing metavuln:cache:put:security-advisory:editorconfig:/pief47seGDBHnUOHcdf4vh8S5av/gmYGMH6T5uy3DhJchX5AykoNsEcl2U0K2kYnXDy3Q1HW14AEdN7s+Mmhw== Completed in 9ms
3844 timing metavuln:calculate:security-advisory:editorconfig:B00WbbnnDNaFGA7l9BgrTioYpRMzU4+U8SUF8cn65LwArJAK0O380QwyP/UyxPr7i9XUjX9/AADC41/edu9OrA== Completed in 61ms
3845 http fetch GET 200 https://registry.npmjs.org/@tufjs%2fmodels 64ms (cache miss)
3846 timing metavuln:packument:@tufjs/models Completed in 65ms
3847 timing metavuln:load:security-advisory:@tufjs/models:B00WbbnnDNaFGA7l9BgrTioYpRMzU4+U8SUF8cn65LwArJAK0O380QwyP/UyxPr7i9XUjX9/AADC41/edu9OrA== Completed in 1ms
3848 timing metavuln:cache:put:security-advisory:ignore-walk:b0cI17MNlfsNzPHVnJnFHuGz6GP1AHCbc+TCdgowf9biWQZxg/Uqvqnya2SlfuePnqBI3YsbXp/211wT8oLsfQ== Completed in 12ms
3849 timing metavuln:calculate:security-advisory:ignore-walk:B00WbbnnDNaFGA7l9BgrTioYpRMzU4+U8SUF8cn65LwArJAK0O380QwyP/UyxPr7i9XUjX9/AADC41/edu9OrA== Completed in 70ms
3850 timing metavuln:cache:put:security-advisory:@tufjs/models:4wxcDKEpUGR0GG34YoeguhvYrrA8gnDi+bbFPvJ1ftFhtA8GKofd1Zc9djffF9x3DYxzUuaf4dF+iJVeG77ZkQ== Completed in 8ms
3851 timing metavuln:calculate:security-advisory:@tufjs/models:B00WbbnnDNaFGA7l9BgrTioYpRMzU4+U8SUF8cn65LwArJAK0O380QwyP/UyxPr7i9XUjX9/AADC41/edu9OrA== Completed in 74ms
3852 timing metavuln:cache:get:security-advisory:chokidar:LU+YLfVnn6vFXVAvnsGqd58Rz8g6tJ60ZMP+wazsDeQPoFbTHjxfCKIpn7lW6acFOIKvNjhthFMXqTIaWevt+w== Completed in 1ms
3853 timing metavuln:cache:get:security-advisory:micromatch:KLlQrQSexijh/BbB4FSM3fP0/MIDSj3iMiApgG1JwuVrHt48fzZ8fAIdgNu2TyvXdqnfHV2kIjol+N5OzsIiGQ== Completed in 1ms
3854 timing metavuln:load:security-advisory:micromatch:JiXBFkEDkUnBQLw3PO6emUmmm2JXqgEbh+FhB3SNDS8k6Z0wM20irrfaOjjxYuMxZaKaDudvR037mtEoeqZzXw== Completed in 4ms
3855 timing metavuln:cache:put:security-advisory:micromatch:KLlQrQSexijh/BbB4FSM3fP0/MIDSj3iMiApgG1JwuVrHt48fzZ8fAIdgNu2TyvXdqnfHV2kIjol+N5OzsIiGQ== Completed in 8ms
3856 timing metavuln:calculate:security-advisory:micromatch:JiXBFkEDkUnBQLw3PO6emUmmm2JXqgEbh+FhB3SNDS8k6Z0wM20irrfaOjjxYuMxZaKaDudvR037mtEoeqZzXw== Completed in 13ms
3857 http fetch GET 200 https://registry.npmjs.org/chokidar 36ms (cache miss)
3858 timing metavuln:packument:chokidar Completed in 37ms
3859 timing metavuln:load:security-advisory:chokidar:JiXBFkEDkUnBQLw3PO6emUmmm2JXqgEbh+FhB3SNDS8k6Z0wM20irrfaOjjxYuMxZaKaDudvR037mtEoeqZzXw== Completed in 2ms
3860 timing metavuln:cache:put:security-advisory:chokidar:LU+YLfVnn6vFXVAvnsGqd58Rz8g6tJ60ZMP+wazsDeQPoFbTHjxfCKIpn7lW6acFOIKvNjhthFMXqTIaWevt+w== Completed in 5ms
3861 timing metavuln:calculate:security-advisory:chokidar:JiXBFkEDkUnBQLw3PO6emUmmm2JXqgEbh+FhB3SNDS8k6Z0wM20irrfaOjjxYuMxZaKaDudvR037mtEoeqZzXw== Completed in 44ms
3862 timing metavuln:cache:get:security-advisory:light-my-request:UfYeYMGFnlVOh6z1dqFizSqjGi7YyyQMRc3JQ1VnZ/OBVx1zGC6e+b6mEKG/IaRMMtjP5WJ2749QJ6iB38mozA== Completed in 2ms
3863 timing metavuln:cache:get:security-advisory:youch:GCj7wAVwXmpdpHsZ3FBltk4ddq703nJZceXkq77o3f+gaNLubEhWMdGOuTbsQUIPAj4PXvzoyIJlnaLab4wWyA== Completed in 2ms
3864 http fetch GET 200 https://registry.npmjs.org/light-my-request 314ms (cache miss)
3865 timing metavuln:packument:light-my-request Completed in 314ms
3866 timing metavuln:load:security-advisory:light-my-request:EFt7h/FZLeopARa06+F2CBY5ItUm007mP/cHgZjTJZX1MeIwg3JD7toSioRoDeE8wm5VdkimqlS+CnuPhZqbIg== Completed in 2ms
3867 timing metavuln:cache:put:security-advisory:light-my-request:UfYeYMGFnlVOh6z1dqFizSqjGi7YyyQMRc3JQ1VnZ/OBVx1zGC6e+b6mEKG/IaRMMtjP5WJ2749QJ6iB38mozA== Completed in 6ms
3868 timing metavuln:calculate:security-advisory:light-my-request:EFt7h/FZLeopARa06+F2CBY5ItUm007mP/cHgZjTJZX1MeIwg3JD7toSioRoDeE8wm5VdkimqlS+CnuPhZqbIg== Completed in 322ms
3869 http fetch GET 200 https://registry.npmjs.org/youch 853ms (cache miss)
3870 timing metavuln:packument:youch Completed in 854ms
3871 timing metavuln:load:security-advisory:youch:EFt7h/FZLeopARa06+F2CBY5ItUm007mP/cHgZjTJZX1MeIwg3JD7toSioRoDeE8wm5VdkimqlS+CnuPhZqbIg== Completed in 2ms
3872 timing metavuln:cache:put:security-advisory:youch:GCj7wAVwXmpdpHsZ3FBltk4ddq703nJZceXkq77o3f+gaNLubEhWMdGOuTbsQUIPAj4PXvzoyIJlnaLab4wWyA== Completed in 17ms
3873 timing metavuln:calculate:security-advisory:youch:EFt7h/FZLeopARa06+F2CBY5ItUm007mP/cHgZjTJZX1MeIwg3JD7toSioRoDeE8wm5VdkimqlS+CnuPhZqbIg== Completed in 874ms
3874 timing metavuln:cache:get:security-advisory:eslint:Ne/yNy0L08mqT6jqvFBG8ZHWrqAHuxGdNEOgZtub3Su4R2LUTaqbxpX8S30zZ7tis85Jmwxbqft0hpk4j9A12Q== Completed in 4ms
3875 timing metavuln:load:security-advisory:eslint:PBcc/5P1UEO/1Ba/jUNR65wOzs1wU0Y+m+OOSfB57dG5EajzjbqRMRm0l7MWqcJgHDYM5GoZ36Hm7qAYFlIH3A== Completed in 3ms
3876 timing metavuln:cache:get:security-advisory:execa:NWBEPrq1Krr7nahht+VdDSoXe5QCSkDBW+KpXfGL4TrZAModumScH8x3aPKXTD343uDMIN2l7nchl5/7a95SBQ== Completed in 9ms
3877 timing metavuln:cache:get:security-advisory:foreground-child:cZpBeVkHEpw8jHC+EKy88Laxrd1ur7RE5Fx7lVjtRJXjrwMFQVN00FKtYlT+IVZhQkq/19Fig8voVSYNZLEz1A== Completed in 8ms
3878 timing metavuln:cache:get:security-advisory:spawn-please:BphxFlmJVCef0edSeSF2BBo1sZe5hLcWnzmHf+irjeKMNwbxNw9WEGlLkVE/W1BkHcitZjhQlZeuv4+pMFyKkA== Completed in 7ms
3879 timing metavuln:cache:get:security-advisory:webpack-cli:H2hTN4ZrDsX5Zga3r5FRbvgrU/fAJrT+jD7Bz8Z/htxanE2nyrKoffoyQCLOAfjqlf9EjPscG8l86nb6rOFcdg== Completed in 7ms
3880 timing metavuln:cache:put:security-advisory:eslint:Ne/yNy0L08mqT6jqvFBG8ZHWrqAHuxGdNEOgZtub3Su4R2LUTaqbxpX8S30zZ7tis85Jmwxbqft0hpk4j9A12Q== Completed in 16ms
3881 timing metavuln:calculate:security-advisory:eslint:PBcc/5P1UEO/1Ba/jUNR65wOzs1wU0Y+m+OOSfB57dG5EajzjbqRMRm0l7MWqcJgHDYM5GoZ36Hm7qAYFlIH3A== Completed in 24ms
3882 http fetch GET 200 https://registry.npmjs.org/execa 52ms (cache miss)
3883 timing metavuln:packument:execa Completed in 54ms
3884 timing metavuln:load:security-advisory:execa:PBcc/5P1UEO/1Ba/jUNR65wOzs1wU0Y+m+OOSfB57dG5EajzjbqRMRm0l7MWqcJgHDYM5GoZ36Hm7qAYFlIH3A== Completed in 1ms
3885 http fetch GET 200 https://registry.npmjs.org/foreground-child 54ms (cache miss)
3886 timing metavuln:packument:foreground-child Completed in 55ms
3887 timing metavuln:load:security-advisory:foreground-child:PBcc/5P1UEO/1Ba/jUNR65wOzs1wU0Y+m+OOSfB57dG5EajzjbqRMRm0l7MWqcJgHDYM5GoZ36Hm7qAYFlIH3A== Completed in 0ms
3888 timing metavuln:cache:put:security-advisory:execa:NWBEPrq1Krr7nahht+VdDSoXe5QCSkDBW+KpXfGL4TrZAModumScH8x3aPKXTD343uDMIN2l7nchl5/7a95SBQ== Completed in 16ms
3889 timing metavuln:calculate:security-advisory:execa:PBcc/5P1UEO/1Ba/jUNR65wOzs1wU0Y+m+OOSfB57dG5EajzjbqRMRm0l7MWqcJgHDYM5GoZ36Hm7qAYFlIH3A== Completed in 71ms
3890 timing metavuln:cache:put:security-advisory:foreground-child:cZpBeVkHEpw8jHC+EKy88Laxrd1ur7RE5Fx7lVjtRJXjrwMFQVN00FKtYlT+IVZhQkq/19Fig8voVSYNZLEz1A== Completed in 16ms
3891 timing metavuln:calculate:security-advisory:foreground-child:PBcc/5P1UEO/1Ba/jUNR65wOzs1wU0Y+m+OOSfB57dG5EajzjbqRMRm0l7MWqcJgHDYM5GoZ36Hm7qAYFlIH3A== Completed in 71ms
3892 http fetch GET 200 https://registry.npmjs.org/webpack-cli 70ms (cache miss)
3893 timing metavuln:packument:webpack-cli Completed in 74ms
3894 timing metavuln:load:security-advisory:webpack-cli:PBcc/5P1UEO/1Ba/jUNR65wOzs1wU0Y+m+OOSfB57dG5EajzjbqRMRm0l7MWqcJgHDYM5GoZ36Hm7qAYFlIH3A== Completed in 1ms
3895 timing metavuln:cache:put:security-advisory:webpack-cli:H2hTN4ZrDsX5Zga3r5FRbvgrU/fAJrT+jD7Bz8Z/htxanE2nyrKoffoyQCLOAfjqlf9EjPscG8l86nb6rOFcdg== Completed in 15ms
3896 timing metavuln:calculate:security-advisory:webpack-cli:PBcc/5P1UEO/1Ba/jUNR65wOzs1wU0Y+m+OOSfB57dG5EajzjbqRMRm0l7MWqcJgHDYM5GoZ36Hm7qAYFlIH3A== Completed in 90ms
3897 http fetch GET 200 https://registry.npmjs.org/spawn-please 332ms (cache miss)
3898 timing metavuln:packument:spawn-please Completed in 332ms
3899 timing metavuln:load:security-advisory:spawn-please:PBcc/5P1UEO/1Ba/jUNR65wOzs1wU0Y+m+OOSfB57dG5EajzjbqRMRm0l7MWqcJgHDYM5GoZ36Hm7qAYFlIH3A== Completed in 1ms
3900 timing metavuln:cache:put:security-advisory:spawn-please:BphxFlmJVCef0edSeSF2BBo1sZe5hLcWnzmHf+irjeKMNwbxNw9WEGlLkVE/W1BkHcitZjhQlZeuv4+pMFyKkA== Completed in 13ms
3901 timing metavuln:calculate:security-advisory:spawn-please:PBcc/5P1UEO/1Ba/jUNR65wOzs1wU0Y+m+OOSfB57dG5EajzjbqRMRm0l7MWqcJgHDYM5GoZ36Hm7qAYFlIH3A== Completed in 346ms
3902 timing metavuln:cache:get:security-advisory:sequelize:2c+7MTiFWSUCJPZxAs7noUYJMH/zTVc+k+d+icdT1NTlCxv5zo3ztT6FpxiyBnOHFRUNoxc6nR/Q0/DZwqqSKA== Completed in 1ms
3903 http fetch GET 200 https://registry.npmjs.org/sequelize 135ms (cache miss)
3904 timing metavuln:packument:sequelize Completed in 143ms
3905 timing metavuln:load:security-advisory:sequelize:0ACVlgh2XixrZ76V6Aw4AGmXe/vScI8AGIUQKFGZaYZxp4MyNabKSDBfLcT9XlERSFeHYQ9hiMRtZaHo1b3mTw== Completed in 11ms
3906 timing metavuln:cache:put:security-advisory:sequelize:2c+7MTiFWSUCJPZxAs7noUYJMH/zTVc+k+d+icdT1NTlCxv5zo3ztT6FpxiyBnOHFRUNoxc6nR/Q0/DZwqqSKA== Completed in 17ms
3907 timing metavuln:calculate:security-advisory:sequelize:0ACVlgh2XixrZ76V6Aw4AGmXe/vScI8AGIUQKFGZaYZxp4MyNabKSDBfLcT9XlERSFeHYQ9hiMRtZaHo1b3mTw== Completed in 172ms
3908 timing metavuln:cache:get:security-advisory:fastify-cli:QaslBeMuAEoSjIJGc7+wAYc4T7XpFaCnbJI8/c0a2JIyJvbwAad9SK12c7/eNgGCnrx8g4UQ77MsJaZXoAIODA== Completed in 4ms
3909 http fetch GET 200 https://registry.npmjs.org/fastify-cli 352ms (cache miss)
3910 timing metavuln:packument:fastify-cli Completed in 354ms
3911 timing metavuln:load:security-advisory:fastify-cli:5OdrwYv5Xzq+rI3bchsuaHIz85Yyo5gTdhOrQGf2Em7pRhXXR2ur0R7W7qQ6UpWsSxuRBW8Fdp57dyqUhR5/yw== Completed in 30ms
3912 timing metavuln:cache:put:security-advisory:fastify-cli:QaslBeMuAEoSjIJGc7+wAYc4T7XpFaCnbJI8/c0a2JIyJvbwAad9SK12c7/eNgGCnrx8g4UQ77MsJaZXoAIODA== Completed in 34ms
3913 timing metavuln:calculate:security-advisory:fastify-cli:5OdrwYv5Xzq+rI3bchsuaHIz85Yyo5gTdhOrQGf2Em7pRhXXR2ur0R7W7qQ6UpWsSxuRBW8Fdp57dyqUhR5/yw== Completed in 419ms
3914 timing metavuln:cache:get:security-advisory:fastify:r+d4AOedJNNM2JvdD79Tj/5Xqtya7yxHwFWKqG0+AJKMFl1K4au+8puJfPaPI6uOm9P0a/JHng7JwWmTuMXQJg== Completed in 1ms
3915 timing metavuln:load:security-advisory:fastify:ncPGiupWBmuLy3osYbi6NeA3zAkV0H2ETbz204QySGfjGMvhOUrckXpvAqjVyzsYU9NNJZrPHuMSulTPi+/bfw== Completed in 19ms
3916 timing metavuln:cache:put:security-advisory:fastify:r+d4AOedJNNM2JvdD79Tj/5Xqtya7yxHwFWKqG0+AJKMFl1K4au+8puJfPaPI6uOm9P0a/JHng7JwWmTuMXQJg== Completed in 16ms
3917 timing metavuln:calculate:security-advisory:fastify:ncPGiupWBmuLy3osYbi6NeA3zAkV0H2ETbz204QySGfjGMvhOUrckXpvAqjVyzsYU9NNJZrPHuMSulTPi+/bfw== Completed in 36ms
3918 timing metavuln:cache:get:security-advisory:socks:re7e5WgYC0N2yCcyKEpIVOef1b0RSDx7Y0SpqokON2S0og4NBc+basQ12t25Rom7giF5cYm2S3iMuCSJlhszhQ== Completed in 4ms
3919 http fetch GET 200 https://registry.npmjs.org/socks 45ms (cache miss)
3920 timing metavuln:packument:socks Completed in 46ms
3921 timing metavuln:load:security-advisory:socks:FcMhhitnipE8n5zCPiVRq2NLRNmu7UZkoO9lrM5CRC/emGwY5wSoa1+q1Q1Z8SPpfXO9tzox/MNRv7luhyJvqg== Completed in 2ms
3922 timing metavuln:cache:put:security-advisory:socks:re7e5WgYC0N2yCcyKEpIVOef1b0RSDx7Y0SpqokON2S0og4NBc+basQ12t25Rom7giF5cYm2S3iMuCSJlhszhQ== Completed in 33ms
3923 timing metavuln:calculate:security-advisory:socks:FcMhhitnipE8n5zCPiVRq2NLRNmu7UZkoO9lrM5CRC/emGwY5wSoa1+q1Q1Z8SPpfXO9tzox/MNRv7luhyJvqg== Completed in 83ms
3924 timing metavuln:cache:get:security-advisory:concurrently:jiZST4CUOZqAcB148diLa/4Cl5k4iCySK9zdGlvkCsjY7gOsOKgF1bXrv0HVQ59659xB7IRMqiwz7OjSmmlI2A== Completed in 4ms
3925 timing metavuln:cache:get:security-advisory:fastify-method-override:Bqz+OF3vj0F87stMKdz1zylGKE8NtgbAnp+RZ3DJo39FnbGBc9ivPmiN5C555vtAiYaLfttwTSWvQJASKYlV+g== Completed in 4ms
3926 timing metavuln:cache:get:security-advisory:knex:xzQLfa/l/BfN0UEm9OtwynMKedL9/kO38LYgtlMfN1NRGlgdM9PLi7IBDcrEUwXptCI+3DFMsmKvgOBQABYQIg== Completed in 4ms
3927 timing metavuln:cache:get:security-advisory:npm-check-updates:A6NzIFMr80r0b1G9uUOQ0/grfi8yyFDdzuwuYW8DK9LvNPoFVCV/JNyfXSOvhpY4YoiS1cD5RZNrCp4jVIMUcA== Completed in 3ms
3928 timing metavuln:load:security-advisory:npm-check-updates:OGNA5lR8rR8aeucWHqvJLBV5oaroI/lF2JfG9J2l63dx9uiGUyHuI4ymC6nv+dqWwxtqCIMcqBukiWYEiF5/RQ== Completed in 12ms
3929 timing metavuln:cache:get:security-advisory:sequelize:r0MmEGzxD6KLAwNM3KBOGbsgcIwLr/u67tvBlP/WGRII+/x23SPDMJr9YFGH4PZnjbGjd3bV0ODq63Uq+hGltQ== Completed in 15ms
3930 timing metavuln:load:security-advisory:sequelize:OGNA5lR8rR8aeucWHqvJLBV5oaroI/lF2JfG9J2l63dx9uiGUyHuI4ymC6nv+dqWwxtqCIMcqBukiWYEiF5/RQ== Completed in 34ms
3931 timing metavuln:cache:get:security-advisory:sequelize-cli:3hCNawRrl1ZM9szQIsCm0ai0rc4PV/6RtC9zvtR1XrrMTkmgViBTBXBxUsZapXSIBuUSRRFcJTnmgRvBUf/9nA== Completed in 51ms
3932 timing metavuln:cache:put:security-advisory:npm-check-updates:A6NzIFMr80r0b1G9uUOQ0/grfi8yyFDdzuwuYW8DK9LvNPoFVCV/JNyfXSOvhpY4YoiS1cD5RZNrCp4jVIMUcA== Completed in 65ms
3933 timing metavuln:calculate:security-advisory:npm-check-updates:OGNA5lR8rR8aeucWHqvJLBV5oaroI/lF2JfG9J2l63dx9uiGUyHuI4ymC6nv+dqWwxtqCIMcqBukiWYEiF5/RQ== Completed in 80ms
3934 timing metavuln:cache:put:security-advisory:sequelize:r0MmEGzxD6KLAwNM3KBOGbsgcIwLr/u67tvBlP/WGRII+/x23SPDMJr9YFGH4PZnjbGjd3bV0ODq63Uq+hGltQ== Completed in 30ms
3935 timing metavuln:calculate:security-advisory:sequelize:OGNA5lR8rR8aeucWHqvJLBV5oaroI/lF2JfG9J2l63dx9uiGUyHuI4ymC6nv+dqWwxtqCIMcqBukiWYEiF5/RQ== Completed in 80ms
3936 http fetch GET 200 https://registry.npmjs.org/sequelize-cli 97ms (cache miss)
3937 timing metavuln:packument:sequelize-cli Completed in 98ms
3938 timing metavuln:load:security-advisory:sequelize-cli:OGNA5lR8rR8aeucWHqvJLBV5oaroI/lF2JfG9J2l63dx9uiGUyHuI4ymC6nv+dqWwxtqCIMcqBukiWYEiF5/RQ== Completed in 2ms
3939 timing metavuln:cache:put:security-advisory:sequelize-cli:3hCNawRrl1ZM9szQIsCm0ai0rc4PV/6RtC9zvtR1XrrMTkmgViBTBXBxUsZapXSIBuUSRRFcJTnmgRvBUf/9nA== Completed in 16ms
3940 timing metavuln:calculate:security-advisory:sequelize-cli:OGNA5lR8rR8aeucWHqvJLBV5oaroI/lF2JfG9J2l63dx9uiGUyHuI4ymC6nv+dqWwxtqCIMcqBukiWYEiF5/RQ== Completed in 116ms
3941 http fetch GET 200 https://registry.npmjs.org/concurrently 954ms (cache miss)
3942 timing metavuln:packument:concurrently Completed in 955ms
3943 timing metavuln:load:security-advisory:concurrently:OGNA5lR8rR8aeucWHqvJLBV5oaroI/lF2JfG9J2l63dx9uiGUyHuI4ymC6nv+dqWwxtqCIMcqBukiWYEiF5/RQ== Completed in 2ms
3944 http fetch GET 200 https://registry.npmjs.org/knex 976ms (cache miss)
3945 timing metavuln:packument:knex Completed in 983ms
3946 timing metavuln:load:security-advisory:knex:OGNA5lR8rR8aeucWHqvJLBV5oaroI/lF2JfG9J2l63dx9uiGUyHuI4ymC6nv+dqWwxtqCIMcqBukiWYEiF5/RQ== Completed in 6ms
3947 timing metavuln:cache:put:security-advisory:concurrently:jiZST4CUOZqAcB148diLa/4Cl5k4iCySK9zdGlvkCsjY7gOsOKgF1bXrv0HVQ59659xB7IRMqiwz7OjSmmlI2A== Completed in 40ms
3948 timing metavuln:calculate:security-advisory:concurrently:OGNA5lR8rR8aeucWHqvJLBV5oaroI/lF2JfG9J2l63dx9uiGUyHuI4ymC6nv+dqWwxtqCIMcqBukiWYEiF5/RQ== Completed in 997ms
3949 timing metavuln:cache:put:security-advisory:knex:xzQLfa/l/BfN0UEm9OtwynMKedL9/kO38LYgtlMfN1NRGlgdM9PLi7IBDcrEUwXptCI+3DFMsmKvgOBQABYQIg== Completed in 20ms
3950 timing metavuln:calculate:security-advisory:knex:OGNA5lR8rR8aeucWHqvJLBV5oaroI/lF2JfG9J2l63dx9uiGUyHuI4ymC6nv+dqWwxtqCIMcqBukiWYEiF5/RQ== Completed in 1009ms
3951 http fetch GET 200 https://registry.npmjs.org/fastify-method-override 1010ms (cache miss)
3952 timing metavuln:packument:fastify-method-override Completed in 1011ms
3953 timing metavuln:load:security-advisory:fastify-method-override:OGNA5lR8rR8aeucWHqvJLBV5oaroI/lF2JfG9J2l63dx9uiGUyHuI4ymC6nv+dqWwxtqCIMcqBukiWYEiF5/RQ== Completed in 0ms
3954 timing metavuln:cache:put:security-advisory:fastify-method-override:Bqz+OF3vj0F87stMKdz1zylGKE8NtgbAnp+RZ3DJo39FnbGBc9ivPmiN5C555vtAiYaLfttwTSWvQJASKYlV+g== Completed in 15ms
3955 timing metavuln:calculate:security-advisory:fastify-method-override:OGNA5lR8rR8aeucWHqvJLBV5oaroI/lF2JfG9J2l63dx9uiGUyHuI4ymC6nv+dqWwxtqCIMcqBukiWYEiF5/RQ== Completed in 1026ms
3956 timing metavuln:cache:get:security-advisory:jstransformer-markdown-it:QXbZ4xCbTC6gBpBNs7H/EvXk3F9ngURxnQlVqozhkTTei6TWNS+vuhLPZxwRHAMYkAOq4rwyeVSqGY5oqeI7cw== Completed in 2ms
3957 http fetch GET 200 https://registry.npmjs.org/date-fns/-/date-fns-2.30.0.tgz 21885ms (cache miss)
3958 timing reifyNode:node_modules/date-fns Completed in 22632ms
3959 timing reify:unpack Completed in 22705ms
3960 timing reify:unretire Completed in 1ms
3961 timing build:queue Completed in 21ms
3962 timing build:link:node_modules/jest-cli Completed in 4ms
3963 timing build:link:node_modules/@babel/parser Completed in 19ms
3964 timing build:link:node_modules/@babel/helper-compilation-targets/node_modules/semver Completed in 17ms
3965 timing build:link:node_modules/@babel/core/node_modules/semver Completed in 17ms
3966 timing build:link:node_modules/@npmcli/git/node_modules/which Completed in 16ms
3967 timing build:link:node_modules/@istanbuljs/load-nyc-config/node_modules/js-yaml Completed in 17ms
3968 timing build:link:node_modules/babel-plugin-istanbul/node_modules/semver Completed in 16ms
3969 timing build:link:node_modules/eslint-config-airbnb-base/node_modules/semver Completed in 16ms
3970 timing build:link:node_modules/fastify-cli/node_modules/pino-pretty Completed in 16ms
3971 timing build:link:node_modules/eslint-plugin-import/node_modules/semver Completed in 16ms
3972 timing build:link:node_modules/fastify-objectionjs/node_modules/knex Completed in 16ms
3973 timing build:link:node_modules/is-expression/node_modules/acorn Completed in 16ms
3974 timing build:link:node_modules/js-beautify/node_modules/nopt Completed in 16ms
3975 timing build:link:node_modules/node-gyp/node_modules/nopt Completed in 16ms
3976 timing build:link:node_modules/npm-check-updates/node_modules/rimraf Completed in 16ms
3977 timing build:link:node_modules/sqlite3/node_modules/node-gyp Completed in 16ms
3978 timing build:link:node_modules/tsconfig-paths/node_modules/json5 Completed in 16ms
3979 timing build:link:node_modules/@fastify/secure-session Completed in 23ms
3980 timing build:link:node_modules/@npmcli/installed-package-contents Completed in 23ms
3981 timing build:link:node_modules/browserslist Completed in 23ms
3982 timing build:link:node_modules/color-support Completed in 23ms
3983 timing build:link:node_modules/concurrently Completed in 23ms
3984 timing build:link:node_modules/create-jest Completed in 22ms
3985 timing build:link:node_modules/cssesc Completed in 22ms
3986 timing build:link:node_modules/editorconfig Completed in 22ms
3987 timing build:link:node_modules/envinfo Completed in 22ms
3988 timing build:link:node_modules/eslint Completed in 22ms
3989 timing build:link:node_modules/@npmcli/run-script/node_modules/which Completed in 17ms
3990 timing build:link:node_modules/esprima Completed in 22ms
3991 timing build:link:node_modules/fastify-cli Completed in 22ms
3992 timing build:link:node_modules/@npmcli/promise-spawn/node_modules/which Completed in 17ms
3993 timing build:link:node_modules/generify Completed in 22ms
3994 timing build:link:node_modules/import-local Completed in 23ms
3995 timing build:link:node_modules/glob Completed in 23ms
3996 timing build:link:node_modules/is-ci Completed in 23ms
3997 timing build:link:node_modules/is-docker Completed in 22ms
3998 timing build:link:node_modules/jest Completed in 22ms
3999 timing build:link:node_modules/js-beautify Completed in 22ms
4000 timing build:link:node_modules/js-yaml Completed in 22ms
4001 timing build:link:node_modules/jsesc Completed in 22ms
4002 timing build:link:node_modules/json5 Completed in 22ms
4003 timing build:link:node_modules/markdown-it Completed in 22ms
4004 timing build:link:node_modules/mime Completed in 23ms
4005 timing build:link:node_modules/knex Completed in 23ms
4006 timing build:link:node_modules/mkdirp Completed in 22ms
4007 timing build:link:node_modules/nanoid Completed in 22ms
4008 timing build:link:node_modules/node-gyp Completed in 22ms
4009 timing build:link:node_modules/node-gyp-build Completed in 22ms
4010 timing build:link:node_modules/nopt Completed in 22ms
4011 timing build:link:node_modules/parse-github-url Completed in 22ms
4012 timing build:link:node_modules/pacote Completed in 22ms
4013 timing build:link:node_modules/npm-check-updates Completed in 22ms
4014 timing build:link:node_modules/pino Completed in 21ms
4015 timing build:link:node_modules/mustache Completed in 22ms
4016 timing build:link:node_modules/pino-pretty Completed in 21ms
4017 timing build:link:node_modules/prebuild-install Completed in 21ms
4018 timing build:link:node_modules/rc Completed in 21ms
4019 timing build:link:node_modules/resolve Completed in 21ms
4020 timing build:link:node_modules/rimraf Completed in 21ms
4021 timing build:link:node_modules/semver Completed in 21ms
4022 timing build:link:node_modules/sequelize-cli Completed in 21ms
4023 timing build:link:node_modules/sigstore Completed in 21ms
4024 timing build:link:node_modules/terser Completed in 21ms
4025 timing build:link:node_modules/tree-kill Completed in 21ms
4026 timing build:link:node_modules/uuid Completed in 20ms
4027 timing build:link:node_modules/webpack Completed in 20ms
4028 timing build:link:node_modules/webpack-cli Completed in 21ms
4029 timing build:link:node_modules/which Completed in 21ms
4030 timing build:link:node_modules/acorn Completed in 26ms
4031 timing build:link:node_modules/update-browserslist-db Completed in 21ms
4032 timing build:link Completed in 27ms
4033 info run @vscode/sqlite3@5.1.2 install node_modules/@vscode/sqlite3 node-gyp rebuild
4034 info run better-sqlite3@8.7.0 install node_modules/better-sqlite3 prebuild-install || node-gyp rebuild --release
4035 info run sodium-native@4.1.1 install node_modules/sodium-native node-gyp-build
4036 info run sodium-native@4.1.1 install { code: 0, signal: null }
4037 timing build:run:install:node_modules/sodium-native Completed in 125ms
4038 info run sqlite3@5.1.7 install node_modules/sqlite3 prebuild-install -r napi || node-gyp rebuild
4039 http fetch GET 200 https://registry.npmjs.org/jstransformer-markdown-it 901ms (cache miss)
4040 timing metavuln:packument:jstransformer-markdown-it Completed in 903ms
4041 timing metavuln:load:security-advisory:jstransformer-markdown-it:745Vt4mrHCdT8gFHVh7oHROmP4aH4fErXXhbpeVBhtIHmsxTVI7P3rJSdfXZ1iZTBS6GEnTERL4OWUfc4Co9jQ== Completed in 1ms
4042 timing metavuln:cache:put:security-advisory:jstransformer-markdown-it:QXbZ4xCbTC6gBpBNs7H/EvXk3F9ngURxnQlVqozhkTTei6TWNS+vuhLPZxwRHAMYkAOq4rwyeVSqGY5oqeI7cw== Completed in 3ms
4043 timing metavuln:calculate:security-advisory:jstransformer-markdown-it:745Vt4mrHCdT8gFHVh7oHROmP4aH4fErXXhbpeVBhtIHmsxTVI7P3rJSdfXZ1iZTBS6GEnTERL4OWUfc4Co9jQ== Completed in 907ms
4044 timing metavuln:cache:get:security-advisory:@jest/core:03W5UBAiciMv+HbF52DVjKaiJDsW8n4o9l0N1bD9irL9aHp0XpkH6yRZbIXa21hJn/+RFQL1MCcLgDa/4eDK4w== Completed in 6ms
4045 timing metavuln:cache:get:security-advisory:@jest/transform:frAXQpmFOgCLjrxLELwz/nGg5XiK/ZNDWwX3TPmrK4kjdo/GsnOnUL1px5EXlvvS4e0p7qsR8mhVO87fIAkI8w== Completed in 5ms
4046 timing metavuln:cache:get:security-advisory:fast-glob:AbqaRkH/ah2E63AlsHQoSe4rzDu85g3nQo2oOGK8mDPpx8ODN4CyFz62hpRucknVgKWSODuNhHcd4w2oWa9y3w== Completed in 4ms
4047 timing metavuln:cache:get:security-advisory:jest-config:PG5LJK++mIH2P5/BoeATw87eF+FfSdFbgEqp2CbnYYA8L17aFlVzq09vZtR3BFwoyR+3hWRZY28YfyQmAblGOg== Completed in 4ms
4048 timing metavuln:cache:get:security-advisory:jest-haste-map:jM3bS1o4htRu+ACRH1gcErU4U2Iaalvaat1pZmyWiirmghW1371hURc/aE7fgn6m9mU4kt8GRZ0gy4wwGUZ7mQ== Completed in 3ms
4049 timing metavuln:cache:get:security-advisory:jest-message-util:9e3+mtFMiM85wWr/OL6NNUJH/DnoduwxZZ0/PtDHjHEr2KrplOGkwoZ+9A9Of+V7gemgG4bDnVLxA6nt6hgQOQ== Completed in 2ms
4050 http fetch GET 200 https://registry.npmjs.org/fast-glob 53ms (cache miss)
4051 timing metavuln:packument:fast-glob Completed in 56ms
4052 timing metavuln:load:security-advisory:fast-glob:TlYHmS8BZBwkbsPHbTfH2/e91KJnOnqfC63ZoKdiRy+yt6biPd8BwjBdyfPUht1+ZO675I3Gg00RQPYaWiOm8Q== Completed in 7ms
4053 timing metavuln:cache:put:security-advisory:fast-glob:AbqaRkH/ah2E63AlsHQoSe4rzDu85g3nQo2oOGK8mDPpx8ODN4CyFz62hpRucknVgKWSODuNhHcd4w2oWa9y3w== Completed in 21ms
4054 timing metavuln:calculate:security-advisory:fast-glob:TlYHmS8BZBwkbsPHbTfH2/e91KJnOnqfC63ZoKdiRy+yt6biPd8BwjBdyfPUht1+ZO675I3Gg00RQPYaWiOm8Q== Completed in 84ms
4055 http fetch GET 200 https://registry.npmjs.org/jest-haste-map 95ms (cache miss)
4056 timing metavuln:packument:jest-haste-map Completed in 100ms
4057 timing metavuln:load:security-advisory:jest-haste-map:TlYHmS8BZBwkbsPHbTfH2/e91KJnOnqfC63ZoKdiRy+yt6biPd8BwjBdyfPUht1+ZO675I3Gg00RQPYaWiOm8Q== Completed in 11ms
4058 http fetch GET 200 https://registry.npmjs.org/jest-message-util 109ms (cache miss)
4059 timing metavuln:packument:jest-message-util Completed in 112ms
4060 timing metavuln:load:security-advisory:jest-message-util:TlYHmS8BZBwkbsPHbTfH2/e91KJnOnqfC63ZoKdiRy+yt6biPd8BwjBdyfPUht1+ZO675I3Gg00RQPYaWiOm8Q== Completed in 9ms
4061 http fetch GET 200 https://registry.npmjs.org/@jest%2ftransform 130ms (cache miss)
4062 timing metavuln:packument:@jest/transform Completed in 132ms
4063 timing metavuln:load:security-advisory:@jest/transform:TlYHmS8BZBwkbsPHbTfH2/e91KJnOnqfC63ZoKdiRy+yt6biPd8BwjBdyfPUht1+ZO675I3Gg00RQPYaWiOm8Q== Completed in 4ms
4064 timing metavuln:cache:put:security-advisory:jest-message-util:9e3+mtFMiM85wWr/OL6NNUJH/DnoduwxZZ0/PtDHjHEr2KrplOGkwoZ+9A9Of+V7gemgG4bDnVLxA6nt6hgQOQ== Completed in 15ms
4065 timing metavuln:calculate:security-advisory:jest-message-util:TlYHmS8BZBwkbsPHbTfH2/e91KJnOnqfC63ZoKdiRy+yt6biPd8BwjBdyfPUht1+ZO675I3Gg00RQPYaWiOm8Q== Completed in 136ms
4066 timing metavuln:cache:put:security-advisory:jest-haste-map:jM3bS1o4htRu+ACRH1gcErU4U2Iaalvaat1pZmyWiirmghW1371hURc/aE7fgn6m9mU4kt8GRZ0gy4wwGUZ7mQ== Completed in 26ms
4067 timing metavuln:calculate:security-advisory:jest-haste-map:TlYHmS8BZBwkbsPHbTfH2/e91KJnOnqfC63ZoKdiRy+yt6biPd8BwjBdyfPUht1+ZO675I3Gg00RQPYaWiOm8Q== Completed in 138ms
4068 timing metavuln:cache:put:security-advisory:@jest/transform:frAXQpmFOgCLjrxLELwz/nGg5XiK/ZNDWwX3TPmrK4kjdo/GsnOnUL1px5EXlvvS4e0p7qsR8mhVO87fIAkI8w== Completed in 4ms
4069 timing metavuln:calculate:security-advisory:@jest/transform:TlYHmS8BZBwkbsPHbTfH2/e91KJnOnqfC63ZoKdiRy+yt6biPd8BwjBdyfPUht1+ZO675I3Gg00RQPYaWiOm8Q== Completed in 140ms
4070 http fetch GET 200 https://registry.npmjs.org/jest-config 140ms (cache miss)
4071 timing metavuln:packument:jest-config Completed in 146ms
4072 timing metavuln:load:security-advisory:jest-config:TlYHmS8BZBwkbsPHbTfH2/e91KJnOnqfC63ZoKdiRy+yt6biPd8BwjBdyfPUht1+ZO675I3Gg00RQPYaWiOm8Q== Completed in 10ms
4073 timing metavuln:cache:put:security-advisory:jest-config:PG5LJK++mIH2P5/BoeATw87eF+FfSdFbgEqp2CbnYYA8L17aFlVzq09vZtR3BFwoyR+3hWRZY28YfyQmAblGOg== Completed in 2ms
4074 timing metavuln:calculate:security-advisory:jest-config:TlYHmS8BZBwkbsPHbTfH2/e91KJnOnqfC63ZoKdiRy+yt6biPd8BwjBdyfPUht1+ZO675I3Gg00RQPYaWiOm8Q== Completed in 158ms
4075 info run better-sqlite3@8.7.0 install { code: 0, signal: null }
4076 timing build:run:install:node_modules/better-sqlite3 Completed in 979ms
4077 info run sqlite3@5.1.7 install { code: 0, signal: null }
4078 timing build:run:install:node_modules/sqlite3 Completed in 957ms
4079 http fetch GET 200 https://registry.npmjs.org/@jest%2fcore 866ms (cache miss)
4080 timing metavuln:packument:@jest/core Completed in 871ms
4081 timing metavuln:load:security-advisory:@jest/core:TlYHmS8BZBwkbsPHbTfH2/e91KJnOnqfC63ZoKdiRy+yt6biPd8BwjBdyfPUht1+ZO675I3Gg00RQPYaWiOm8Q== Completed in 4ms
4082 timing metavuln:cache:put:security-advisory:@jest/core:03W5UBAiciMv+HbF52DVjKaiJDsW8n4o9l0N1bD9irL9aHp0XpkH6yRZbIXa21hJn/+RFQL1MCcLgDa/4eDK4w== Completed in 2ms
4083 timing metavuln:calculate:security-advisory:@jest/core:TlYHmS8BZBwkbsPHbTfH2/e91KJnOnqfC63ZoKdiRy+yt6biPd8BwjBdyfPUht1+ZO675I3Gg00RQPYaWiOm8Q== Completed in 877ms
4084 timing metavuln:cache:get:security-advisory:postcss:tmHYDPE1UVxPaRKZT9ru10S2PG7HaFVF7Z4GmgB6cUo+mRoTCphDiou0e19GAujSzXwfRWgbN5N8PHmsKOoxPA== Completed in 1ms
4085 http fetch GET 200 https://registry.npmjs.org/postcss 35ms (cache miss)
4086 timing metavuln:packument:postcss Completed in 40ms
4087 timing metavuln:load:security-advisory:postcss:SvMVdtEUVO5ESues2DL9aEFMy6oMG+saOn/tNitKJcx7q7CvMfC5ZcstpC8dbnZl5KL/q/3pYBvQrAPBFsC+nQ== Completed in 13ms
4088 timing metavuln:cache:put:security-advisory:postcss:tmHYDPE1UVxPaRKZT9ru10S2PG7HaFVF7Z4GmgB6cUo+mRoTCphDiou0e19GAujSzXwfRWgbN5N8PHmsKOoxPA== Completed in 2ms
4089 timing metavuln:calculate:security-advisory:postcss:SvMVdtEUVO5ESues2DL9aEFMy6oMG+saOn/tNitKJcx7q7CvMfC5ZcstpC8dbnZl5KL/q/3pYBvQrAPBFsC+nQ== Completed in 55ms
4090 timing metavuln:cache:get:security-advisory:fastify-method-override:ZDPGuMazvs7qKrue/+ZVigiFmeut/y23hQFlb/kCvBjOt63fLVBVFAAWAmB/N3sEQF7bxjwt50HiQTTJGyEpvQ== Completed in 2ms
4091 timing metavuln:load:security-advisory:fastify-method-override:TmkHz1g6xKc2pnDD1h6+ZDKMikxz0M1BBY/wyR9ER8446AKOUk6gXjoSR2douZ5enAllzNSKaynTW1H+LBi1CA== Completed in 1ms
4092 timing metavuln:cache:get:security-advisory:fastify-reverse-routes:E14+sZiQmNHMZ8DBhBeAvQL9a79kH5VraBSPDUqz5BJQ9sR1+a7NBZxGmZfAePmakPx+9euK8Dee7Ub1dqaKYA== Completed in 3ms
4093 timing metavuln:cache:put:security-advisory:fastify-method-override:ZDPGuMazvs7qKrue/+ZVigiFmeut/y23hQFlb/kCvBjOt63fLVBVFAAWAmB/N3sEQF7bxjwt50HiQTTJGyEpvQ== Completed in 3ms
4094 timing metavuln:calculate:security-advisory:fastify-method-override:TmkHz1g6xKc2pnDD1h6+ZDKMikxz0M1BBY/wyR9ER8446AKOUk6gXjoSR2douZ5enAllzNSKaynTW1H+LBi1CA== Completed in 6ms
4095 http fetch GET 200 https://registry.npmjs.org/fastify-reverse-routes 360ms (cache miss)
4096 timing metavuln:packument:fastify-reverse-routes Completed in 361ms
4097 timing metavuln:load:security-advisory:fastify-reverse-routes:TmkHz1g6xKc2pnDD1h6+ZDKMikxz0M1BBY/wyR9ER8446AKOUk6gXjoSR2douZ5enAllzNSKaynTW1H+LBi1CA== Completed in 1ms
4098 timing metavuln:cache:put:security-advisory:fastify-reverse-routes:E14+sZiQmNHMZ8DBhBeAvQL9a79kH5VraBSPDUqz5BJQ9sR1+a7NBZxGmZfAePmakPx+9euK8Dee7Ub1dqaKYA== Completed in 7ms
4099 timing metavuln:calculate:security-advisory:fastify-reverse-routes:TmkHz1g6xKc2pnDD1h6+ZDKMikxz0M1BBY/wyR9ER8446AKOUk6gXjoSR2douZ5enAllzNSKaynTW1H+LBi1CA== Completed in 370ms
4100 timing metavuln:cache:get:security-advisory:pug:Bod8uHjOpAFcodGsdvWZubJRAED6zypMgl3ly6hCbBJ4kIFKsF2l0fd9HBsYkM1DJmjCj+BxWBZMHfDPYyrFRQ== Completed in 0ms
4101 timing metavuln:load:security-advisory:pug:jYtA+ua4XfswkuObBtnwWn2fYvQUK4ca+Iv1+bqgs4mXRLiX4zUdwwNSawL0T4CvKtEq8q6TFgvFydQ8OKg+/Q== Completed in 3ms
4102 timing metavuln:cache:put:security-advisory:pug:Bod8uHjOpAFcodGsdvWZubJRAED6zypMgl3ly6hCbBJ4kIFKsF2l0fd9HBsYkM1DJmjCj+BxWBZMHfDPYyrFRQ== Completed in 4ms
4103 timing metavuln:calculate:security-advisory:pug:jYtA+ua4XfswkuObBtnwWn2fYvQUK4ca+Iv1+bqgs4mXRLiX4zUdwwNSawL0T4CvKtEq8q6TFgvFydQ8OKg+/Q== Completed in 8ms
4104 timing metavuln:cache:get:security-advisory:terser-webpack-plugin:329sgNMopuugPFiEvSVitHHehdTr5nHB47XwDe3JfAo+J6Nc9SQhgI2F9XPbnv2SVTzEoWYsaJ8lBj3HmQYXeg== Completed in 3ms
4105 http fetch GET 200 https://registry.npmjs.org/terser-webpack-plugin 29ms (cache miss)
4106 timing metavuln:packument:terser-webpack-plugin Completed in 32ms
4107 timing metavuln:load:security-advisory:terser-webpack-plugin:VNhzhjSQJJPSfVWQUXMpEy6hsW23faurQllLlGbSJ7QrUHjncb9PKDTQYw8APRVBzMug+7YJc5EWXV6SYvPIiw== Completed in 5ms
4108 timing metavuln:cache:put:security-advisory:terser-webpack-plugin:329sgNMopuugPFiEvSVitHHehdTr5nHB47XwDe3JfAo+J6Nc9SQhgI2F9XPbnv2SVTzEoWYsaJ8lBj3HmQYXeg== Completed in 2ms
4109 timing metavuln:calculate:security-advisory:terser-webpack-plugin:VNhzhjSQJJPSfVWQUXMpEy6hsW23faurQllLlGbSJ7QrUHjncb9PKDTQYw8APRVBzMug+7YJc5EWXV6SYvPIiw== Completed in 40ms
4110 timing metavuln:cache:get:security-advisory:cacache:INKTKnu8s8GPrrEWizpRiLUFlthVc1ITCEYCSENPEaXlKpqlzp7yy5PYdXfMmBWJfFm3FXjzrxJEvgRxISM++w== Completed in 5ms
4111 timing metavuln:load:security-advisory:cacache:a2Rq633Fb450KrL5I+PBBip9RehJ6FtWDjNsehiUQQhfKxytiNr8LSDlXjQgxefFIJVCdcIimTEzMjwUrv3mRQ== Completed in 4ms
4112 timing metavuln:cache:get:security-advisory:node-gyp:cR9SjysnJiH/OQhtlJ+1YckNbTCX3ySzBDchhlWta522Iv7zXkOEHOdjXbE+dBYpFMIe8wf5F+K+zgyax1eQ1g== Completed in 10ms
4113 timing metavuln:cache:get:security-advisory:pacote:pIDszVhdWZJLAyH0roBs20FumCGQNgbLQraIf94rib1iQhBA8Q5IJSc87Tf7rY5vempQl8o/cCwMJ97hW69LQg== Completed in 9ms
4114 timing metavuln:cache:get:security-advisory:sqlite3:OPbYkOgv3kiAgUeV6o+cDpTcovJLV9HXXtzPkk1A2Za7IYu6JIqc6W78qCr7Y3ruOkMW7rgTi79TAqSXA+9zIw== Completed in 9ms
4115 timing metavuln:cache:put:security-advisory:cacache:INKTKnu8s8GPrrEWizpRiLUFlthVc1ITCEYCSENPEaXlKpqlzp7yy5PYdXfMmBWJfFm3FXjzrxJEvgRxISM++w== Completed in 14ms
4116 timing metavuln:calculate:security-advisory:cacache:a2Rq633Fb450KrL5I+PBBip9RehJ6FtWDjNsehiUQQhfKxytiNr8LSDlXjQgxefFIJVCdcIimTEzMjwUrv3mRQ== Completed in 23ms
4117 http fetch GET 200 https://registry.npmjs.org/sqlite3 52ms (cache miss)
4118 timing metavuln:packument:sqlite3 Completed in 54ms
4119 timing metavuln:load:security-advisory:sqlite3:a2Rq633Fb450KrL5I+PBBip9RehJ6FtWDjNsehiUQQhfKxytiNr8LSDlXjQgxefFIJVCdcIimTEzMjwUrv3mRQ== Completed in 8ms
4120 http fetch GET 200 https://registry.npmjs.org/node-gyp 62ms (cache miss)
4121 timing metavuln:packument:node-gyp Completed in 65ms
4122 timing metavuln:load:security-advisory:node-gyp:a2Rq633Fb450KrL5I+PBBip9RehJ6FtWDjNsehiUQQhfKxytiNr8LSDlXjQgxefFIJVCdcIimTEzMjwUrv3mRQ== Completed in 9ms
4123 timing metavuln:cache:put:security-advisory:sqlite3:OPbYkOgv3kiAgUeV6o+cDpTcovJLV9HXXtzPkk1A2Za7IYu6JIqc6W78qCr7Y3ruOkMW7rgTi79TAqSXA+9zIw== Completed in 13ms
4124 timing metavuln:calculate:security-advisory:sqlite3:a2Rq633Fb450KrL5I+PBBip9RehJ6FtWDjNsehiUQQhfKxytiNr8LSDlXjQgxefFIJVCdcIimTEzMjwUrv3mRQ== Completed in 75ms
4125 timing metavuln:cache:put:security-advisory:node-gyp:cR9SjysnJiH/OQhtlJ+1YckNbTCX3ySzBDchhlWta522Iv7zXkOEHOdjXbE+dBYpFMIe8wf5F+K+zgyax1eQ1g== Completed in 3ms
4126 timing metavuln:calculate:security-advisory:node-gyp:a2Rq633Fb450KrL5I+PBBip9RehJ6FtWDjNsehiUQQhfKxytiNr8LSDlXjQgxefFIJVCdcIimTEzMjwUrv3mRQ== Completed in 77ms
4127 http fetch GET 200 https://registry.npmjs.org/pacote 337ms (cache miss)
4128 timing metavuln:packument:pacote Completed in 342ms
4129 timing metavuln:load:security-advisory:pacote:a2Rq633Fb450KrL5I+PBBip9RehJ6FtWDjNsehiUQQhfKxytiNr8LSDlXjQgxefFIJVCdcIimTEzMjwUrv3mRQ== Completed in 18ms
4130 timing metavuln:cache:put:security-advisory:pacote:pIDszVhdWZJLAyH0roBs20FumCGQNgbLQraIf94rib1iQhBA8Q5IJSc87Tf7rY5vempQl8o/cCwMJ97hW69LQg== Completed in 5ms
4131 timing metavuln:calculate:security-advisory:pacote:a2Rq633Fb450KrL5I+PBBip9RehJ6FtWDjNsehiUQQhfKxytiNr8LSDlXjQgxefFIJVCdcIimTEzMjwUrv3mRQ== Completed in 365ms
4132 timing metavuln:cache:get:security-advisory:prebuild-install:jRqqdHWbOREw15H5SdurWE62CscvPSSYzDYeqtuoOjAS5T4a/EWVlt/5yu0vDTLEYuFXij3+w7qsCx2Gdyt/0A== Completed in 1ms
4133 http fetch GET 200 https://registry.npmjs.org/prebuild-install 31ms (cache miss)
4134 timing metavuln:packument:prebuild-install Completed in 33ms
4135 timing metavuln:load:security-advisory:prebuild-install:cvuUIK3mvYU/u7TShVqDjuuoWy7Jgl2iyysqZzndeGLLwvbCDiePQ/rot9wwSNqpYc8yRaszF/7dU1Uelp1dUw== Completed in 0ms
4136 timing metavuln:cache:put:security-advisory:prebuild-install:jRqqdHWbOREw15H5SdurWE62CscvPSSYzDYeqtuoOjAS5T4a/EWVlt/5yu0vDTLEYuFXij3+w7qsCx2Gdyt/0A== Completed in 2ms
4137 timing metavuln:calculate:security-advisory:prebuild-install:cvuUIK3mvYU/u7TShVqDjuuoWy7Jgl2iyysqZzndeGLLwvbCDiePQ/rot9wwSNqpYc8yRaszF/7dU1Uelp1dUw== Completed in 35ms
4138 timing metavuln:cache:get:security-advisory:sequelize:WP/J+bn63vzyhlFPu4gR5kILxEgdoa3SkHTx4OxjNEQkXzXPPFWVnAe7UrJ7qQH9YqkETnZXjCoBObFPCIcNYg== Completed in 1ms
4139 timing metavuln:load:security-advisory:sequelize:IkyJOqfhkev0E9tRX4zbgkqtsxJX67cd4upO2f1EheDpncnx522qyf9oLyXwjDcWGeZOQHSqJUAh/kUyYH60qQ== Completed in 49ms
4140 timing metavuln:cache:put:security-advisory:sequelize:WP/J+bn63vzyhlFPu4gR5kILxEgdoa3SkHTx4OxjNEQkXzXPPFWVnAe7UrJ7qQH9YqkETnZXjCoBObFPCIcNYg== Completed in 13ms
4141 timing metavuln:calculate:security-advisory:sequelize:IkyJOqfhkev0E9tRX4zbgkqtsxJX67cd4upO2f1EheDpncnx522qyf9oLyXwjDcWGeZOQHSqJUAh/kUyYH60qQ== Completed in 63ms
4142 timing metavuln:cache:get:security-advisory:@webpack-cli/configtest:b4m8NuooYTIA52NRofpykXKsNJXhI/hZokfJmZK3eMyZ91+Gy7N4DTPkKnSOjHMTDNtz3tKcpUaQlXgYolFajw== Completed in 16ms
4143 timing metavuln:cache:get:security-advisory:@webpack-cli/info:4Ds6078ZextuCWT6jXrsLa2Pd6hu32g4nY8H0+T8m+aNKVhEB+52Q1eUKB1D7t/Yrw589oA8B9wCx3mYH5Czxg== Completed in 12ms
4144 timing metavuln:cache:get:security-advisory:@webpack-cli/serve:P+MTiTWti/cexrtrDQJD8+RBcrtMy6Jp7vN92Es/wHBog8SMX86eBjTDijQuCnC+gyaCX0FrEqKPYrcWHqsQUA== Completed in 7ms
4145 timing metavuln:cache:get:security-advisory:css-loader:Ow76q8hhhU3MvyLxgnm1y/zYo7Fm99dr11gKzfApuH8ncvHl4guATrwKI/IqfjYipYNSdQJKvS0ecZLpxoiVmQ== Completed in 6ms
4146 timing metavuln:cache:get:security-advisory:style-loader://zsLE/rNXdfMckNmpQNmCoWkrP2Nf7A28LGm4q43CiVrFNuxtrmx0tN+1t0mRm8jyGzzBYXQ9oXn2Zl71qHDA== Completed in 4ms
4147 timing metavuln:cache:get:security-advisory:terser-webpack-plugin:OYMC0geGD8QKOno0urEqU4CzSfBbjPVdXorYRugje09dSj0v95b22iyrJDHHzhuhDvgdM+pkY+8LIQ1bjQveVw== Completed in 3ms
4148 timing metavuln:load:security-advisory:terser-webpack-plugin:IzHFkMfHDC+SV3IL23ZHngntgLDUgyESA9Ge8Mh5rKNVcDpaWLuTZIcoUJg4/bAH+BQlnDzJ4nLfJCy6fOIM0A== Completed in 15ms
4149 timing metavuln:cache:get:security-advisory:mini-css-extract-plugin:G55y4j6io8Q0QytwZFEND0SCeOlZDD4Vj1H2U/A+S3fJbvRCbCyz3KTSkkMgsfR41LScHaNAhK7X/sWIKBGcAw== Completed in 20ms
4150 timing metavuln:cache:get:security-advisory:webpack-cli:NppzCdkvi81KMTMlBTFbaCoFY8gtVck+ljspUq01iJFvWJ0Elli7ukXQBmz7c1UtSEy7ZuJxrJ2UZIkY/mZfhg== Completed in 19ms
4151 timing metavuln:load:security-advisory:webpack-cli:IzHFkMfHDC+SV3IL23ZHngntgLDUgyESA9Ge8Mh5rKNVcDpaWLuTZIcoUJg4/bAH+BQlnDzJ4nLfJCy6fOIM0A== Completed in 39ms
4152 timing metavuln:cache:put:security-advisory:terser-webpack-plugin:OYMC0geGD8QKOno0urEqU4CzSfBbjPVdXorYRugje09dSj0v95b22iyrJDHHzhuhDvgdM+pkY+8LIQ1bjQveVw== Completed in 67ms
4153 timing metavuln:calculate:security-advisory:terser-webpack-plugin:IzHFkMfHDC+SV3IL23ZHngntgLDUgyESA9Ge8Mh5rKNVcDpaWLuTZIcoUJg4/bAH+BQlnDzJ4nLfJCy6fOIM0A== Completed in 86ms
4154 timing metavuln:cache:put:security-advisory:webpack-cli:NppzCdkvi81KMTMlBTFbaCoFY8gtVck+ljspUq01iJFvWJ0Elli7ukXQBmz7c1UtSEy7ZuJxrJ2UZIkY/mZfhg== Completed in 29ms
4155 timing metavuln:calculate:security-advisory:webpack-cli:IzHFkMfHDC+SV3IL23ZHngntgLDUgyESA9Ge8Mh5rKNVcDpaWLuTZIcoUJg4/bAH+BQlnDzJ4nLfJCy6fOIM0A== Completed in 91ms
4156 http fetch GET 200 https://registry.npmjs.org/style-loader 115ms (cache miss)
4157 timing metavuln:packument:style-loader Completed in 118ms
4158 timing metavuln:load:security-advisory:style-loader:IzHFkMfHDC+SV3IL23ZHngntgLDUgyESA9Ge8Mh5rKNVcDpaWLuTZIcoUJg4/bAH+BQlnDzJ4nLfJCy6fOIM0A== Completed in 6ms
4159 http fetch GET 200 https://registry.npmjs.org/mini-css-extract-plugin 126ms (cache miss)
4160 timing metavuln:packument:mini-css-extract-plugin Completed in 130ms
4161 timing metavuln:load:security-advisory:mini-css-extract-plugin:IzHFkMfHDC+SV3IL23ZHngntgLDUgyESA9Ge8Mh5rKNVcDpaWLuTZIcoUJg4/bAH+BQlnDzJ4nLfJCy6fOIM0A== Completed in 13ms
4162 timing metavuln:cache:put:security-advisory:style-loader://zsLE/rNXdfMckNmpQNmCoWkrP2Nf7A28LGm4q43CiVrFNuxtrmx0tN+1t0mRm8jyGzzBYXQ9oXn2Zl71qHDA== Completed in 20ms
4163 timing metavuln:calculate:security-advisory:style-loader:IzHFkMfHDC+SV3IL23ZHngntgLDUgyESA9Ge8Mh5rKNVcDpaWLuTZIcoUJg4/bAH+BQlnDzJ4nLfJCy6fOIM0A== Completed in 145ms
4164 timing metavuln:cache:put:security-advisory:mini-css-extract-plugin:G55y4j6io8Q0QytwZFEND0SCeOlZDD4Vj1H2U/A+S3fJbvRCbCyz3KTSkkMgsfR41LScHaNAhK7X/sWIKBGcAw== Completed in 4ms
4165 timing metavuln:calculate:security-advisory:mini-css-extract-plugin:IzHFkMfHDC+SV3IL23ZHngntgLDUgyESA9Ge8Mh5rKNVcDpaWLuTZIcoUJg4/bAH+BQlnDzJ4nLfJCy6fOIM0A== Completed in 147ms
4166 http fetch GET 200 https://registry.npmjs.org/@webpack-cli%2fconfigtest 321ms (cache miss)
4167 timing metavuln:packument:@webpack-cli/configtest Completed in 325ms
4168 timing metavuln:load:security-advisory:@webpack-cli/configtest:IzHFkMfHDC+SV3IL23ZHngntgLDUgyESA9Ge8Mh5rKNVcDpaWLuTZIcoUJg4/bAH+BQlnDzJ4nLfJCy6fOIM0A== Completed in 1ms
4169 timing metavuln:cache:put:security-advisory:@webpack-cli/configtest:b4m8NuooYTIA52NRofpykXKsNJXhI/hZokfJmZK3eMyZ91+Gy7N4DTPkKnSOjHMTDNtz3tKcpUaQlXgYolFajw== Completed in 8ms
4170 timing metavuln:calculate:security-advisory:@webpack-cli/configtest:IzHFkMfHDC+SV3IL23ZHngntgLDUgyESA9Ge8Mh5rKNVcDpaWLuTZIcoUJg4/bAH+BQlnDzJ4nLfJCy6fOIM0A== Completed in 335ms
4171 http fetch GET 200 https://registry.npmjs.org/@webpack-cli%2finfo 357ms (cache miss)
4172 timing metavuln:packument:@webpack-cli/info Completed in 361ms
4173 timing metavuln:load:security-advisory:@webpack-cli/info:IzHFkMfHDC+SV3IL23ZHngntgLDUgyESA9Ge8Mh5rKNVcDpaWLuTZIcoUJg4/bAH+BQlnDzJ4nLfJCy6fOIM0A== Completed in 0ms
4174 timing metavuln:cache:put:security-advisory:@webpack-cli/info:4Ds6078ZextuCWT6jXrsLa2Pd6hu32g4nY8H0+T8m+aNKVhEB+52Q1eUKB1D7t/Yrw589oA8B9wCx3mYH5Czxg== Completed in 25ms
4175 timing metavuln:calculate:security-advisory:@webpack-cli/info:IzHFkMfHDC+SV3IL23ZHngntgLDUgyESA9Ge8Mh5rKNVcDpaWLuTZIcoUJg4/bAH+BQlnDzJ4nLfJCy6fOIM0A== Completed in 388ms
4176 http fetch GET 200 https://registry.npmjs.org/@webpack-cli%2fserve 576ms (cache miss)
4177 timing metavuln:packument:@webpack-cli/serve Completed in 578ms
4178 timing metavuln:load:security-advisory:@webpack-cli/serve:IzHFkMfHDC+SV3IL23ZHngntgLDUgyESA9Ge8Mh5rKNVcDpaWLuTZIcoUJg4/bAH+BQlnDzJ4nLfJCy6fOIM0A== Completed in 0ms
4179 timing metavuln:cache:put:security-advisory:@webpack-cli/serve:P+MTiTWti/cexrtrDQJD8+RBcrtMy6Jp7vN92Es/wHBog8SMX86eBjTDijQuCnC+gyaCX0FrEqKPYrcWHqsQUA== Completed in 2ms
4180 timing metavuln:calculate:security-advisory:@webpack-cli/serve:IzHFkMfHDC+SV3IL23ZHngntgLDUgyESA9Ge8Mh5rKNVcDpaWLuTZIcoUJg4/bAH+BQlnDzJ4nLfJCy6fOIM0A== Completed in 580ms
4181 http fetch GET 200 https://registry.npmjs.org/css-loader 3920ms (cache miss)
4182 timing metavuln:packument:css-loader Completed in 3922ms
4183 timing metavuln:load:security-advisory:css-loader:IzHFkMfHDC+SV3IL23ZHngntgLDUgyESA9Ge8Mh5rKNVcDpaWLuTZIcoUJg4/bAH+BQlnDzJ4nLfJCy6fOIM0A== Completed in 2ms
4184 timing metavuln:cache:put:security-advisory:css-loader:Ow76q8hhhU3MvyLxgnm1y/zYo7Fm99dr11gKzfApuH8ncvHl4guATrwKI/IqfjYipYNSdQJKvS0ecZLpxoiVmQ== Completed in 3ms
4185 timing metavuln:calculate:security-advisory:css-loader:IzHFkMfHDC+SV3IL23ZHngntgLDUgyESA9Ge8Mh5rKNVcDpaWLuTZIcoUJg4/bAH+BQlnDzJ4nLfJCy6fOIM0A== Completed in 3930ms
4186 timing metavuln:cache:get:security-advisory:js-beautify:mVGwaR1hJpSySFGv5ENPLe2MXyLsuhCYccBRXwHzfIZ1FRuXcQpYf7sIInN7YhD/b7MqhQlEML2TlWJFU2xw9w== Completed in 0ms
4187 timing metavuln:load:security-advisory:js-beautify:/pief47seGDBHnUOHcdf4vh8S5av/gmYGMH6T5uy3DhJchX5AykoNsEcl2U0K2kYnXDy3Q1HW14AEdN7s+Mmhw== Completed in 3ms
4188 timing metavuln:cache:put:security-advisory:js-beautify:mVGwaR1hJpSySFGv5ENPLe2MXyLsuhCYccBRXwHzfIZ1FRuXcQpYf7sIInN7YhD/b7MqhQlEML2TlWJFU2xw9w== Completed in 2ms
4189 timing metavuln:calculate:security-advisory:js-beautify:/pief47seGDBHnUOHcdf4vh8S5av/gmYGMH6T5uy3DhJchX5AykoNsEcl2U0K2kYnXDy3Q1HW14AEdN7s+Mmhw== Completed in 5ms
4190 timing metavuln:cache:get:security-advisory:fastify:lycCXiLX7WYkPGWyOZfK/x2MyEabGa58Yp0NN6fq6Yb6R/bh9aYOAn3zOTXTfsMH3UEP1cjjw4Kj5YdQJT91Fg== Completed in 1ms
4191 timing metavuln:load:security-advisory:fastify:UfYeYMGFnlVOh6z1dqFizSqjGi7YyyQMRc3JQ1VnZ/OBVx1zGC6e+b6mEKG/IaRMMtjP5WJ2749QJ6iB38mozA== Completed in 14ms
4192 timing metavuln:cache:put:security-advisory:fastify:lycCXiLX7WYkPGWyOZfK/x2MyEabGa58Yp0NN6fq6Yb6R/bh9aYOAn3zOTXTfsMH3UEP1cjjw4Kj5YdQJT91Fg== Completed in 2ms
4193 timing metavuln:calculate:security-advisory:fastify:UfYeYMGFnlVOh6z1dqFizSqjGi7YyyQMRc3JQ1VnZ/OBVx1zGC6e+b6mEKG/IaRMMtjP5WJ2749QJ6iB38mozA== Completed in 17ms
4194 timing metavuln:cache:get:security-advisory:fastify-error-page:jFLobgupm1ygdOxTlUvCIArNYaFGGKBaaLAoJ8OKqbKNtBGSdJkKNTpzczRFYEIoK/2FzNs3+s9I4+12F+M70A== Completed in 1ms
4195 http fetch GET 200 https://registry.npmjs.org/fastify-error-page 311ms (cache miss)
4196 timing metavuln:packument:fastify-error-page Completed in 312ms
4197 timing metavuln:load:security-advisory:fastify-error-page:GCj7wAVwXmpdpHsZ3FBltk4ddq703nJZceXkq77o3f+gaNLubEhWMdGOuTbsQUIPAj4PXvzoyIJlnaLab4wWyA== Completed in 0ms
4198 timing metavuln:cache:put:security-advisory:fastify-error-page:jFLobgupm1ygdOxTlUvCIArNYaFGGKBaaLAoJ8OKqbKNtBGSdJkKNTpzczRFYEIoK/2FzNs3+s9I4+12F+M70A== Completed in 2ms
4199 timing metavuln:calculate:security-advisory:fastify-error-page:GCj7wAVwXmpdpHsZ3FBltk4ddq703nJZceXkq77o3f+gaNLubEhWMdGOuTbsQUIPAj4PXvzoyIJlnaLab4wWyA== Completed in 314ms
4200 timing metavuln:cache:get:security-advisory:socks-proxy-agent:O35lPVDdakgt3PlMJ9Zvn535r+Rq41+Bl/9fFt/aDDpWq0oHeg7o+DHqp/GCXtD2sFx/QS2MkwRqg1u8nOKHkQ== Completed in 3ms
4201 http fetch GET 200 https://registry.npmjs.org/socks-proxy-agent 29ms (cache miss)
4202 timing metavuln:packument:socks-proxy-agent Completed in 31ms
4203 timing metavuln:load:security-advisory:socks-proxy-agent:re7e5WgYC0N2yCcyKEpIVOef1b0RSDx7Y0SpqokON2S0og4NBc+basQ12t25Rom7giF5cYm2S3iMuCSJlhszhQ== Completed in 3ms
4204 timing metavuln:cache:put:security-advisory:socks-proxy-agent:O35lPVDdakgt3PlMJ9Zvn535r+Rq41+Bl/9fFt/aDDpWq0oHeg7o+DHqp/GCXtD2sFx/QS2MkwRqg1u8nOKHkQ== Completed in 2ms
4205 timing metavuln:calculate:security-advisory:socks-proxy-agent:re7e5WgYC0N2yCcyKEpIVOef1b0RSDx7Y0SpqokON2S0og4NBc+basQ12t25Rom7giF5cYm2S3iMuCSJlhszhQ== Completed in 36ms
4206 timing metavuln:cache:get:security-advisory:webpack:JftYdshFur//E5T4X92eMr+3ntXPZDJ+GCIeFNjvSdMva59Eynz8k2kYRNBgeLJzm3dzvTSVXqU5Xweef/OxdQ== Completed in 1ms
4207 timing metavuln:load:security-advisory:webpack:329sgNMopuugPFiEvSVitHHehdTr5nHB47XwDe3JfAo+J6Nc9SQhgI2F9XPbnv2SVTzEoWYsaJ8lBj3HmQYXeg== Completed in 28ms
4208 timing metavuln:cache:put:security-advisory:webpack:JftYdshFur//E5T4X92eMr+3ntXPZDJ+GCIeFNjvSdMva59Eynz8k2kYRNBgeLJzm3dzvTSVXqU5Xweef/OxdQ== Completed in 4ms
4209 timing metavuln:calculate:security-advisory:webpack:329sgNMopuugPFiEvSVitHHehdTr5nHB47XwDe3JfAo+J6Nc9SQhgI2F9XPbnv2SVTzEoWYsaJ8lBj3HmQYXeg== Completed in 33ms
4210 timing metavuln:cache:get:security-advisory:make-fetch-happen:q03SNaXFmpntHTdFKVqWa4IIRjlaJ2qE1WvcW9MwQLzbnz64mRzxsDqW2TXCLt2TtlAnx7BMCbNaw6LnUvJUIw== Completed in 2ms
4211 timing metavuln:cache:get:security-advisory:pacote:n9VnII7y9ZW1GT1gVj62cE9xjkv3aX/VqWIjwlAA8KHp1hEYutmyoLipnyWHRE1TuvCW/R4n2igf9cx6gM34Hg== Completed in 1ms
4212 timing metavuln:load:security-advisory:pacote:INKTKnu8s8GPrrEWizpRiLUFlthVc1ITCEYCSENPEaXlKpqlzp7yy5PYdXfMmBWJfFm3FXjzrxJEvgRxISM++w== Completed in 12ms
4213 timing metavuln:cache:put:security-advisory:pacote:n9VnII7y9ZW1GT1gVj62cE9xjkv3aX/VqWIjwlAA8KHp1hEYutmyoLipnyWHRE1TuvCW/R4n2igf9cx6gM34Hg== Completed in 3ms
4214 timing metavuln:calculate:security-advisory:pacote:INKTKnu8s8GPrrEWizpRiLUFlthVc1ITCEYCSENPEaXlKpqlzp7yy5PYdXfMmBWJfFm3FXjzrxJEvgRxISM++w== Completed in 16ms
4215 http fetch GET 200 https://registry.npmjs.org/make-fetch-happen 324ms (cache miss)
4216 timing metavuln:packument:make-fetch-happen Completed in 327ms
4217 timing metavuln:load:security-advisory:make-fetch-happen:INKTKnu8s8GPrrEWizpRiLUFlthVc1ITCEYCSENPEaXlKpqlzp7yy5PYdXfMmBWJfFm3FXjzrxJEvgRxISM++w== Completed in 5ms
4218 timing metavuln:cache:put:security-advisory:make-fetch-happen:q03SNaXFmpntHTdFKVqWa4IIRjlaJ2qE1WvcW9MwQLzbnz64mRzxsDqW2TXCLt2TtlAnx7BMCbNaw6LnUvJUIw== Completed in 2ms
4219 timing metavuln:calculate:security-advisory:make-fetch-happen:INKTKnu8s8GPrrEWizpRiLUFlthVc1ITCEYCSENPEaXlKpqlzp7yy5PYdXfMmBWJfFm3FXjzrxJEvgRxISM++w== Completed in 334ms
4220 timing metavuln:cache:get:security-advisory:@npmcli/run-script:Ph19ANTw8UeRByC7cB2yhh7VriCWq4BfUKkNP1f3OCB+lsGAurZ+pTe6BDoc1MP1py2VC9SrK/4xsW6INTBWHg== Completed in 3ms
4221 timing metavuln:cache:get:security-advisory:sqlite3:vdVXejV53HZzOAyoMVXlKAKKwzFHMK2tRfC3n8i+hDwPoqfgOtO7PAao0FwkJ6zScKK5EyOSfaeY6FBrwTHm0g== Completed in 2ms
4222 timing metavuln:load:security-advisory:sqlite3:cR9SjysnJiH/OQhtlJ+1YckNbTCX3ySzBDchhlWta522Iv7zXkOEHOdjXbE+dBYpFMIe8wf5F+K+zgyax1eQ1g== Completed in 2ms
4223 timing metavuln:cache:put:security-advisory:sqlite3:vdVXejV53HZzOAyoMVXlKAKKwzFHMK2tRfC3n8i+hDwPoqfgOtO7PAao0FwkJ6zScKK5EyOSfaeY6FBrwTHm0g== Completed in 3ms
4224 timing metavuln:calculate:security-advisory:sqlite3:cR9SjysnJiH/OQhtlJ+1YckNbTCX3ySzBDchhlWta522Iv7zXkOEHOdjXbE+dBYpFMIe8wf5F+K+zgyax1eQ1g== Completed in 7ms
4225 http fetch GET 200 https://registry.npmjs.org/@npmcli%2frun-script 44ms (cache miss)
4226 timing metavuln:packument:@npmcli/run-script Completed in 46ms
4227 timing metavuln:load:security-advisory:@npmcli/run-script:cR9SjysnJiH/OQhtlJ+1YckNbTCX3ySzBDchhlWta522Iv7zXkOEHOdjXbE+dBYpFMIe8wf5F+K+zgyax1eQ1g== Completed in 6ms
4228 timing metavuln:cache:put:security-advisory:@npmcli/run-script:Ph19ANTw8UeRByC7cB2yhh7VriCWq4BfUKkNP1f3OCB+lsGAurZ+pTe6BDoc1MP1py2VC9SrK/4xsW6INTBWHg== Completed in 2ms
4229 timing metavuln:calculate:security-advisory:@npmcli/run-script:cR9SjysnJiH/OQhtlJ+1YckNbTCX3ySzBDchhlWta522Iv7zXkOEHOdjXbE+dBYpFMIe8wf5F+K+zgyax1eQ1g== Completed in 55ms
4230 timing metavuln:cache:get:security-advisory:npm-check-updates:imQSHLU5O6iCGAV1i1QUPts6IZ8eYTAwWb7O2m0B35SwTp13OTH6x7KEjo3Dm8Y45hhf7sK6lRhEAW6SLvHOYA== Completed in 0ms
4231 timing metavuln:load:security-advisory:npm-check-updates:pIDszVhdWZJLAyH0roBs20FumCGQNgbLQraIf94rib1iQhBA8Q5IJSc87Tf7rY5vempQl8o/cCwMJ97hW69LQg== Completed in 22ms
4232 timing metavuln:cache:put:security-advisory:npm-check-updates:imQSHLU5O6iCGAV1i1QUPts6IZ8eYTAwWb7O2m0B35SwTp13OTH6x7KEjo3Dm8Y45hhf7sK6lRhEAW6SLvHOYA== Completed in 2ms
4233 timing metavuln:calculate:security-advisory:npm-check-updates:pIDszVhdWZJLAyH0roBs20FumCGQNgbLQraIf94rib1iQhBA8Q5IJSc87Tf7rY5vempQl8o/cCwMJ97hW69LQg== Completed in 24ms
4234 timing metavuln:cache:get:security-advisory:@sigstore/sign:GYu5QJXyDkwJzxv77i77r5JBC9xYme6KOuYlB0CXIDRUhfA6VoiK8FrhlY2WhJ/cwnjYIWZrEfOaC/PfYjyPyA== Completed in 3ms
4235 timing metavuln:cache:get:security-advisory:npm-check-updates:YJd2dvkKChs+69Ha92mdCkmYmsNJkh6mVu1Q+osfFXmIPmfwSk9rhf5Ns6sce58sxHiKh6/+yW++e5yk4Elkow== Completed in 2ms
4236 timing metavuln:load:security-advisory:npm-check-updates:q03SNaXFmpntHTdFKVqWa4IIRjlaJ2qE1WvcW9MwQLzbnz64mRzxsDqW2TXCLt2TtlAnx7BMCbNaw6LnUvJUIw== Completed in 7ms
4237 timing metavuln:cache:get:security-advisory:npm-registry-fetch:/VaP4B1UY4GZ5WJ2m1M/WeUiBSX20Q5uS4Crqri3AanSBmYmDzLhr5VL4UpZqJuCOCgPF/4bT+6tuqUHDStmpQ== Completed in 9ms
4238 timing metavuln:cache:get:security-advisory:sigstore:Nh0kuagYgvCT0Nu/er+Fb0GiV8SQ7d/LhruwecuaSrILDUyMQBRf6flTpyjE16C5oO1kLXYCqLUlxJeb/Akezw== Completed in 8ms
4239 timing metavuln:cache:get:security-advisory:tuf-js:Dp9oP4DGVJF+4SLymnNltoBbi/c4oZl2G/CnPLd/f43rdH4hrrouS6BvZfdPwPo4FOtS13EbO0jnYmnkIR2s2A== Completed in 8ms
4240 timing metavuln:cache:get:security-advisory:node-gyp:eRcP8KZIjKJCmA6aGEoOrpTaTYsCCTztvaCaMq/ybPiWEwNIaeXjPOixcyzEpQYroS6u34r3fOuGd0zfb5mvvA== Completed in 8ms
4241 timing metavuln:load:security-advisory:node-gyp:q03SNaXFmpntHTdFKVqWa4IIRjlaJ2qE1WvcW9MwQLzbnz64mRzxsDqW2TXCLt2TtlAnx7BMCbNaw6LnUvJUIw== Completed in 5ms
4242 timing metavuln:cache:put:security-advisory:npm-check-updates:YJd2dvkKChs+69Ha92mdCkmYmsNJkh6mVu1Q+osfFXmIPmfwSk9rhf5Ns6sce58sxHiKh6/+yW++e5yk4Elkow== Completed in 10ms
4243 timing metavuln:calculate:security-advisory:npm-check-updates:q03SNaXFmpntHTdFKVqWa4IIRjlaJ2qE1WvcW9MwQLzbnz64mRzxsDqW2TXCLt2TtlAnx7BMCbNaw6LnUvJUIw== Completed in 19ms
4244 timing metavuln:cache:put:security-advisory:node-gyp:eRcP8KZIjKJCmA6aGEoOrpTaTYsCCTztvaCaMq/ybPiWEwNIaeXjPOixcyzEpQYroS6u34r3fOuGd0zfb5mvvA== Completed in 5ms
4245 timing metavuln:calculate:security-advisory:node-gyp:q03SNaXFmpntHTdFKVqWa4IIRjlaJ2qE1WvcW9MwQLzbnz64mRzxsDqW2TXCLt2TtlAnx7BMCbNaw6LnUvJUIw== Completed in 18ms
4246 http fetch GET 200 https://registry.npmjs.org/npm-registry-fetch 43ms (cache miss)
4247 timing metavuln:packument:npm-registry-fetch Completed in 45ms
4248 timing metavuln:load:security-advisory:npm-registry-fetch:q03SNaXFmpntHTdFKVqWa4IIRjlaJ2qE1WvcW9MwQLzbnz64mRzxsDqW2TXCLt2TtlAnx7BMCbNaw6LnUvJUIw== Completed in 8ms
4249 timing metavuln:cache:put:security-advisory:npm-registry-fetch:/VaP4B1UY4GZ5WJ2m1M/WeUiBSX20Q5uS4Crqri3AanSBmYmDzLhr5VL4UpZqJuCOCgPF/4bT+6tuqUHDStmpQ== Completed in 3ms
4250 timing metavuln:calculate:security-advisory:npm-registry-fetch:q03SNaXFmpntHTdFKVqWa4IIRjlaJ2qE1WvcW9MwQLzbnz64mRzxsDqW2TXCLt2TtlAnx7BMCbNaw6LnUvJUIw== Completed in 56ms
4251 http fetch GET 200 https://registry.npmjs.org/tuf-js 310ms (cache miss)
4252 timing metavuln:packument:tuf-js Completed in 311ms
4253 timing metavuln:load:security-advisory:tuf-js:q03SNaXFmpntHTdFKVqWa4IIRjlaJ2qE1WvcW9MwQLzbnz64mRzxsDqW2TXCLt2TtlAnx7BMCbNaw6LnUvJUIw== Completed in 1ms
4254 timing metavuln:cache:put:security-advisory:tuf-js:Dp9oP4DGVJF+4SLymnNltoBbi/c4oZl2G/CnPLd/f43rdH4hrrouS6BvZfdPwPo4FOtS13EbO0jnYmnkIR2s2A== Completed in 6ms
4255 timing metavuln:calculate:security-advisory:tuf-js:q03SNaXFmpntHTdFKVqWa4IIRjlaJ2qE1WvcW9MwQLzbnz64mRzxsDqW2TXCLt2TtlAnx7BMCbNaw6LnUvJUIw== Completed in 318ms
4256 http fetch GET 200 https://registry.npmjs.org/sigstore 322ms (cache miss)
4257 timing metavuln:packument:sigstore Completed in 323ms
4258 timing metavuln:load:security-advisory:sigstore:q03SNaXFmpntHTdFKVqWa4IIRjlaJ2qE1WvcW9MwQLzbnz64mRzxsDqW2TXCLt2TtlAnx7BMCbNaw6LnUvJUIw== Completed in 1ms
4259 timing metavuln:cache:put:security-advisory:sigstore:Nh0kuagYgvCT0Nu/er+Fb0GiV8SQ7d/LhruwecuaSrILDUyMQBRf6flTpyjE16C5oO1kLXYCqLUlxJeb/Akezw== Completed in 1ms
4260 timing metavuln:calculate:security-advisory:sigstore:q03SNaXFmpntHTdFKVqWa4IIRjlaJ2qE1WvcW9MwQLzbnz64mRzxsDqW2TXCLt2TtlAnx7BMCbNaw6LnUvJUIw== Completed in 325ms
4261 http fetch GET 200 https://registry.npmjs.org/@sigstore%2fsign 1446ms (cache miss)
4262 timing metavuln:packument:@sigstore/sign Completed in 1448ms
4263 timing metavuln:load:security-advisory:@sigstore/sign:q03SNaXFmpntHTdFKVqWa4IIRjlaJ2qE1WvcW9MwQLzbnz64mRzxsDqW2TXCLt2TtlAnx7BMCbNaw6LnUvJUIw== Completed in 1ms
4264 timing metavuln:cache:put:security-advisory:@sigstore/sign:GYu5QJXyDkwJzxv77i77r5JBC9xYme6KOuYlB0CXIDRUhfA6VoiK8FrhlY2WhJ/cwnjYIWZrEfOaC/PfYjyPyA== Completed in 9ms
4265 timing metavuln:calculate:security-advisory:@sigstore/sign:q03SNaXFmpntHTdFKVqWa4IIRjlaJ2qE1WvcW9MwQLzbnz64mRzxsDqW2TXCLt2TtlAnx7BMCbNaw6LnUvJUIw== Completed in 1458ms
4266 timing metavuln:cache:get:security-advisory:pacote:Hlf7Ab/BfwPrfJbGpF6t9vTWiKiPXaUuqZm81Ze82/WqtuS2DnytTFMEpXi+2tUsXZ39XYicz7ceXAu84O426A== Completed in 0ms
4267 timing metavuln:load:security-advisory:pacote:Ph19ANTw8UeRByC7cB2yhh7VriCWq4BfUKkNP1f3OCB+lsGAurZ+pTe6BDoc1MP1py2VC9SrK/4xsW6INTBWHg== Completed in 4ms
4268 timing metavuln:cache:put:security-advisory:pacote:Hlf7Ab/BfwPrfJbGpF6t9vTWiKiPXaUuqZm81Ze82/WqtuS2DnytTFMEpXi+2tUsXZ39XYicz7ceXAu84O426A== Completed in 1ms
4269 timing metavuln:calculate:security-advisory:pacote:Ph19ANTw8UeRByC7cB2yhh7VriCWq4BfUKkNP1f3OCB+lsGAurZ+pTe6BDoc1MP1py2VC9SrK/4xsW6INTBWHg== Completed in 6ms
4270 timing metavuln:cache:get:security-advisory:pacote:vXWrF+1cO/hjPtibpMBkhScnCnginfHmXpmS6UKKHm8oGlo9vVagLHHfliqb8ZPN+I1+GMRC5w2SBJhQ4k3NZQ== Completed in 0ms
4271 timing metavuln:load:security-advisory:pacote:/VaP4B1UY4GZ5WJ2m1M/WeUiBSX20Q5uS4Crqri3AanSBmYmDzLhr5VL4UpZqJuCOCgPF/4bT+6tuqUHDStmpQ== Completed in 5ms
4272 timing metavuln:cache:put:security-advisory:pacote:vXWrF+1cO/hjPtibpMBkhScnCnginfHmXpmS6UKKHm8oGlo9vVagLHHfliqb8ZPN+I1+GMRC5w2SBJhQ4k3NZQ== Completed in 2ms
4273 timing metavuln:calculate:security-advisory:pacote:/VaP4B1UY4GZ5WJ2m1M/WeUiBSX20Q5uS4Crqri3AanSBmYmDzLhr5VL4UpZqJuCOCgPF/4bT+6tuqUHDStmpQ== Completed in 7ms
4274 timing metavuln:cache:get:security-advisory:@sigstore/tuf:EjNP3vtq+/S7FbmePoejRdM8YMEmoJLHKLCAaeB7WZJEmHXJbhMFBmCpBP9bVYHLwzeO8MSv9BqAdYyMB1lajQ== Completed in 0ms
4275 http fetch GET 200 https://registry.npmjs.org/@sigstore%2ftuf 1157ms (cache miss)
4276 timing metavuln:packument:@sigstore/tuf Completed in 1158ms
4277 timing metavuln:load:security-advisory:@sigstore/tuf:Dp9oP4DGVJF+4SLymnNltoBbi/c4oZl2G/CnPLd/f43rdH4hrrouS6BvZfdPwPo4FOtS13EbO0jnYmnkIR2s2A== Completed in 1ms
4278 timing metavuln:cache:put:security-advisory:@sigstore/tuf:EjNP3vtq+/S7FbmePoejRdM8YMEmoJLHKLCAaeB7WZJEmHXJbhMFBmCpBP9bVYHLwzeO8MSv9BqAdYyMB1lajQ== Completed in 3ms
4279 timing metavuln:calculate:security-advisory:@sigstore/tuf:Dp9oP4DGVJF+4SLymnNltoBbi/c4oZl2G/CnPLd/f43rdH4hrrouS6BvZfdPwPo4FOtS13EbO0jnYmnkIR2s2A== Completed in 1162ms
4280 timing metavuln:cache:get:security-advisory:pacote://+h/TVS9k5LxsmYkvZEX4nGj5Gu9miVareno4xkG3wwGb/fcovM3mTKvr4AhqHecGfNincQ/qXCPjmkonKWJQ== Completed in 0ms
4281 timing metavuln:load:security-advisory:pacote:Nh0kuagYgvCT0Nu/er+Fb0GiV8SQ7d/LhruwecuaSrILDUyMQBRf6flTpyjE16C5oO1kLXYCqLUlxJeb/Akezw== Completed in 3ms
4282 timing metavuln:cache:put:security-advisory:pacote://+h/TVS9k5LxsmYkvZEX4nGj5Gu9miVareno4xkG3wwGb/fcovM3mTKvr4AhqHecGfNincQ/qXCPjmkonKWJQ== Completed in 2ms
4283 timing metavuln:calculate:security-advisory:pacote:Nh0kuagYgvCT0Nu/er+Fb0GiV8SQ7d/LhruwecuaSrILDUyMQBRf6flTpyjE16C5oO1kLXYCqLUlxJeb/Akezw== Completed in 6ms
4284 timing metavuln:cache:get:security-advisory:sigstore:bpe2gCtmLSTCWxgwrT/FCSiNjUOo+FoaEbQ1Lb3QKPlwcr/7HmybQ/rCLN0C4M7logBtY2ECNuKpIl916VMWOw== Completed in 0ms
4285 timing metavuln:load:security-advisory:sigstore:GYu5QJXyDkwJzxv77i77r5JBC9xYme6KOuYlB0CXIDRUhfA6VoiK8FrhlY2WhJ/cwnjYIWZrEfOaC/PfYjyPyA== Completed in 1ms
4286 timing metavuln:cache:put:security-advisory:sigstore:bpe2gCtmLSTCWxgwrT/FCSiNjUOo+FoaEbQ1Lb3QKPlwcr/7HmybQ/rCLN0C4M7logBtY2ECNuKpIl916VMWOw== Completed in 2ms
4287 timing metavuln:calculate:security-advisory:sigstore:GYu5QJXyDkwJzxv77i77r5JBC9xYme6KOuYlB0CXIDRUhfA6VoiK8FrhlY2WhJ/cwnjYIWZrEfOaC/PfYjyPyA== Completed in 3ms
4288 timing metavuln:cache:get:security-advisory:sigstore:gpw0WSECCz73sVFROcnK/0uCAnzCMs51N0nOIT8XUEwlDptuACihbC9+Bs4DOHT4KPr3NXe11e1iDftk+IMFag== Completed in 0ms
4289 timing metavuln:load:security-advisory:sigstore:EjNP3vtq+/S7FbmePoejRdM8YMEmoJLHKLCAaeB7WZJEmHXJbhMFBmCpBP9bVYHLwzeO8MSv9BqAdYyMB1lajQ== Completed in 2ms
4290 timing metavuln:cache:put:security-advisory:sigstore:gpw0WSECCz73sVFROcnK/0uCAnzCMs51N0nOIT8XUEwlDptuACihbC9+Bs4DOHT4KPr3NXe11e1iDftk+IMFag== Completed in 2ms
4291 timing metavuln:calculate:security-advisory:sigstore:EjNP3vtq+/S7FbmePoejRdM8YMEmoJLHKLCAaeB7WZJEmHXJbhMFBmCpBP9bVYHLwzeO8MSv9BqAdYyMB1lajQ== Completed in 4ms
4292 timing auditReport:init Completed in 30275ms
4293 timing reify:audit Completed in 32785ms
4294 info run @vscode/sqlite3@5.1.2 install { code: 0, signal: null }
4295 timing build:run:install:node_modules/@vscode/sqlite3 Completed in 73465ms
4296 timing build:run:install Completed in 73466ms
4297 info run es5-ext@0.10.64 postinstall node_modules/es5-ext  node -e "try{require('./_postinstall')}catch(e){}" || exit 0
4298 info run es5-ext@0.10.64 postinstall { code: 0, signal: null }
4299 timing build:run:postinstall:node_modules/es5-ext Completed in 56ms
4300 timing build:run:postinstall Completed in 57ms
4301 timing build:deps Completed in 73571ms
4302 timing build Completed in 73571ms
4303 timing reify:build Completed in 73574ms
4304 timing reify:trash Completed in 2ms
4305 timing reify:save Completed in 278ms
4306 timing reify Completed in 97369ms
4307 silly ADD node_modules/youch
4308 silly ADD node_modules/youch/node_modules/cookie
4309 silly ADD node_modules/yocto-queue
4310 silly ADD node_modules/yargs-parser
4311 silly ADD node_modules/yargs
4312 silly ADD node_modules/yallist
4313 silly ADD node_modules/y18n
4314 silly ADD node_modules/xtend
4315 silly ADD node_modules/xdg-basedir
4316 silly ADD node_modules/write-file-atomic
4317 silly ADD node_modules/wrappy
4318 silly ADD node_modules/wrap-ansi-cjs
4319 silly ADD node_modules/wrap-ansi
4320 silly ADD node_modules/wrap-ansi/node_modules/strip-ansi
4321 silly ADD node_modules/wrap-ansi/node_modules/string-width
4322 silly ADD node_modules/wrap-ansi/node_modules/emoji-regex
4323 silly ADD node_modules/wrap-ansi/node_modules/ansi-styles
4324 silly ADD node_modules/wrap-ansi/node_modules/ansi-regex
4325 silly ADD node_modules/wkx
4326 silly ADD node_modules/with
4327 silly ADD node_modules/wildcard
4328 silly ADD node_modules/widest-line
4329 silly ADD node_modules/widest-line/node_modules/strip-ansi
4330 silly ADD node_modules/widest-line/node_modules/string-width
4331 silly ADD node_modules/widest-line/node_modules/emoji-regex
4332 silly ADD node_modules/widest-line/node_modules/ansi-regex
4333 silly ADD node_modules/wide-align
4334 silly ADD node_modules/which-typed-array
4335 silly ADD node_modules/which-boxed-primitive
4336 silly ADD node_modules/which
4337 silly ADD node_modules/webpack-sources
4338 silly ADD node_modules/webpack-merge
4339 silly ADD node_modules/webpack-cli
4340 silly ADD node_modules/webpack-cli/node_modules/interpret
4341 silly ADD node_modules/webpack
4342 silly ADD node_modules/webpack/node_modules/schema-utils
4343 silly ADD node_modules/webpack/node_modules/graceful-fs
4344 silly ADD node_modules/webpack/node_modules/estraverse
4345 silly ADD node_modules/webpack/node_modules/eslint-scope
4346 silly ADD node_modules/watchpack
4347 silly ADD node_modules/walker
4348 silly ADD node_modules/void-elements
4349 silly ADD node_modules/vary
4350 silly ADD node_modules/validator
4351 silly ADD node_modules/validate-npm-package-name
4352 silly ADD node_modules/validate-npm-package-license
4353 silly ADD node_modules/v8-to-istanbul
4354 silly ADD node_modules/uuid
4355 silly ADD node_modules/util-deprecate
4356 silly ADD node_modules/uri-js
4357 silly ADD node_modules/update-notifier
4358 silly ADD node_modules/update-notifier/node_modules/chalk
4359 silly ADD node_modules/update-browserslist-db
4360 silly ADD node_modules/untildify
4361 silly ADD node_modules/universalify
4362 silly ADD node_modules/unique-string
4363 silly ADD node_modules/unique-slug
4364 silly ADD node_modules/unique-filename
4365 silly ADD node_modules/undici-types
4366 silly ADD node_modules/unbox-primitive
4367 silly ADD node_modules/umzug
4368 silly ADD node_modules/uc.micro
4369 silly ADD node_modules/typedarray-to-buffer
4370 silly ADD node_modules/typed-array-length
4371 silly ADD node_modules/typed-array-byte-offset
4372 silly ADD node_modules/typed-array-byte-length
4373 silly ADD node_modules/typed-array-buffer
4374 silly ADD node_modules/type-is
4375 silly ADD node_modules/type-fest
4376 silly ADD node_modules/type-detect
4377 silly ADD node_modules/type-check
4378 silly ADD node_modules/type
4379 silly ADD node_modules/tunnel-agent
4380 silly ADD node_modules/tuf-js
4381 silly ADD node_modules/tslib
4382 silly ADD node_modules/tsconfig-paths
4383 silly ADD node_modules/tsconfig-paths/node_modules/strip-bom
4384 silly ADD node_modules/tsconfig-paths/node_modules/json5
4385 silly ADD node_modules/tree-kill
4386 silly ADD node_modules/toposort-class
4387 silly ADD node_modules/token-stream
4388 silly ADD node_modules/toidentifier
4389 silly ADD node_modules/toad-cache
4390 silly ADD node_modules/to-regex-range
4391 silly ADD node_modules/to-fast-properties
4392 silly ADD node_modules/tmpl
4393 silly ADD node_modules/timers-ext
4394 silly ADD node_modules/tildify
4395 silly ADD node_modules/thread-stream
4396 silly ADD node_modules/text-table
4397 silly ADD node_modules/test-exclude
4398 silly ADD node_modules/test-exclude/node_modules/glob
4399 silly ADD node_modules/terser-webpack-plugin
4400 silly ADD node_modules/terser-webpack-plugin/node_modules/supports-color
4401 silly ADD node_modules/terser-webpack-plugin/node_modules/schema-utils
4402 silly ADD node_modules/terser-webpack-plugin/node_modules/jest-worker
4403 silly ADD node_modules/terser
4404 silly ADD node_modules/terser/node_modules/source-map-support
4405 silly ADD node_modules/terser/node_modules/commander
4406 silly ADD node_modules/tarn
4407 silly ADD node_modules/tar-stream
4408 silly ADD node_modules/tar-fs
4409 silly ADD node_modules/tar-fs/node_modules/chownr
4410 silly ADD node_modules/tar
4411 silly ADD node_modules/tapable
4412 silly ADD node_modules/supports-preserve-symlinks-flag
4413 silly ADD node_modules/supports-color
4414 silly ADD node_modules/style-loader
4415 silly ADD node_modules/strip-json-comments
4416 silly ADD node_modules/strip-final-newline
4417 silly ADD node_modules/strip-bom
4418 silly ADD node_modules/strip-ansi-cjs
4419 silly ADD node_modules/strip-ansi
4420 silly ADD node_modules/string.prototype.trimstart
4421 silly ADD node_modules/string.prototype.trimend
4422 silly ADD node_modules/string.prototype.trim
4423 silly ADD node_modules/string-width-cjs
4424 silly ADD node_modules/string-width
4425 silly ADD node_modules/string-length
4426 silly ADD node_modules/string_decoder
4427 silly ADD node_modules/statuses
4428 silly ADD node_modules/stack-utils
4429 silly ADD node_modules/stack-utils/node_modules/escape-string-regexp
4430 silly ADD node_modules/stack-trace
4431 silly ADD node_modules/ssri
4432 silly ADD node_modules/ssri/node_modules/minipass
4433 silly ADD node_modules/sqlite3
4434 silly ADD node_modules/sqlite3/node_modules/ssri
4435 silly ADD node_modules/sqlite3/node_modules/socks-proxy-agent
4436 silly ADD node_modules/sqlite3/node_modules/node-gyp
4437 silly ADD node_modules/sqlite3/node_modules/node-addon-api
4438 silly ADD node_modules/sqlite3/node_modules/minipass-fetch
4439 silly ADD node_modules/sqlite3/node_modules/make-fetch-happen
4440 silly ADD node_modules/sqlite3/node_modules/lru-cache
4441 silly ADD node_modules/sqlite3/node_modules/http-proxy-agent
4442 silly ADD node_modules/sqlite3/node_modules/glob
4443 silly ADD node_modules/sqlite3/node_modules/cacache
4444 silly ADD node_modules/sqlite3/node_modules/@tootallnate/once
4445 silly ADD node_modules/sqlite3/node_modules/@npmcli/move-file
4446 silly ADD node_modules/sqlite3/node_modules/@npmcli/fs
4447 silly ADD node_modules/sprintf-js
4448 silly ADD node_modules/split2
4449 silly ADD node_modules/spdx-license-ids
4450 silly ADD node_modules/spdx-expression-parse
4451 silly ADD node_modules/spdx-exceptions
4452 silly ADD node_modules/spdx-correct
4453 silly ADD node_modules/spawn-please
4454 silly ADD node_modules/spawn-command
4455 silly ADD node_modules/source-map-support
4456 silly ADD node_modules/source-map-js
4457 silly ADD node_modules/source-map
4458 silly ADD node_modules/sonic-boom
4459 silly ADD node_modules/sodium-native
4460 silly ADD node_modules/socks-proxy-agent
4461 silly ADD node_modules/socks
4462 silly ADD node_modules/smart-buffer
4463 silly ADD node_modules/slash
4464 silly ADD node_modules/sisteransi
4465 silly ADD node_modules/simple-get
4466 silly ADD node_modules/simple-concat
4467 silly ADD node_modules/sigstore
4468 silly ADD node_modules/signal-exit
4469 silly ADD node_modules/side-channel
4470 silly ADD node_modules/shell-quote
4471 silly ADD node_modules/shebang-regex
4472 silly ADD node_modules/shebang-command
4473 silly ADD node_modules/shallow-clone
4474 silly ADD node_modules/setprototypeof
4475 silly ADD node_modules/set-function-name
4476 silly ADD node_modules/set-function-length
4477 silly ADD node_modules/set-cookie-parser
4478 silly ADD node_modules/set-blocking
4479 silly ADD node_modules/serialize-javascript
4480 silly ADD node_modules/sequelize-pool
4481 silly ADD node_modules/sequelize-cli
4482 silly ADD node_modules/sequelize-cli/node_modules/yargs-parser
4483 silly ADD node_modules/sequelize-cli/node_modules/yargs
4484 silly ADD node_modules/sequelize-cli/node_modules/wrap-ansi
4485 silly ADD node_modules/sequelize-cli/node_modules/cliui
4486 silly ADD node_modules/sequelize
4487 silly ADD node_modules/semver-utils
4488 silly ADD node_modules/semver-diff
4489 silly ADD node_modules/semver
4490 silly ADD node_modules/semver/node_modules/lru-cache
4491 silly ADD node_modules/secure-json-parse
4492 silly ADD node_modules/schema-utils
4493 silly ADD node_modules/schema-utils/node_modules/json-schema-traverse
4494 silly ADD node_modules/schema-utils/node_modules/ajv-keywords
4495 silly ADD node_modules/schema-utils/node_modules/ajv
4496 silly ADD node_modules/safer-buffer
4497 silly ADD node_modules/safe-stable-stringify
4498 silly ADD node_modules/safe-regex2
4499 silly ADD node_modules/safe-regex-test
4500 silly ADD node_modules/safe-buffer
4501 silly ADD node_modules/safe-array-concat
4502 silly ADD node_modules/rxjs
4503 silly ADD node_modules/run-parallel
4504 silly ADD node_modules/rimraf
4505 silly ADD node_modules/rimraf/node_modules/glob
4506 silly ADD node_modules/rfdc
4507 silly ADD node_modules/reusify
4508 silly ADD node_modules/retry-as-promised
4509 silly ADD node_modules/retry
4510 silly ADD node_modules/ret
4511 silly ADD node_modules/responselike
4512 silly ADD node_modules/responselike/node_modules/lowercase-keys
4513 silly ADD node_modules/resolve.exports
4514 silly ADD node_modules/resolve-from
4515 silly ADD node_modules/resolve-cwd
4516 silly ADD node_modules/resolve-alpn
4517 silly ADD node_modules/resolve
4518 silly ADD node_modules/require-from-string
4519 silly ADD node_modules/require-directory
4520 silly ADD node_modules/remote-git-tags
4521 silly ADD node_modules/registry-url
4522 silly ADD node_modules/registry-auth-token
4523 silly ADD node_modules/regexp.prototype.flags
4524 silly ADD node_modules/regenerator-runtime
4525 silly ADD node_modules/rechoir
4526 silly ADD node_modules/real-require
4527 silly ADD node_modules/readdirp
4528 silly ADD node_modules/readable-stream
4529 silly ADD node_modules/read-package-json-fast
4530 silly ADD node_modules/read-package-json-fast/node_modules/json-parse-even-better-errors
4531 silly ADD node_modules/read-package-json
4532 silly ADD node_modules/read-package-json/node_modules/json-parse-even-better-errors
4533 silly ADD node_modules/react-is
4534 silly ADD node_modules/rc-config-loader
4535 silly ADD node_modules/rc
4536 silly ADD node_modules/rc/node_modules/strip-json-comments
4537 silly ADD node_modules/rc/node_modules/ini
4538 silly ADD node_modules/randombytes
4539 silly ADD node_modules/quick-lru
4540 silly ADD node_modules/quick-format-unescaped
4541 silly ADD node_modules/queue-microtask
4542 silly ADD node_modules/qs
4543 silly ADD node_modules/pure-rand
4544 silly ADD node_modules/pupa
4545 silly ADD node_modules/punycode
4546 silly ADD node_modules/pump
4547 silly ADD node_modules/pug-walk
4548 silly ADD node_modules/pug-strip-comments
4549 silly ADD node_modules/pug-runtime
4550 silly ADD node_modules/pug-parser
4551 silly ADD node_modules/pug-load
4552 silly ADD node_modules/pug-linker
4553 silly ADD node_modules/pug-lexer
4554 silly ADD node_modules/pug-filters
4555 silly ADD node_modules/pug-error
4556 silly ADD node_modules/pug-code-gen
4557 silly ADD node_modules/pug-attrs
4558 silly ADD node_modules/pug
4559 silly ADD node_modules/proxy-addr
4560 silly ADD node_modules/proto-list
4561 silly ADD node_modules/prompts-ncu
4562 silly ADD node_modules/prompts-ncu/node_modules/kleur
4563 silly ADD node_modules/prompts
4564 silly ADD node_modules/promise-retry
4565 silly ADD node_modules/promise-inflight
4566 silly ADD node_modules/promise
4567 silly ADD node_modules/progress
4568 silly ADD node_modules/process-warning
4569 silly ADD node_modules/process
4570 silly ADD node_modules/proc-log
4571 silly ADD node_modules/pretty-format
4572 silly ADD node_modules/pretty-format/node_modules/ansi-styles
4573 silly ADD node_modules/prelude-ls
4574 silly ADD node_modules/prebuild-install
4575 silly ADD node_modules/postgres-interval
4576 silly ADD node_modules/postgres-date
4577 silly ADD node_modules/postgres-bytea
4578 silly ADD node_modules/postgres-array
4579 silly ADD node_modules/postcss-value-parser
4580 silly ADD node_modules/postcss-selector-parser
4581 silly ADD node_modules/postcss-modules-values
4582 silly ADD node_modules/postcss-modules-scope
4583 silly ADD node_modules/postcss-modules-local-by-default
4584 silly ADD node_modules/postcss-modules-extract-imports
4585 silly ADD node_modules/postcss
4586 silly ADD node_modules/possible-typed-array-names
4587 silly ADD node_modules/pkg-up
4588 silly ADD node_modules/pkg-up/node_modules/path-exists
4589 silly ADD node_modules/pkg-up/node_modules/p-locate
4590 silly ADD node_modules/pkg-up/node_modules/p-limit
4591 silly ADD node_modules/pkg-up/node_modules/locate-path
4592 silly ADD node_modules/pkg-up/node_modules/find-up
4593 silly ADD node_modules/pkg-dir
4594 silly ADD node_modules/pkg-dir/node_modules/p-locate
4595 silly ADD node_modules/pkg-dir/node_modules/p-limit
4596 silly ADD node_modules/pkg-dir/node_modules/locate-path
4597 silly ADD node_modules/pkg-dir/node_modules/find-up
4598 silly ADD node_modules/pirates
4599 silly ADD node_modules/pino-std-serializers
4600 silly ADD node_modules/pino-pretty
4601 silly ADD node_modules/pino-pretty/node_modules/readable-stream
4602 silly ADD node_modules/pino-pretty/node_modules/help-me
4603 silly ADD node_modules/pino-pretty/node_modules/buffer
4604 silly ADD node_modules/pino-abstract-transport
4605 silly ADD node_modules/pino-abstract-transport/node_modules/split2
4606 silly ADD node_modules/pino-abstract-transport/node_modules/readable-stream
4607 silly ADD node_modules/pino-abstract-transport/node_modules/buffer
4608 silly ADD node_modules/pino
4609 silly ADD node_modules/picomatch
4610 silly ADD node_modules/picocolors
4611 silly ADD node_modules/pgpass
4612 silly ADD node_modules/pgpass/node_modules/split2
4613 silly ADD node_modules/pg-types
4614 silly ADD node_modules/pg-protocol
4615 silly ADD node_modules/pg-pool
4616 silly ADD node_modules/pg-int8
4617 silly ADD node_modules/pg-connection-string
4618 silly ADD node_modules/pg-cloudflare
4619 silly ADD node_modules/pg
4620 silly ADD node_modules/pg/node_modules/pg-connection-string
4621 silly ADD node_modules/path-type
4622 silly ADD node_modules/path-to-regexp
4623 silly ADD node_modules/path-scurry
4624 silly ADD node_modules/path-scurry/node_modules/minipass
4625 silly ADD node_modules/path-scurry/node_modules/lru-cache
4626 silly ADD node_modules/path-parse
4627 silly ADD node_modules/path-key
4628 silly ADD node_modules/path-is-absolute
4629 silly ADD node_modules/path-exists
4630 silly ADD node_modules/parse-json
4631 silly ADD node_modules/parse-github-url
4632 silly ADD node_modules/parent-module
4633 silly ADD node_modules/pacote
4634 silly ADD node_modules/pacote/node_modules/minipass
4635 silly ADD node_modules/pacote/node_modules/fs-minipass
4636 silly ADD node_modules/pacote/node_modules/fs-minipass/node_modules/minipass
4637 silly ADD node_modules/package-json
4638 silly ADD node_modules/p-try
4639 silly ADD node_modules/p-map
4640 silly ADD node_modules/p-locate
4641 silly ADD node_modules/p-limit
4642 silly ADD node_modules/p-cancelable
4643 silly ADD node_modules/optionator
4644 silly ADD node_modules/onetime
4645 silly ADD node_modules/once
4646 silly ADD node_modules/on-exit-leak-free
4647 silly ADD node_modules/objection-unique
4648 silly ADD node_modules/objection
4649 silly ADD node_modules/objection/node_modules/json-schema-traverse
4650 silly ADD node_modules/objection/node_modules/ajv
4651 silly ADD node_modules/object.values
4652 silly ADD node_modules/object.groupby
4653 silly ADD node_modules/object.fromentries
4654 silly ADD node_modules/object.entries
4655 silly ADD node_modules/object.assign
4656 silly ADD node_modules/object-keys
4657 silly ADD node_modules/object-inspect
4658 silly ADD node_modules/object-assign
4659 silly ADD node_modules/npmlog
4660 silly ADD node_modules/npm-run-path
4661 silly ADD node_modules/npm-registry-fetch
4662 silly ADD node_modules/npm-registry-fetch/node_modules/minipass
4663 silly ADD node_modules/npm-pick-manifest
4664 silly ADD node_modules/npm-packlist
4665 silly ADD node_modules/npm-package-arg
4666 silly ADD node_modules/npm-package-arg/node_modules/lru-cache
4667 silly ADD node_modules/npm-package-arg/node_modules/hosted-git-info
4668 silly ADD node_modules/npm-normalize-package-bin
4669 silly ADD node_modules/npm-install-checks
4670 silly ADD node_modules/npm-check-updates
4671 silly ADD node_modules/npm-check-updates/node_modules/strip-json-comments
4672 silly ADD node_modules/npm-check-updates/node_modules/strip-ansi
4673 silly ADD node_modules/npm-check-updates/node_modules/source-map-support
4674 silly ADD node_modules/npm-check-updates/node_modules/rimraf
4675 silly ADD node_modules/npm-check-updates/node_modules/minimatch
4676 silly ADD node_modules/npm-check-updates/node_modules/ini
4677 silly ADD node_modules/npm-check-updates/node_modules/chalk
4678 silly ADD node_modules/npm-check-updates/node_modules/brace-expansion
4679 silly ADD node_modules/npm-check-updates/node_modules/ansi-regex
4680 silly ADD node_modules/npm-bundled
4681 silly ADD node_modules/normalize-url
4682 silly ADD node_modules/normalize-path
4683 silly ADD node_modules/normalize-package-data
4684 silly ADD node_modules/normalize-package-data/node_modules/lru-cache
4685 silly ADD node_modules/normalize-package-data/node_modules/hosted-git-info
4686 silly ADD node_modules/nopt
4687 silly ADD node_modules/node-releases
4688 silly ADD node_modules/node-int64
4689 silly ADD node_modules/node-gyp-build
4690 silly ADD node_modules/node-gyp
4691 silly ADD node_modules/node-gyp/node_modules/unique-slug
4692 silly ADD node_modules/node-gyp/node_modules/unique-filename
4693 silly ADD node_modules/node-gyp/node_modules/ssri
4694 silly ADD node_modules/node-gyp/node_modules/nopt
4695 silly ADD node_modules/node-gyp/node_modules/minipass-fetch
4696 silly ADD node_modules/node-gyp/node_modules/make-fetch-happen
4697 silly ADD node_modules/node-gyp/node_modules/lru-cache
4698 silly ADD node_modules/node-gyp/node_modules/glob
4699 silly ADD node_modules/node-gyp/node_modules/cacache
4700 silly ADD node_modules/node-gyp/node_modules/cacache/node_modules/minimatch
4701 silly ADD node_modules/node-gyp/node_modules/cacache/node_modules/glob
4702 silly ADD node_modules/node-gyp/node_modules/brace-expansion
4703 silly ADD node_modules/node-gyp/node_modules/@npmcli/fs
4704 silly ADD node_modules/node-addon-api
4705 silly ADD node_modules/node-abi
4706 silly ADD node_modules/next-tick
4707 silly ADD node_modules/neo-async
4708 silly ADD node_modules/negotiator
4709 silly ADD node_modules/natural-compare
4710 silly ADD node_modules/napi-build-utils
4711 silly ADD node_modules/nanoid
4712 silly ADD node_modules/mustache
4713 silly ADD node_modules/ms
4714 silly ADD node_modules/moment-timezone
4715 silly ADD node_modules/moment
4716 silly ADD node_modules/mkdirp-classic
4717 silly ADD node_modules/mkdirp
4718 silly ADD node_modules/minizlib
4719 silly ADD node_modules/minipass-sized
4720 silly ADD node_modules/minipass-pipeline
4721 silly ADD node_modules/minipass-json-stream
4722 silly ADD node_modules/minipass-flush
4723 silly ADD node_modules/minipass-fetch
4724 silly ADD node_modules/minipass-fetch/node_modules/minipass
4725 silly ADD node_modules/minipass-collect
4726 silly ADD node_modules/minipass
4727 silly ADD node_modules/minimist
4728 silly ADD node_modules/minimatch
4729 silly ADD node_modules/mini-css-extract-plugin
4730 silly ADD node_modules/mimic-response
4731 silly ADD node_modules/mimic-fn
4732 silly ADD node_modules/mime-types
4733 silly ADD node_modules/mime-db
4734 silly ADD node_modules/mime
4735 silly ADD node_modules/micromatch
4736 silly ADD node_modules/merge2
4737 silly ADD node_modules/merge-stream
4738 silly ADD node_modules/memoizee
4739 silly ADD node_modules/media-typer
4740 silly ADD node_modules/mdurl
4741 silly ADD node_modules/markdown-it
4742 silly ADD node_modules/makeerror
4743 silly ADD node_modules/make-promises-safe
4744 silly ADD node_modules/make-fetch-happen
4745 silly ADD node_modules/make-fetch-happen/node_modules/minipass
4746 silly ADD node_modules/make-fetch-happen/node_modules/lru-cache
4747 silly ADD node_modules/make-dir
4748 silly ADD node_modules/lru-queue
4749 silly ADD node_modules/lru-cache
4750 silly ADD node_modules/lru-cache/node_modules/yallist
4751 silly ADD node_modules/lowercase-keys
4752 silly ADD node_modules/lodash.merge
4753 silly ADD node_modules/lodash.isempty
4754 silly ADD node_modules/lodash.compact
4755 silly ADD node_modules/lodash.castarray
4756 silly ADD node_modules/lodash
4757 silly ADD node_modules/locate-path
4758 silly ADD node_modules/loader-runner
4759 silly ADD node_modules/linkify-it
4760 silly ADD node_modules/lines-and-columns
4761 silly ADD node_modules/light-my-request
4762 silly ADD node_modules/levn
4763 silly ADD node_modules/leven
4764 silly ADD node_modules/latest-version
4765 silly ADD node_modules/knex
4766 silly ADD node_modules/kleur
4767 silly ADD node_modules/kind-of
4768 silly ADD node_modules/keyv
4769 silly ADD node_modules/jstransformer-markdown-it
4770 silly ADD node_modules/jstransformer
4771 silly ADD node_modules/jsonparse
4772 silly ADD node_modules/jsonlines
4773 silly ADD node_modules/jsonfile
4774 silly ADD node_modules/json5
4775 silly ADD node_modules/json-stable-stringify-without-jsonify
4776 silly ADD node_modules/json-schema-traverse
4777 silly ADD node_modules/json-schema-ref-resolver
4778 silly ADD node_modules/json-parse-helpfulerror
4779 silly ADD node_modules/json-parse-even-better-errors
4780 silly ADD node_modules/json-buffer
4781 silly ADD node_modules/jsesc
4782 silly ADD node_modules/js-yaml
4783 silly ADD node_modules/js-tokens
4784 silly ADD node_modules/js-stringify
4785 silly ADD node_modules/js-cookie
4786 silly ADD node_modules/js-beautify
4787 silly ADD node_modules/js-beautify/node_modules/nopt
4788 silly ADD node_modules/js-beautify/node_modules/abbrev
4789 silly ADD node_modules/jquery
4790 silly ADD node_modules/joycon
4791 silly ADD node_modules/jju
4792 silly ADD node_modules/jest-worker
4793 silly ADD node_modules/jest-worker/node_modules/supports-color
4794 silly ADD node_modules/jest-watcher
4795 silly ADD node_modules/jest-validate
4796 silly ADD node_modules/jest-validate/node_modules/camelcase
4797 silly ADD node_modules/jest-util
4798 silly ADD node_modules/jest-snapshot
4799 silly ADD node_modules/jest-runtime
4800 silly ADD node_modules/jest-runtime/node_modules/glob
4801 silly ADD node_modules/jest-runner
4802 silly ADD node_modules/jest-resolve-dependencies
4803 silly ADD node_modules/jest-resolve
4804 silly ADD node_modules/jest-regex-util
4805 silly ADD node_modules/jest-pnp-resolver
4806 silly ADD node_modules/jest-mock
4807 silly ADD node_modules/jest-message-util
4808 silly ADD node_modules/jest-matcher-utils
4809 silly ADD node_modules/jest-leak-detector
4810 silly ADD node_modules/jest-haste-map
4811 silly ADD node_modules/jest-get-type
4812 silly ADD node_modules/jest-environment-node
4813 silly ADD node_modules/jest-each
4814 silly ADD node_modules/jest-docblock
4815 silly ADD node_modules/jest-diff
4816 silly ADD node_modules/jest-config
4817 silly ADD node_modules/jest-config/node_modules/glob
4818 silly ADD node_modules/jest-cli
4819 silly ADD node_modules/jest-circus
4820 silly ADD node_modules/jest-changed-files
4821 silly ADD node_modules/jest
4822 silly ADD node_modules/jackspeak
4823 silly ADD node_modules/istanbul-reports
4824 silly ADD node_modules/istanbul-lib-source-maps
4825 silly ADD node_modules/istanbul-lib-report
4826 silly ADD node_modules/istanbul-lib-instrument
4827 silly ADD node_modules/istanbul-lib-coverage
4828 silly ADD node_modules/isobject
4829 silly ADD node_modules/isexe
4830 silly ADD node_modules/isbinaryfile
4831 silly ADD node_modules/isarray
4832 silly ADD node_modules/is-yarn-global
4833 silly ADD node_modules/is-weakref
4834 silly ADD node_modules/is-typedarray
4835 silly ADD node_modules/is-typed-array
4836 silly ADD node_modules/is-symbol
4837 silly ADD node_modules/is-string
4838 silly ADD node_modules/is-stream
4839 silly ADD node_modules/is-shared-array-buffer
4840 silly ADD node_modules/is-regex
4841 silly ADD node_modules/is-promise
4842 silly ADD node_modules/is-plain-object
4843 silly ADD node_modules/is-path-inside
4844 silly ADD node_modules/is-obj
4845 silly ADD node_modules/is-number-object
4846 silly ADD node_modules/is-number
4847 silly ADD node_modules/is-npm
4848 silly ADD node_modules/is-negative-zero
4849 silly ADD node_modules/is-lambda
4850 silly ADD node_modules/is-installed-globally
4851 silly ADD node_modules/is-glob
4852 silly ADD node_modules/is-generator-fn
4853 silly ADD node_modules/is-fullwidth-code-point
4854 silly ADD node_modules/is-extglob
4855 silly ADD node_modules/is-expression
4856 silly ADD node_modules/is-expression/node_modules/acorn
4857 silly ADD node_modules/is-docker
4858 silly ADD node_modules/is-date-object
4859 silly ADD node_modules/is-data-view
4860 silly ADD node_modules/is-core-module
4861 silly ADD node_modules/is-ci
4862 silly ADD node_modules/is-callable
4863 silly ADD node_modules/is-boolean-object
4864 silly ADD node_modules/is-binary-path
4865 silly ADD node_modules/is-bigint
4866 silly ADD node_modules/is-arrayish
4867 silly ADD node_modules/is-array-buffer
4868 silly ADD node_modules/ipaddr.js
4869 silly ADD node_modules/ip
4870 silly ADD node_modules/interpret
4871 silly ADD node_modules/internal-slot
4872 silly ADD node_modules/ini
4873 silly ADD node_modules/inherits
4874 silly ADD node_modules/inflight
4875 silly ADD node_modules/inflection
4876 silly ADD node_modules/infer-owner
4877 silly ADD node_modules/indent-string
4878 silly ADD node_modules/imurmurhash
4879 silly ADD node_modules/import-local
4880 silly ADD node_modules/import-lazy
4881 silly ADD node_modules/import-fresh
4882 silly ADD node_modules/import-fresh/node_modules/resolve-from
4883 silly ADD node_modules/ignore-walk
4884 silly ADD node_modules/ignore-walk/node_modules/minimatch
4885 silly ADD node_modules/ignore-walk/node_modules/brace-expansion
4886 silly ADD node_modules/ignore
4887 silly ADD node_modules/ieee754
4888 silly ADD node_modules/icss-utils
4889 silly ADD node_modules/iconv-lite
4890 silly ADD node_modules/i18next
4891 silly ADD node_modules/humanize-ms
4892 silly ADD node_modules/human-signals
4893 silly ADD node_modules/https-proxy-agent
4894 silly ADD node_modules/http2-wrapper
4895 silly ADD node_modules/http-proxy-agent
4896 silly ADD node_modules/http-errors
4897 silly ADD node_modules/http-cache-semantics
4898 silly ADD node_modules/html-escaper
4899 silly ADD node_modules/hosted-git-info
4900 silly ADD node_modules/hosted-git-info/node_modules/lru-cache
4901 silly ADD node_modules/help-me
4902 silly ADD node_modules/help-me/node_modules/minimatch
4903 silly ADD node_modules/help-me/node_modules/glob
4904 silly ADD node_modules/help-me/node_modules/brace-expansion
4905 silly ADD node_modules/hasown
4906 silly ADD node_modules/hashlru
4907 silly ADD node_modules/has-yarn
4908 silly ADD node_modules/has-unicode
4909 silly ADD node_modules/has-tostringtag
4910 silly ADD node_modules/has-symbols
4911 silly ADD node_modules/has-proto
4912 silly ADD node_modules/has-property-descriptors
4913 silly ADD node_modules/has-flag
4914 silly ADD node_modules/has-bigints
4915 silly ADD node_modules/graphemer
4916 silly ADD node_modules/graceful-fs
4917 silly ADD node_modules/got
4918 silly ADD node_modules/gopd
4919 silly ADD node_modules/globby
4920 silly ADD node_modules/globalthis
4921 silly ADD node_modules/globals
4922 silly ADD node_modules/global-dirs
4923 silly ADD node_modules/glob-to-regexp
4924 silly ADD node_modules/glob-parent
4925 silly ADD node_modules/glob
4926 silly ADD node_modules/glob/node_modules/minipass
4927 silly ADD node_modules/glob/node_modules/minimatch
4928 silly ADD node_modules/glob/node_modules/brace-expansion
4929 silly ADD node_modules/github-from-package
4930 silly ADD node_modules/getopts
4931 silly ADD node_modules/get-symbol-description
4932 silly ADD node_modules/get-stream
4933 silly ADD node_modules/get-stdin
4934 silly ADD node_modules/get-package-type
4935 silly ADD node_modules/get-intrinsic
4936 silly ADD node_modules/get-caller-file
4937 silly ADD node_modules/gensync
4938 silly ADD node_modules/generify
4939 silly ADD node_modules/gauge
4940 silly ADD node_modules/functions-have-names
4941 silly ADD node_modules/function.prototype.name
4942 silly ADD node_modules/function-bind
4943 silly ADD
4944 silly ADD node_modules/fs.realpath
4945 silly ADD node_modules/fs-minipass
4946 silly ADD node_modules/fs-extra
4947 silly ADD node_modules/fs-constants
4948 silly ADD node_modules/fp-and-or
4949 silly ADD node_modules/forwarded
4950 silly ADD node_modules/form-data-encoder
4951 silly ADD node_modules/foreground-child
4952 silly ADD node_modules/foreground-child/node_modules/signal-exit
4953 silly ADD node_modules/for-each
4954 silly ADD node_modules/flatted
4955 silly ADD node_modules/flat-cache
4956 silly ADD node_modules/find-up
4957 silly ADD node_modules/find-my-way
4958 silly ADD node_modules/fill-range
4959 silly ADD node_modules/file-uri-to-path
4960 silly ADD node_modules/file-entry-cache
4961 silly ADD node_modules/fb-watchman
4962 silly ADD node_modules/fastq
4963 silly ADD node_modules/fastify-reverse-routes
4964 silly ADD node_modules/fastify-plugin
4965 silly ADD node_modules/fastify-objectionjs
4966 silly ADD node_modules/fastify-objectionjs/node_modules/pg-connection-string
4967 silly ADD node_modules/fastify-objectionjs/node_modules/knex
4968 silly ADD node_modules/fastify-objectionjs/node_modules/fastify-plugin
4969 silly ADD node_modules/fastify-method-override
4970 silly ADD node_modules/fastify-method-override/node_modules/fastify-plugin
4971 silly ADD node_modules/fastify-error-page
4972 silly ADD node_modules/fastify-error-page/node_modules/fastify-plugin
4973 silly ADD node_modules/fastify-cli
4974 silly ADD node_modules/fastify-cli/node_modules/readable-stream
4975 silly ADD node_modules/fastify-cli/node_modules/pino-pretty
4976 silly ADD node_modules/fastify-cli/node_modules/pino-pretty/node_modules/help-me
4977 silly ADD node_modules/fastify-cli/node_modules/fastify-plugin
4978 silly ADD node_modules/fastify-cli/node_modules/buffer
4979 silly ADD node_modules/fastify
4980 silly ADD node_modules/fastest-levenshtein
4981 silly ADD node_modules/fast-uri
4982 silly ADD node_modules/fast-safe-stringify
4983 silly ADD node_modules/fast-redact
4984 silly ADD node_modules/fast-querystring
4985 silly ADD node_modules/fast-memoize
4986 silly ADD node_modules/fast-levenshtein
4987 silly ADD node_modules/fast-json-stringify
4988 silly ADD node_modules/fast-json-stringify/node_modules/json-schema-traverse
4989 silly ADD node_modules/fast-json-stringify/node_modules/ajv-formats
4990 silly ADD node_modules/fast-json-stringify/node_modules/ajv
4991 silly ADD node_modules/fast-json-stable-stringify
4992 silly ADD node_modules/fast-glob
4993 silly ADD node_modules/fast-glob/node_modules/glob-parent
4994 silly ADD node_modules/fast-deep-equal
4995 silly ADD node_modules/fast-decode-uri-component
4996 silly ADD node_modules/fast-copy
4997 silly ADD node_modules/fast-content-type-parse
4998 silly ADD node_modules/ext
4999 silly ADD node_modules/exponential-backoff
5000 silly ADD node_modules/expect
5001 silly ADD node_modules/expand-template
5002 silly ADD node_modules/exit
5003 silly ADD node_modules/execa
5004 silly ADD node_modules/events
5005 silly ADD node_modules/event-target-shim
5006 silly ADD node_modules/event-emitter
5007 silly ADD node_modules/esutils
5008 silly ADD node_modules/estraverse
5009 silly ADD node_modules/esrecurse
5010 silly ADD node_modules/esquery
5011 silly ADD node_modules/esprima
5012 silly ADD node_modules/espree
5013 silly ADD node_modules/espree/node_modules/eslint-visitor-keys
5014 silly ADD node_modules/esniff
5015 silly ADD node_modules/esm
5016 silly ADD node_modules/eslint-visitor-keys
5017 silly ADD node_modules/eslint-scope
5018 silly ADD node_modules/eslint-plugin-import
5019 silly ADD node_modules/eslint-plugin-import/node_modules/semver
5020 silly ADD node_modules/eslint-plugin-import/node_modules/doctrine
5021 silly ADD node_modules/eslint-plugin-import/node_modules/debug
5022 silly ADD node_modules/eslint-module-utils
5023 silly ADD node_modules/eslint-module-utils/node_modules/debug
5024 silly ADD node_modules/eslint-import-resolver-node
5025 silly ADD node_modules/eslint-import-resolver-node/node_modules/debug
5026 silly ADD node_modules/eslint-config-airbnb-base
5027 silly ADD node_modules/eslint-config-airbnb-base/node_modules/semver
5028 silly ADD node_modules/eslint
5029 silly ADD node_modules/eslint/node_modules/globals
5030 silly ADD node_modules/eslint/node_modules/espree
5031 silly ADD node_modules/eslint/node_modules/escape-string-regexp
5032 silly ADD node_modules/eslint/node_modules/@eslint/js
5033 silly ADD node_modules/eslint/node_modules/@eslint/eslintrc
5034 silly ADD node_modules/escape-string-regexp
5035 silly ADD node_modules/escape-html
5036 silly ADD node_modules/escape-goat
5037 silly ADD node_modules/escalade
5038 silly ADD node_modules/es6-weak-map
5039 silly ADD node_modules/es6-symbol
5040 silly ADD node_modules/es6-iterator
5041 silly ADD node_modules/es5-ext
5042 silly ADD node_modules/es-to-primitive
5043 silly ADD node_modules/es-shim-unscopables
5044 silly ADD node_modules/es-set-tostringtag
5045 silly ADD node_modules/es-object-atoms
5046 silly ADD node_modules/es-module-lexer
5047 silly ADD node_modules/es-errors
5048 silly ADD node_modules/es-define-property
5049 silly ADD node_modules/es-abstract
5050 silly ADD node_modules/error-ex
5051 silly ADD node_modules/err-code
5052 silly ADD node_modules/envinfo
5053 silly ADD node_modules/env-paths
5054 silly ADD node_modules/entities
5055 silly ADD node_modules/enhanced-resolve
5056 silly ADD node_modules/end-of-stream
5057 silly ADD node_modules/encoding
5058 silly ADD node_modules/emoji-regex
5059 silly ADD node_modules/emittery
5060 silly ADD node_modules/electron-to-chromium
5061 silly ADD node_modules/editorconfig
5062 silly ADD node_modules/editorconfig/node_modules/minimatch
5063 silly ADD node_modules/editorconfig/node_modules/brace-expansion
5064 silly ADD node_modules/eastasianwidth
5065 silly ADD node_modules/dottie
5066 silly ADD node_modules/dotenv
5067 silly ADD node_modules/dot-prop
5068 silly ADD node_modules/doctypes
5069 silly ADD node_modules/doctrine
5070 silly ADD node_modules/dir-glob
5071 silly ADD node_modules/diff-sequences
5072 silly ADD node_modules/detect-newline
5073 silly ADD node_modules/detect-libc
5074 silly ADD node_modules/depd
5075 silly ADD node_modules/delegates
5076 silly ADD node_modules/define-properties
5077 silly ADD node_modules/define-data-property
5078 silly ADD node_modules/defer-to-connect
5079 silly ADD node_modules/deepmerge
5080 silly ADD node_modules/deep-is
5081 silly ADD node_modules/deep-extend
5082 silly ADD node_modules/dedent
5083 silly ADD node_modules/decompress-response
5084 silly ADD node_modules/decompress-response/node_modules/mimic-response
5085 silly ADD node_modules/debug
5086 silly ADD node_modules/debug/node_modules/ms
5087 silly ADD node_modules/db-errors
5088 silly ADD node_modules/dateformat
5089 silly ADD node_modules/date-fns
5090 silly ADD node_modules/data-view-byte-offset
5091 silly ADD node_modules/data-view-byte-length
5092 silly ADD node_modules/data-view-buffer
5093 silly ADD node_modules/d
5094 silly ADD node_modules/cssesc
5095 silly ADD node_modules/css-loader
5096 silly ADD node_modules/crypto-random-string
5097 silly ADD node_modules/crypto-random-string/node_modules/type-fest
5098 silly ADD node_modules/cross-spawn
5099 silly ADD node_modules/create-jest
5100 silly ADD node_modules/cookie-signature
5101 silly ADD node_modules/cookie
5102 silly ADD node_modules/convert-source-map
5103 silly ADD node_modules/content-disposition
5104 silly ADD node_modules/constantinople
5105 silly ADD node_modules/console-control-strings
5106 silly ADD node_modules/confusing-browser-globals
5107 silly ADD node_modules/configstore
5108 silly ADD node_modules/configstore/node_modules/write-file-atomic
5109 silly ADD node_modules/config-chain
5110 silly ADD node_modules/config-chain/node_modules/ini
5111 silly ADD node_modules/concurrently
5112 silly ADD node_modules/concurrently/node_modules/supports-color
5113 silly ADD node_modules/concat-map
5114 silly ADD node_modules/commist
5115 silly ADD node_modules/commander
5116 silly ADD node_modules/colorette
5117 silly ADD node_modules/color-support
5118 silly ADD node_modules/color-name
5119 silly ADD node_modules/color-convert
5120 silly ADD node_modules/collect-v8-coverage
5121 silly ADD node_modules/co
5122 silly ADD node_modules/close-with-grace
5123 silly ADD node_modules/clone-response
5124 silly ADD node_modules/clone-deep
5125 silly ADD node_modules/cliui
5126 silly ADD node_modules/cliui/node_modules/wrap-ansi
5127 silly ADD node_modules/cli-table3
5128 silly ADD node_modules/cli-color
5129 silly ADD node_modules/cli-boxes
5130 silly ADD node_modules/clean-stack
5131 silly ADD node_modules/cjs-module-lexer
5132 silly ADD node_modules/ci-info
5133 silly ADD node_modules/chrome-trace-event
5134 silly ADD node_modules/chownr
5135 silly ADD node_modules/chokidar
5136 silly ADD node_modules/chokidar/node_modules/glob-parent
5137 silly ADD node_modules/character-parser
5138 silly ADD node_modules/char-regex
5139 silly ADD node_modules/chalk
5140 silly ADD node_modules/caniuse-lite
5141 silly ADD node_modules/camelcase
5142 silly ADD node_modules/callsites
5143 silly ADD node_modules/call-bind
5144 silly ADD node_modules/cacheable-request
5145 silly ADD node_modules/cacheable-request/node_modules/lowercase-keys
5146 silly ADD node_modules/cacheable-request/node_modules/get-stream
5147 silly ADD node_modules/cacheable-lookup
5148 silly ADD node_modules/cacache
5149 silly ADD node_modules/cacache/node_modules/unique-slug
5150 silly ADD node_modules/cacache/node_modules/unique-filename
5151 silly ADD node_modules/cacache/node_modules/minipass
5152 silly ADD node_modules/cacache/node_modules/lru-cache
5153 silly ADD node_modules/cacache/node_modules/fs-minipass
5154 silly ADD node_modules/builtins
5155 silly ADD node_modules/buffer-from
5156 silly ADD node_modules/buffer
5157 silly ADD node_modules/bser
5158 silly ADD node_modules/browserslist
5159 silly ADD node_modules/braces
5160 silly ADD node_modules/brace-expansion
5161 silly ADD node_modules/boxen
5162 silly ADD node_modules/boxen/node_modules/type-fest
5163 silly ADD node_modules/boxen/node_modules/strip-ansi
5164 silly ADD node_modules/boxen/node_modules/string-width
5165 silly ADD node_modules/boxen/node_modules/emoji-regex
5166 silly ADD node_modules/boxen/node_modules/chalk
5167 silly ADD node_modules/boxen/node_modules/camelcase
5168 silly ADD node_modules/boxen/node_modules/ansi-regex
5169 silly ADD node_modules/bootstrap
5170 silly ADD node_modules/bluebird
5171 silly ADD node_modules/bl
5172 silly ADD node_modules/bindings
5173 silly ADD node_modules/binary-extensions
5174 silly ADD node_modules/better-sqlite3
5175 silly ADD node_modules/base64-js
5176 silly ADD node_modules/balanced-match
5177 silly ADD node_modules/babel-walk
5178 silly ADD node_modules/babel-preset-jest
5179 silly ADD node_modules/babel-preset-current-node-syntax
5180 silly ADD node_modules/babel-plugin-jest-hoist
5181 silly ADD node_modules/babel-plugin-istanbul
5182 silly ADD node_modules/babel-plugin-istanbul/node_modules/semver
5183 silly ADD node_modules/babel-plugin-istanbul/node_modules/istanbul-lib-instrument
5184 silly ADD node_modules/babel-jest
5185 silly ADD node_modules/avvio
5186 silly ADD node_modules/available-typed-arrays
5187 silly ADD node_modules/atomic-sleep
5188 silly ADD node_modules/at-least-node
5189 silly ADD node_modules/assert-never
5190 silly ADD node_modules/asap
5191 silly ADD node_modules/arraybuffer.prototype.slice
5192 silly ADD node_modules/array.prototype.flatmap
5193 silly ADD node_modules/array.prototype.flat
5194 silly ADD node_modules/array.prototype.findlastindex
5195 silly ADD node_modules/array-union
5196 silly ADD node_modules/array-includes
5197 silly ADD node_modules/array-buffer-byte-length
5198 silly ADD node_modules/argparse
5199 silly ADD node_modules/are-we-there-yet
5200 silly ADD node_modules/archy
5201 silly ADD node_modules/aproba
5202 silly ADD node_modules/anymatch
5203 silly ADD node_modules/ansi-styles
5204 silly ADD node_modules/ansi-regex
5205 silly ADD node_modules/ansi-escapes
5206 silly ADD node_modules/ansi-escapes/node_modules/type-fest
5207 silly ADD node_modules/ansi-align
5208 silly ADD node_modules/ajv-keywords
5209 silly ADD node_modules/ajv-formats
5210 silly ADD node_modules/ajv-formats/node_modules/json-schema-traverse
5211 silly ADD node_modules/ajv-formats/node_modules/ajv
5212 silly ADD node_modules/ajv
5213 silly ADD node_modules/aggregate-error
5214 silly ADD node_modules/agentkeepalive
5215 silly ADD node_modules/agentkeepalive/node_modules/depd
5216 silly ADD node_modules/agent-base
5217 silly ADD node_modules/acorn-jsx
5218 silly ADD node_modules/acorn-import-assertions
5219 silly ADD node_modules/acorn
5220 silly ADD node_modules/abstract-logging
5221 silly ADD node_modules/abort-controller
5222 silly ADD node_modules/abbrev
5223 silly ADD node_modules/@xtuc/long
5224 silly ADD node_modules/@xtuc/ieee754
5225 silly ADD node_modules/@webpack-cli/serve
5226 silly ADD node_modules/@webpack-cli/info
5227 silly ADD node_modules/@webpack-cli/configtest
5228 silly ADD node_modules/@webassemblyjs/wast-printer
5229 silly ADD node_modules/@webassemblyjs/wasm-parser
5230 silly ADD node_modules/@webassemblyjs/wasm-opt
5231 silly ADD node_modules/@webassemblyjs/wasm-gen
5232 silly ADD node_modules/@webassemblyjs/wasm-edit
5233 silly ADD node_modules/@webassemblyjs/utf8
5234 silly ADD node_modules/@webassemblyjs/leb128
5235 silly ADD node_modules/@webassemblyjs/ieee754
5236 silly ADD node_modules/@webassemblyjs/helper-wasm-section
5237 silly ADD node_modules/@webassemblyjs/helper-wasm-bytecode
5238 silly ADD node_modules/@webassemblyjs/helper-numbers
5239 silly ADD node_modules/@webassemblyjs/helper-buffer
5240 silly ADD node_modules/@webassemblyjs/helper-api-error
5241 silly ADD node_modules/@webassemblyjs/floating-point-hex-parser
5242 silly ADD node_modules/@webassemblyjs/ast
5243 silly ADD node_modules/@vscode/sqlite3
5244 silly ADD node_modules/@ungap/structured-clone
5245 silly ADD node_modules/@types/yargs-parser
5246 silly ADD node_modules/@types/yargs
5247 silly ADD node_modules/@types/validator
5248 silly ADD node_modules/@types/stack-utils
5249 silly ADD node_modules/@types/stack-trace
5250 silly ADD node_modules/@types/semver-utils
5251 silly ADD node_modules/@types/responselike
5252 silly ADD node_modules/@types/node
5253 silly ADD node_modules/@types/ms
5254 silly ADD node_modules/@types/keyv
5255 silly ADD node_modules/@types/json5
5256 silly ADD node_modules/@types/json-schema
5257 silly ADD node_modules/@types/jest
5258 silly ADD node_modules/@types/istanbul-reports
5259 silly ADD node_modules/@types/istanbul-lib-report
5260 silly ADD node_modules/@types/istanbul-lib-coverage
5261 silly ADD node_modules/@types/http-cache-semantics
5262 silly ADD node_modules/@types/graceful-fs
5263 silly ADD node_modules/@types/estree
5264 silly ADD node_modules/@types/eslint-scope
5265 silly ADD node_modules/@types/eslint
5266 silly ADD node_modules/@types/debug
5267 silly ADD node_modules/@types/cacheable-request
5268 silly ADD node_modules/@types/babel__traverse
5269 silly ADD node_modules/@types/babel__template
5270 silly ADD node_modules/@types/babel__generator
5271 silly ADD node_modules/@types/babel__core
5272 silly ADD node_modules/@tufjs/models
5273 silly ADD node_modules/@tufjs/models/node_modules/minimatch
5274 silly ADD node_modules/@tufjs/models/node_modules/brace-expansion
5275 silly ADD node_modules/@tufjs/canonical-json
5276 silly ADD node_modules/@tootallnate/once
5277 silly ADD node_modules/@szmarczak/http-timer
5278 silly ADD node_modules/@sinonjs/fake-timers
5279 silly ADD node_modules/@sinonjs/commons
5280 silly ADD node_modules/@sindresorhus/is
5281 silly ADD node_modules/@sinclair/typebox
5282 silly ADD node_modules/@sigstore/tuf
5283 silly ADD node_modules/@sigstore/sign
5284 silly ADD node_modules/@sigstore/protobuf-specs
5285 silly ADD node_modules/@sigstore/bundle
5286 silly ADD node_modules/@rails/ujs
5287 silly ADD node_modules/@popperjs/core
5288 silly ADD node_modules/@pnpm/npm-conf
5289 silly ADD node_modules/@pnpm/network.ca-file
5290 silly ADD node_modules/@pkgjs/parseargs
5291 silly ADD node_modules/@one-ini/wasm
5292 silly ADD node_modules/@npmcli/run-script
5293 silly ADD node_modules/@npmcli/run-script/node_modules/which
5294 silly ADD node_modules/@npmcli/promise-spawn
5295 silly ADD node_modules/@npmcli/promise-spawn/node_modules/which
5296 silly ADD node_modules/@npmcli/node-gyp
5297 silly ADD node_modules/@npmcli/move-file
5298 silly ADD node_modules/@npmcli/installed-package-contents
5299 silly ADD node_modules/@npmcli/git
5300 silly ADD node_modules/@npmcli/git/node_modules/which
5301 silly ADD node_modules/@npmcli/git/node_modules/lru-cache
5302 silly ADD node_modules/@npmcli/fs
5303 silly ADD node_modules/@nodelib/fs.walk
5304 silly ADD node_modules/@nodelib/fs.stat
5305 silly ADD node_modules/@nodelib/fs.scandir
5306 silly ADD node_modules/@lukeed/ms
5307 silly ADD node_modules/@jridgewell/trace-mapping
5308 silly ADD node_modules/@jridgewell/sourcemap-codec
5309 silly ADD node_modules/@jridgewell/source-map
5310 silly ADD node_modules/@jridgewell/set-array
5311 silly ADD node_modules/@jridgewell/resolve-uri
5312 silly ADD node_modules/@jridgewell/gen-mapping
5313 silly ADD node_modules/@jest/types
5314 silly ADD node_modules/@jest/transform
5315 silly ADD node_modules/@jest/test-sequencer
5316 silly ADD node_modules/@jest/test-result
5317 silly ADD node_modules/@jest/source-map
5318 silly ADD node_modules/@jest/schemas
5319 silly ADD node_modules/@jest/reporters
5320 silly ADD node_modules/@jest/reporters/node_modules/glob
5321 silly ADD node_modules/@jest/globals
5322 silly ADD node_modules/@jest/fake-timers
5323 silly ADD node_modules/@jest/expect-utils
5324 silly ADD node_modules/@jest/expect
5325 silly ADD node_modules/@jest/environment
5326 silly ADD node_modules/@jest/core
5327 silly ADD node_modules/@jest/console
5328 silly ADD node_modules/@istanbuljs/schema
5329 silly ADD node_modules/@istanbuljs/load-nyc-config
5330 silly ADD node_modules/@istanbuljs/load-nyc-config/node_modules/p-locate
5331 silly ADD node_modules/@istanbuljs/load-nyc-config/node_modules/p-limit
5332 silly ADD node_modules/@istanbuljs/load-nyc-config/node_modules/locate-path
5333 silly ADD node_modules/@istanbuljs/load-nyc-config/node_modules/js-yaml
5334 silly ADD node_modules/@istanbuljs/load-nyc-config/node_modules/find-up
5335 silly ADD node_modules/@istanbuljs/load-nyc-config/node_modules/argparse
5336 silly ADD node_modules/@isaacs/cliui
5337 silly ADD node_modules/@isaacs/cliui/node_modules/strip-ansi
5338 silly ADD node_modules/@isaacs/cliui/node_modules/string-width
5339 silly ADD node_modules/@isaacs/cliui/node_modules/emoji-regex
5340 silly ADD node_modules/@isaacs/cliui/node_modules/ansi-regex
5341 silly ADD node_modules/@humanwhocodes/object-schema
5342 silly ADD node_modules/@humanwhocodes/module-importer
5343 silly ADD node_modules/@humanwhocodes/config-array
5344 silly ADD node_modules/@gar/promisify
5345 silly ADD node_modules/@fastify/view
5346 silly ADD node_modules/@fastify/view/node_modules/fastify-plugin
5347 silly ADD node_modules/@fastify/static
5348 silly ADD node_modules/@fastify/static/node_modules/fastify-plugin
5349 silly ADD node_modules/@fastify/sensible
5350 silly ADD node_modules/@fastify/sensible/node_modules/fastify-plugin
5351 silly ADD node_modules/@fastify/send
5352 silly ADD node_modules/@fastify/secure-session
5353 silly ADD node_modules/@fastify/secure-session/node_modules/fastify-plugin
5354 silly ADD node_modules/@fastify/merge-json-schemas
5355 silly ADD node_modules/@fastify/formbody
5356 silly ADD node_modules/@fastify/formbody/node_modules/fastify-plugin
5357 silly ADD node_modules/@fastify/flash
5358 silly ADD node_modules/@fastify/flash/node_modules/fastify-plugin
5359 silly ADD node_modules/@fastify/fast-json-stringify-compiler
5360 silly ADD node_modules/@fastify/error
5361 silly ADD node_modules/@fastify/deepmerge
5362 silly ADD node_modules/@fastify/cookie
5363 silly ADD node_modules/@fastify/cookie/node_modules/fastify-plugin
5364 silly ADD node_modules/@fastify/ajv-compiler
5365 silly ADD node_modules/@fastify/ajv-compiler/node_modules/json-schema-traverse
5366 silly ADD node_modules/@fastify/ajv-compiler/node_modules/ajv
5367 silly ADD node_modules/@fastify/accept-negotiator
5368 silly ADD node_modules/@eslint/js
5369 silly ADD node_modules/@eslint/eslintrc
5370 silly ADD node_modules/@eslint/eslintrc/node_modules/globals
5371 silly ADD node_modules/@eslint-community/regexpp
5372 silly ADD node_modules/@eslint-community/eslint-utils
5373 silly ADD node_modules/@discoveryjs/json-ext
5374 silly ADD node_modules/@colors/colors
5375 silly ADD node_modules/@bcoe/v8-coverage
5376 silly ADD node_modules/@babel/types
5377 silly ADD node_modules/@babel/traverse
5378 silly ADD node_modules/@babel/traverse/node_modules/globals
5379 silly ADD node_modules/@babel/template
5380 silly ADD node_modules/@babel/runtime
5381 silly ADD node_modules/@babel/plugin-syntax-typescript
5382 silly ADD node_modules/@babel/plugin-syntax-top-level-await
5383 silly ADD node_modules/@babel/plugin-syntax-optional-chaining
5384 silly ADD node_modules/@babel/plugin-syntax-optional-catch-binding
5385 silly ADD node_modules/@babel/plugin-syntax-object-rest-spread
5386 silly ADD node_modules/@babel/plugin-syntax-numeric-separator
5387 silly ADD node_modules/@babel/plugin-syntax-nullish-coalescing-operator
5388 silly ADD node_modules/@babel/plugin-syntax-logical-assignment-operators
5389 silly ADD node_modules/@babel/plugin-syntax-jsx
5390 silly ADD node_modules/@babel/plugin-syntax-json-strings
5391 silly ADD node_modules/@babel/plugin-syntax-import-meta
5392 silly ADD node_modules/@babel/plugin-syntax-class-properties
5393 silly ADD node_modules/@babel/plugin-syntax-bigint
5394 silly ADD node_modules/@babel/plugin-syntax-async-generators
5395 silly ADD node_modules/@babel/parser
5396 silly ADD node_modules/@babel/highlight
5397 silly ADD node_modules/@babel/highlight/node_modules/supports-color
5398 silly ADD node_modules/@babel/highlight/node_modules/has-flag
5399 silly ADD node_modules/@babel/highlight/node_modules/color-name
5400 silly ADD node_modules/@babel/highlight/node_modules/color-convert
5401 silly ADD node_modules/@babel/highlight/node_modules/chalk
5402 silly ADD node_modules/@babel/highlight/node_modules/ansi-styles
5403 silly ADD node_modules/@babel/helpers
5404 silly ADD node_modules/@babel/helper-validator-option
5405 silly ADD node_modules/@babel/helper-validator-identifier
5406 silly ADD node_modules/@babel/helper-string-parser
5407 silly ADD node_modules/@babel/helper-split-export-declaration
5408 silly ADD node_modules/@babel/helper-simple-access
5409 silly ADD node_modules/@babel/helper-plugin-utils
5410 silly ADD node_modules/@babel/helper-module-transforms
5411 silly ADD node_modules/@babel/helper-module-imports
5412 silly ADD node_modules/@babel/helper-hoist-variables
5413 silly ADD node_modules/@babel/helper-function-name
5414 silly ADD node_modules/@babel/helper-environment-visitor
5415 silly ADD node_modules/@babel/helper-compilation-targets
5416 silly ADD node_modules/@babel/helper-compilation-targets/node_modules/semver
5417 silly ADD node_modules/@babel/generator
5418 silly ADD node_modules/@babel/core
5419 silly ADD node_modules/@babel/core/node_modules/semver
5420 silly ADD node_modules/@babel/compat-data
5421 silly ADD node_modules/@babel/code-frame
5422 silly ADD node_modules/@ampproject/remapping
5423 silly ADD node_modules/@aashutoshrathi/word-wrap
5424 timing command:install Completed in 97508ms
5425 notice
5425 notice New [31mmajor[39m version of npm available! [31m10.5.0[39m -> [32m11.11.0[39m
5425 notice Changelog: [36mhttps://github.com/npm/cli/releases/tag/v11.11.0[39m
5425 notice Run [32mnpm install -g npm@11.11.0[39m to update!
5425 notice
5426 verbose exit 0
5427 timing npm Completed in 97681ms
5428 info ok
